"Kernel Name","kernel_cutlass_kernel_flash_attncuteflash_fwd_sm100_fp4FlashAttentionForwardSm100_object_at__tensor0000o11101213_tensor0000o11101213_tensor0000odiv1610111213_tensor0000o11101213_None_None_0",
"Address","Source","Warp Stall Sampling (All Samples)","Warp Stall Sampling (Not-issued Samples)","# Samples","Instructions Executed","Thread Instructions Executed","Predicated-On Thread Instructions Executed","Avg. Threads Executed","Avg. Predicated-On Threads Executed","Divergent Branches","Address Space","Access Operation","Access Size","L1 Conflicts Shared N-Way","L1 Wavefronts Shared Excessive","L1 Wavefronts Shared","L1 Wavefronts Shared Ideal","L2 Theoretical Sectors Local","stall_barrier","stall_branch_resolving","stall_dispatch","stall_drain","stall_lg","stall_long_sb","stall_math","stall_membar","stall_mio","stall_misc","stall_no_inst","stall_not_selected","stall_selected","stall_short_sb","stall_sleep","stall_tex","stall_wait","stall_barrier (Not Issued)","stall_branch_resolving (Not Issued)","stall_dispatch (Not Issued)","stall_drain (Not Issued)","stall_lg (Not Issued)","stall_long_sb (Not Issued)","stall_math (Not Issued)","stall_membar (Not Issued)","stall_mio (Not Issued)","stall_misc (Not Issued)","stall_no_inst (Not Issued)","stall_not_selected (Not Issued)","stall_selected (Not Issued)","stall_short_sb (Not Issued)","stall_sleeping (Not Issued)","stall_tex (Not Issued)","stall_wait (Not Issued)"
"0x7a6e0b9a1600","      LDC R1, c[0x0][0x37c]","1","1","1","2368","75776","75776","32","32","0","-","-","-","0","0","0","0","0","0","0","0","0","0","0","0","0","0","0","0","0","0","0","0","0","1","0","0","0","0","0","0","0","0","0","0","0","0","0","0","0","0","1"
"0x7a6e0b9a1610","      IADD3 R1, R1, -0x20, RZ","1","1","1","2368","75776","75776","32","32","0","-","-","-","0","0","0","0","0","0","0","0","0","0","0","0","0","0","0","0","0","0","1","0","0","0","0","0","0","0","0","0","0","0","0","0","0","0","0","1","0","0","0"
"0x7a6e0b9a1620","      S2R R14, SR_TID.X","0","0","0","2368","75776","75776","32","32","0","-","-","-","0","0","0","0","0","0","0","0","0","0","0","0","0","0","0","0","0","0","0","0","0","0","0","0","0","0","0","0","0","0","0","0","0","0","0","0","0","0","0"
"0x7a6e0b9a1630","      SHF.R.U32.HI R4, RZ, 0x5, R14","1","1","1","2368","75776","75776","32","32","0","-","-","-","0","0","0","0","0","0","0","0","0","0","0","0","0","0","0","0","0","0","1","0","0","0","0","0","0","0","0","0","0","0","0","0","0","0","0","1","0","0","0"
"0x7a6e0b9a1640","      R2UR UR4, R4","0","0","0","2368","75776","75776","32","32","0","-","-","-","0","0","0","0","0","0","0","0","0","0","0","0","0","0","0","0","0","0","0","0","0","0","0","0","0","0","0","0","0","0","0","0","0","0","0","0","0","0","0"
"0x7a6e0b9a1650","      UISETP.GT.AND UP0, UPT, UR4, 0x4, UPT","0","0","0","2368","75776","75776","32","32","0","-","-","-","0","0","0","0","0","0","0","0","0","0","0","0","0","0","0","0","0","0","0","0","0","0","0","0","0","0","0","0","0","0","0","0","0","0","0","0","0","0","0"
"0x7a6e0b9a1660","      BRA.U UP0, 0x7a6e0b9a1c80","0","0","0","2368","75776","75776","32","32","0","-","-","-","0","0","0","0","0","0","0","0","0","0","0","0","0","0","0","0","0","0","0","0","0","0","0","0","0","0","0","0","0","0","0","0","0","0","0","0","0","0","0"
"0x7a6e0b9a1670","      R2UR UR4, R4","0","0","0","740","23680","23680","32","32","0","-","-","-","0","0","0","0","0","0","0","0","0","0","0","0","0","0","0","0","0","0","0","0","0","0","0","0","0","0","0","0","0","0","0","0","0","0","0","0","0","0","0"
"0x7a6e0b9a1680","      UISETP.GT.AND UP0, UPT, UR4, 0x1, UPT","0","0","0","740","23680","23680","32","32","0","-","-","-","0","0","0","0","0","0","0","0","0","0","0","0","0","0","0","0","0","0","0","0","0","0","0","0","0","0","0","0","0","0","0","0","0","0","0","0","0","0","0"
"0x7a6e0b9a1690","      BRA.U UP0, 0x7a6e0b9a1a20","0","0","0","740","23680","23680","32","32","0","-","-","-","0","0","0","0","0","0","0","0","0","0","0","0","0","0","0","0","0","0","0","0","0","0","0","0","0","0","0","0","0","0","0","0","0","0","0","0","0","0","0"
"0x7a6e0b9a16a0","      R2UR UR4, R4","1","1","1","296","9472","9472","32","32","0","-","-","-","0","0","0","0","0","0","0","0","0","0","0","0","0","0","0","0","0","0","0","0","0","1","0","0","0","0","0","0","0","0","0","0","0","0","0","0","0","0","1"
"0x7a6e0b9a16b0","      UISETP.LT.U32.AND UP0, UPT, UR4, 0x2, UPT","0","0","0","296","9472","9472","32","32","0","-","-","-","0","0","0","0","0","0","0","0","0","0","0","0","0","0","0","0","0","0","0","0","0","0","0","0","0","0","0","0","0","0","0","0","0","0","0","0","0","0","0"
"0x7a6e0b9a16c0","      USEL UR4, UR4, 0x2, UP0","0","0","0","296","9472","9472","32","32","0","-","-","-","0","0","0","0","0","0","0","0","0","0","0","0","0","0","0","0","0","0","0","0","0","0","0","0","0","0","0","0","0","0","0","0","0","0","0","0","0","0","0"
"0x7a6e0b9a16d0","      USHF.L.U32 UR4, UR4, 0x2, URZ","0","0","0","296","9472","9472","32","32","0","-","-","-","0","0","0","0","0","0","0","0","0","0","0","0","0","0","0","0","0","0","0","0","0","0","0","0","0","0","0","0","0","0","0","0","0","0","0","0","0","0","0"
"0x7a6e0b9a16e0","      LDCU UR4, c[0x2][UR4]","1","1","1","296","9472","9472","32","32","0","-","-","-","0","0","0","0","0","0","0","0","0","0","0","0","0","0","0","0","0","0","0","0","0","1","0","0","0","0","0","0","0","0","0","0","0","0","0","0","0","0","1"
"0x7a6e0b9a16f0","      USHF.R.S32.HI UR5, URZ, 0x1f, UR4","11","11","11","296","9472","9472","32","32","0","-","-","-","0","0","0","0","0","0","0","0","0","0","0","0","0","0","0","0","0","0","11","0","0","0","0","0","0","0","0","0","0","0","0","0","0","0","0","11","0","0","0"
"0x7a6e0b9a1700","      BRXU UR4, -0x110","1","1","1","296","9472","9472","32","32","0","-","-","-","0","0","0","0","0","0","0","0","0","0","0","0","0","0","0","0","0","0","0","0","0","1","0","0","0","0","0","0","0","0","0","0","0","0","0","0","0","0","1"
"0x7a6e0b9a1710","      S2UR UR4, SR_CgaCtaId","0","0","0","148","4736","4736","32","32","0","-","-","-","0","0","0","0","0","0","0","0","0","0","0","0","0","0","0","0","0","0","0","0","0","0","0","0","0","0","0","0","0","0","0","0","0","0","0","0","0","0","0"
"0x7a6e0b9a1720","      UMOV UR5, 0x400","0","0","0","148","4736","4736","32","32","0","-","-","-","0","0","0","0","0","0","0","0","0","0","0","0","0","0","0","0","0","0","0","0","0","0","0","0","0","0","0","0","0","0","0","0","0","0","0","0","0","0","0"
"0x7a6e0b9a1730","      UMOV UR6, 0x1","0","0","0","148","4736","4736","32","32","0","-","-","-","0","0","0","0","0","0","0","0","0","0","0","0","0","0","0","0","0","0","0","0","0","0","0","0","0","0","0","0","0","0","0","0","0","0","0","0","0","0","0"
"0x7a6e0b9a1740","      UIADD3 UR6, -UR6, 0x100000, URZ","0","0","0","148","4736","4736","32","32","0","-","-","-","0","0","0","0","0","0","0","0","0","0","0","0","0","0","0","0","0","0","0","0","0","0","0","0","0","0","0","0","0","0","0","0","0","0","0","0","0","0","0"
"0x7a6e0b9a1750","      USHF.L.U32 UR7, UR6, 0xb, URZ","0","0","0","148","4736","4736","32","32","0","-","-","-","0","0","0","0","0","0","0","0","0","0","0","0","0","0","0","0","0","0","0","0","0","0","0","0","0","0","0","0","0","0","0","0","0","0","0","0","0","0","0"
"0x7a6e0b9a1760","      USHF.L.U32 UR6, UR6, 0x1, URZ","0","0","0","148","4736","4736","32","32","0","-","-","-","0","0","0","0","0","0","0","0","0","0","0","0","0","0","0","0","0","0","0","0","0","0","0","0","0","0","0","0","0","0","0","0","0","0","0","0","0","0","0"
"0x7a6e0b9a1770","      ULEA UR4, UR4, UR5, 0x18","1","1","1","148","4736","4736","32","32","0","-","-","-","0","0","0","0","0","0","0","0","0","0","0","0","0","0","0","0","0","0","1","0","0","0","0","0","0","0","0","0","0","0","0","0","0","0","0","1","0","0","0"
"0x7a6e0b9a1780","      FENCE.VIEW.ASYNC.S","0","0","0","148","4736","4736","32","32","0","-","-","-","0","0","0","0","0","0","0","0","0","0","0","0","0","0","0","0","0","0","0","0","0","0","0","0","0","0","0","0","0","0","0","0","0","0","0","0","0","0","0"
"0x7a6e0b9a1790","      SYNCS.EXCH.64 URZ, [UR4], UR6","1","0","1","148","4736","4736","32","32","0","-","-","-","0","0","0","0","0","0","0","0","0","0","0","0","0","0","0","0","0","0","0","0","0","1","0","0","0","0","0","0","0","0","0","0","0","0","0","0","0","0","0"
"0x7a6e0b9a17a0","      SYNCS.EXCH.64 URZ, [UR4+0x10], UR6","0","0","0","148","4736","4736","32","32","0","-","-","-","0","0","0","0","0","0","0","0","0","0","0","0","0","0","0","0","0","0","0","0","0","0","0","0","0","0","0","0","0","0","0","0","0","0","0","0","0","0","0"
"0x7a6e0b9a17b0","      SYNCS.EXCH.64 URZ, [UR4+0x8], UR6","0","0","0","148","4736","4736","32","32","0","-","-","-","0","0","0","0","0","0","0","0","0","0","0","0","0","0","0","0","0","0","0","0","0","0","0","0","0","0","0","0","0","0","0","0","0","0","0","0","0","0","0"
"0x7a6e0b9a17c0","      SYNCS.EXCH.64 URZ, [UR4+0x18], UR6","0","0","0","148","4736","4736","32","32","0","-","-","-","0","0","0","0","0","0","0","0","0","0","0","0","0","0","0","0","0","0","0","0","0","0","0","0","0","0","0","0","0","0","0","0","0","0","0","0","0","0","0"
"0x7a6e0b9a17d0","      BRA 0x7a6e0b9a20e0","0","0","0","148","4736","4736","32","32","0","-","-","-","0","0","0","0","0","0","0","0","0","0","0","0","0","0","0","0","0","0","0","0","0","0","0","0","0","0","0","0","0","0","0","0","0","0","0","0","0","0","0"
"0x7a6e0b9a17e0","      LDCU.64 UR4, c[0x0][0x348]","0","0","0","148","4736","4736","32","32","0","-","-","-","0","0","0","0","0","0","0","0","0","0","0","0","0","0","0","0","0","0","0","0","0","0","0","0","0","0","0","0","0","0","0","0","0","0","0","0","0","0","0"
"0x7a6e0b9a17f0","      S2UR UR6, SR_CgaCtaId","0","0","0","148","4736","4736","32","32","0","-","-","-","0","0","0","0","0","0","0","0","0","0","0","0","0","0","0","0","0","0","0","0","0","0","0","0","0","0","0","0","0","0","0","0","0","0","0","0","0","0","0"
"0x7a6e0b9a1800","      UMOV UR7, 0x400","0","0","0","148","4736","4736","32","32","0","-","-","-","0","0","0","0","0","0","0","0","0","0","0","0","0","0","0","0","0","0","0","0","0","0","0","0","0","0","0","0","0","0","0","0","0","0","0","0","0","0","0"
"0x7a6e0b9a1810","      UMOV UR9, 0x1","0","0","0","148","4736","4736","32","32","0","-","-","-","0","0","0","0","0","0","0","0","0","0","0","0","0","0","0","0","0","0","0","0","0","0","0","0","0","0","0","0","0","0","0","0","0","0","0","0","0","0","0"
"0x7a6e0b9a1820","      UIADD3 UR18, UP5, UR4, 0x40, URZ","0","0","0","148","4736","4736","32","32","0","-","-","-","0","0","0","0","0","0","0","0","0","0","0","0","0","0","0","0","0","0","0","0","0","0","0","0","0","0","0","0","0","0","0","0","0","0","0","0","0","0","0"
"0x7a6e0b9a1830","      UIADD3 UR16, UP4, UR4, 0xc0, URZ","0","0","0","148","4736","4736","32","32","0","-","-","-","0","0","0","0","0","0","0","0","0","0","0","0","0","0","0","0","0","0","0","0","0","0","0","0","0","0","0","0","0","0","0","0","0","0","0","0","0","0","0"
"0x7a6e0b9a1840","      UIADD3 UR14, UP3, UR4, 0x140, URZ","0","0","0","148","4736","4736","32","32","0","-","-","-","0","0","0","0","0","0","0","0","0","0","0","0","0","0","0","0","0","0","0","0","0","0","0","0","0","0","0","0","0","0","0","0","0","0","0","0","0","0","0"
"0x7a6e0b9a1850","      UIADD3 UR12, UP2, UR4, 0x1c0, URZ","0","0","0","148","4736","4736","32","32","0","-","-","-","0","0","0","0","0","0","0","0","0","0","0","0","0","0","0","0","0","0","0","0","0","0","0","0","0","0","0","0","0","0","0","0","0","0","0","0","0","0","0"
"0x7a6e0b9a1860","      UIADD3 UR10, UP1, UR4, 0x280, URZ","0","0","0","148","4736","4736","32","32","0","-","-","-","0","0","0","0","0","0","0","0","0","0","0","0","0","0","0","0","0","0","0","0","0","0","0","0","0","0","0","0","0","0","0","0","0","0","0","0","0","0","0"
"0x7a6e0b9a1870","      UIADD3.X UR19, URZ, UR5, URZ, UP5, !UPT","0","0","0","148","4736","4736","32","32","0","-","-","-","0","0","0","0","0","0","0","0","0","0","0","0","0","0","0","0","0","0","0","0","0","0","0","0","0","0","0","0","0","0","0","0","0","0","0","0","0","0","0"
"0x7a6e0b9a1880","      UIADD3 UR8, UP0, UR4, 0x340, URZ","1","1","1","148","4736","4736","32","32","0","-","-","-","0","0","0","0","0","0","0","0","0","0","0","0","0","0","0","0","0","0","0","0","0","1","0","0","0","0","0","0","0","0","0","0","0","0","0","0","0","0","1"
"0x7a6e0b9a1890","      UIADD3.X UR17, URZ, UR5, URZ, UP4, !UPT","0","0","0","148","4736","4736","32","32","0","-","-","-","0","0","0","0","0","0","0","0","0","0","0","0","0","0","0","0","0","0","0","0","0","0","0","0","0","0","0","0","0","0","0","0","0","0","0","0","0","0","0"
"0x7a6e0b9a18a0","      ULEA UR4, UR6, UR7, 0x18","0","0","0","148","4736","4736","32","32","0","-","-","-","0","0","0","0","0","0","0","0","0","0","0","0","0","0","0","0","0","0","0","0","0","0","0","0","0","0","0","0","0","0","0","0","0","0","0","0","0","0","0"
"0x7a6e0b9a18b0","      UIADD3 UR6, -UR9, 0x100000, URZ","0","0","0","148","4736","4736","32","32","0","-","-","-","0","0","0","0","0","0","0","0","0","0","0","0","0","0","0","0","0","0","0","0","0","0","0","0","0","0","0","0","0","0","0","0","0","0","0","0","0","0","0"
"0x7a6e0b9a18c0","      USHF.L.U32 UR7, UR6, 0xb, URZ","1","0","1","148","4736","4736","32","32","0","-","-","-","0","0","0","0","0","0","0","0","0","0","0","0","0","0","0","0","0","0","0","0","0","1","0","0","0","0","0","0","0","0","0","0","0","0","0","0","0","0","0"
"0x7a6e0b9a18d0","      USHF.L.U32 UR6, UR6, 0x1, URZ","0","0","0","148","4736","4736","32","32","0","-","-","-","0","0","0","0","0","0","0","0","0","0","0","0","0","0","0","0","0","0","0","0","0","0","0","0","0","0","0","0","0","0","0","0","0","0","0","0","0","0","0"
"0x7a6e0b9a18e0","      UIADD3.X UR15, URZ, UR5, URZ, UP3, !UPT","0","0","0","148","4736","4736","32","32","0","-","-","-","0","0","0","0","0","0","0","0","0","0","0","0","0","0","0","0","0","0","0","0","0","0","0","0","0","0","0","0","0","0","0","0","0","0","0","0","0","0","0"
"0x7a6e0b9a18f0","      UTMACCTL.PF [UR18]","0","0","0","148","4736","4736","32","32","0","-","-","-","0","0","0","0","0","0","0","0","0","0","0","0","0","0","0","0","0","0","0","0","0","0","0","0","0","0","0","0","0","0","0","0","0","0","0","0","0","0","0"
"0x7a6e0b9a1900","      UIADD3.X UR13, URZ, UR5, URZ, UP2, !UPT","0","0","0","148","4736","4736","32","32","0","-","-","-","0","0","0","0","0","0","0","0","0","0","0","0","0","0","0","0","0","0","0","0","0","0","0","0","0","0","0","0","0","0","0","0","0","0","0","0","0","0","0"
"0x7a6e0b9a1910","      UTMACCTL.PF [UR16]","0","0","0","148","4736","4736","32","32","0","-","-","-","0","0","0","0","0","0","0","0","0","0","0","0","0","0","0","0","0","0","0","0","0","0","0","0","0","0","0","0","0","0","0","0","0","0","0","0","0","0","0"
"0x7a6e0b9a1920","      UIADD3.X UR11, URZ, UR5, URZ, UP1, !UPT","0","0","0","148","4736","4736","32","32","0","-","-","-","0","0","0","0","0","0","0","0","0","0","0","0","0","0","0","0","0","0","0","0","0","0","0","0","0","0","0","0","0","0","0","0","0","0","0","0","0","0","0"
"0x7a6e0b9a1930","      UTMACCTL.PF [UR14]","0","0","0","148","4736","4736","32","32","0","-","-","-","0","0","0","0","0","0","0","0","0","0","0","0","0","0","0","0","0","0","0","0","0","0","0","0","0","0","0","0","0","0","0","0","0","0","0","0","0","0","0"
"0x7a6e0b9a1940","      UIADD3.X UR9, URZ, UR5, URZ, UP0, !UPT","0","0","0","148","4736","4736","32","32","0","-","-","-","0","0","0","0","0","0","0","0","0","0","0","0","0","0","0","0","0","0","0","0","0","0","0","0","0","0","0","0","0","0","0","0","0","0","0","0","0","0","0"
"0x7a6e0b9a1950","      UTMACCTL.PF [UR12]","0","0","0","148","4736","4736","32","32","0","-","-","-","0","0","0","0","0","0","0","0","0","0","0","0","0","0","0","0","0","0","0","0","0","0","0","0","0","0","0","0","0","0","0","0","0","0","0","0","0","0","0"
"0x7a6e0b9a1960","      UTMACCTL.PF [UR10]","0","0","0","148","4736","4736","32","32","0","-","-","-","0","0","0","0","0","0","0","0","0","0","0","0","0","0","0","0","0","0","0","0","0","0","0","0","0","0","0","0","0","0","0","0","0","0","0","0","0","0","0"
"0x7a6e0b9a1970","      UTMACCTL.PF [UR8]","0","0","0","148","4736","4736","32","32","0","-","-","-","0","0","0","0","0","0","0","0","0","0","0","0","0","0","0","0","0","0","0","0","0","0","0","0","0","0","0","0","0","0","0","0","0","0","0","0","0","0","0"
"0x7a6e0b9a1980","      FENCE.VIEW.ASYNC.S","0","0","0","148","4736","4736","32","32","0","-","-","-","0","0","0","0","0","0","0","0","0","0","0","0","0","0","0","0","0","0","0","0","0","0","0","0","0","0","0","0","0","0","0","0","0","0","0","0","0","0","0"
"0x7a6e0b9a1990","      SYNCS.EXCH.64 URZ, [UR4+0x20], UR6","0","0","0","148","4736","4736","32","32","0","-","-","-","0","0","0","0","0","0","0","0","0","0","0","0","0","0","0","0","0","0","0","0","0","0","0","0","0","0","0","0","0","0","0","0","0","0","0","0","0","0","0"
"0x7a6e0b9a19a0","      SYNCS.EXCH.64 URZ, [UR4+0x28], UR6","0","0","0","148","4736","4736","32","32","0","-","-","-","0","0","0","0","0","0","0","0","0","0","0","0","0","0","0","0","0","0","0","0","0","0","0","0","0","0","0","0","0","0","0","0","0","0","0","0","0","0","0"
"0x7a6e0b9a19b0","      SYNCS.EXCH.64 URZ, [UR4+0x30], UR6","0","0","0","148","4736","4736","32","32","0","-","-","-","0","0","0","0","0","0","0","0","0","0","0","0","0","0","0","0","0","0","0","0","0","0","0","0","0","0","0","0","0","0","0","0","0","0","0","0","0","0","0"
"0x7a6e0b9a19c0","      SYNCS.EXCH.64 URZ, [UR4+0x38], UR6","0","0","0","148","4736","4736","32","32","0","-","-","-","0","0","0","0","0","0","0","0","0","0","0","0","0","0","0","0","0","0","0","0","0","0","0","0","0","0","0","0","0","0","0","0","0","0","0","0","0","0","0"
"0x7a6e0b9a19d0","      SYNCS.EXCH.64 URZ, [UR4+0x40], UR6","0","0","0","148","4736","4736","32","32","0","-","-","-","0","0","0","0","0","0","0","0","0","0","0","0","0","0","0","0","0","0","0","0","0","0","0","0","0","0","0","0","0","0","0","0","0","0","0","0","0","0","0"
"0x7a6e0b9a19e0","      SYNCS.EXCH.64 URZ, [UR4+0x48], UR6","1","1","1","148","4736","4736","32","32","0","-","-","-","0","0","0","0","0","0","0","0","0","0","0","0","0","1","0","0","0","0","0","0","0","0","0","0","0","0","0","0","0","0","1","0","0","0","0","0","0","0","0"
"0x7a6e0b9a19f0","      SYNCS.EXCH.64 URZ, [UR4+0x50], UR6","0","0","0","148","4736","4736","32","32","0","-","-","-","0","0","0","0","0","0","0","0","0","0","0","0","0","0","0","0","0","0","0","0","0","0","0","0","0","0","0","0","0","0","0","0","0","0","0","0","0","0","0"
"0x7a6e0b9a1a00","      SYNCS.EXCH.64 URZ, [UR4+0x58], UR6","0","0","0","148","4736","4736","32","32","0","-","-","-","0","0","0","0","0","0","0","0","0","0","0","0","0","0","0","0","0","0","0","0","0","0","0","0","0","0","0","0","0","0","0","0","0","0","0","0","0","0","0"
"0x7a6e0b9a1a10","      BRA 0x7a6e0b9a20e0","0","0","0","148","4736","4736","32","32","0","-","-","-","0","0","0","0","0","0","0","0","0","0","0","0","0","0","0","0","0","0","0","0","0","0","0","0","0","0","0","0","0","0","0","0","0","0","0","0","0","0","0"
"0x7a6e0b9a1a20","      R2UR UR4, R4","3","3","3","444","14208","14208","32","32","0","-","-","-","0","0","0","0","0","0","0","0","0","0","0","0","0","0","0","3","0","0","0","0","0","0","0","0","0","0","0","0","0","0","0","0","3","0","0","0","0","0","0"
"0x7a6e0b9a1a30","      IMAD.MOV.U32 R2, RZ, RZ, -0x2","0","0","0","444","14208","14208","32","32","0","-","-","-","0","0","0","0","0","0","0","0","0","0","0","0","0","0","0","0","0","0","0","0","0","0","0","0","0","0","0","0","0","0","0","0","0","0","0","0","0","0","0"
"0x7a6e0b9a1a40","      IMAD.U32 R0, RZ, RZ, UR4","0","0","0","444","14208","14208","32","32","0","-","-","-","0","0","0","0","0","0","0","0","0","0","0","0","0","0","0","0","0","0","0","0","0","0","0","0","0","0","0","0","0","0","0","0","0","0","0","0","0","0","0"
"0x7a6e0b9a1a50","      VIADDMNMX.U32 R0, R2, R0, 0x3, PT","0","0","0","444","14208","14208","32","32","0","-","-","-","0","0","0","0","0","0","0","0","0","0","0","0","0","0","0","0","0","0","0","0","0","0","0","0","0","0","0","0","0","0","0","0","0","0","0","0","0","0","0"
"0x7a6e0b9a1a60","      IMAD.SHL.U32 R2, R0, 0x4, RZ","0","0","0","444","14208","14208","32","32","0","-","-","-","0","0","0","0","0","0","0","0","0","0","0","0","0","0","0","0","0","0","0","0","0","0","0","0","0","0","0","0","0","0","0","0","0","0","0","0","0","0","0"
"0x7a6e0b9a1a70","      LDC R2, c[0x2][R2+0xc]","0","0","0","444","14208","14208","32","32","0","-","-","-","0","0","0","0","0","0","0","0","0","0","0","0","0","0","0","0","0","0","0","0","0","0","0","0","0","0","0","0","0","0","0","0","0","0","0","0","0","0","0"
"0x7a6e0b9a1a80","      SHF.R.S32.HI R3, RZ, 0x1f, R2","8","8","8","444","14208","14208","32","32","0","-","-","-","0","0","0","0","0","0","0","0","0","0","0","0","0","0","0","0","0","0","8","0","0","0","0","0","0","0","0","0","0","0","0","0","0","0","0","8","0","0","0"
"0x7a6e0b9a1a90","      BRX R2, -0x4a0","0","0","0","444","14208","14208","32","32","0","-","-","-","0","0","0","0","0","0","0","0","0","0","0","0","0","0","0","0","0","0","0","0","0","0","0","0","0","0","0","0","0","0","0","0","0","0","0","0","0","0","0"
"0x7a6e0b9a1aa0","      S2UR UR4, SR_CgaCtaId","1","1","1","148","4736","4736","32","32","0","-","-","-","0","0","0","0","0","0","1","0","0","0","0","0","0","0","0","0","0","0","0","0","0","0","0","1","0","0","0","0","0","0","0","0","0","0","0","0","0","0","0"
"0x7a6e0b9a1ab0","      UMOV UR5, 0x400","0","0","0","148","4736","4736","32","32","0","-","-","-","0","0","0","0","0","0","0","0","0","0","0","0","0","0","0","0","0","0","0","0","0","0","0","0","0","0","0","0","0","0","0","0","0","0","0","0","0","0","0"
"0x7a6e0b9a1ac0","      UMOV UR8, 0x80","0","0","0","148","4736","4736","32","32","0","-","-","-","0","0","0","0","0","0","0","0","0","0","0","0","0","0","0","0","0","0","0","0","0","0","0","0","0","0","0","0","0","0","0","0","0","0","0","0","0","0","0"
"0x7a6e0b9a1ad0","      UMOV UR6, 0x20","0","0","0","148","4736","4736","32","32","0","-","-","-","0","0","0","0","0","0","0","0","0","0","0","0","0","0","0","0","0","0","0","0","0","0","0","0","0","0","0","0","0","0","0","0","0","0","0","0","0","0","0"
"0x7a6e0b9a1ae0","      UIADD3 UR8, -UR8, 0x100000, URZ","0","0","0","148","4736","4736","32","32","0","-","-","-","0","0","0","0","0","0","0","0","0","0","0","0","0","0","0","0","0","0","0","0","0","0","0","0","0","0","0","0","0","0","0","0","0","0","0","0","0","0","0"
"0x7a6e0b9a1af0","      USHF.L.U32 UR9, UR8, 0xb, URZ","0","0","0","148","4736","4736","32","32","0","-","-","-","0","0","0","0","0","0","0","0","0","0","0","0","0","0","0","0","0","0","0","0","0","0","0","0","0","0","0","0","0","0","0","0","0","0","0","0","0","0","0"
"0x7a6e0b9a1b00","      USHF.L.U32 UR8, UR8, 0x1, URZ","0","0","0","148","4736","4736","32","32","0","-","-","-","0","0","0","0","0","0","0","0","0","0","0","0","0","0","0","0","0","0","0","0","0","0","0","0","0","0","0","0","0","0","0","0","0","0","0","0","0","0","0"
"0x7a6e0b9a1b10","      UIADD3 UR6, -UR6, 0x100000, URZ","0","0","0","148","4736","4736","32","32","0","-","-","-","0","0","0","0","0","0","0","0","0","0","0","0","0","0","0","0","0","0","0","0","0","0","0","0","0","0","0","0","0","0","0","0","0","0","0","0","0","0","0"
"0x7a6e0b9a1b20","      USHF.L.U32 UR7, UR6, 0xb, URZ","0","0","0","148","4736","4736","32","32","0","-","-","-","0","0","0","0","0","0","0","0","0","0","0","0","0","0","0","0","0","0","0","0","0","0","0","0","0","0","0","0","0","0","0","0","0","0","0","0","0","0","0"
"0x7a6e0b9a1b30","      USHF.L.U32 UR6, UR6, 0x1, URZ","0","0","0","148","4736","4736","32","32","0","-","-","-","0","0","0","0","0","0","0","0","0","0","0","0","0","0","0","0","0","0","0","0","0","0","0","0","0","0","0","0","0","0","0","0","0","0","0","0","0","0","0"
"0x7a6e0b9a1b40","      ULEA UR4, UR4, UR5, 0x18","0","0","0","148","4736","4736","32","32","0","-","-","-","0","0","0","0","0","0","0","0","0","0","0","0","0","0","0","0","0","0","0","0","0","0","0","0","0","0","0","0","0","0","0","0","0","0","0","0","0","0","0"
"0x7a6e0b9a1b50","      FENCE.VIEW.ASYNC.S","0","0","0","148","4736","4736","32","32","0","-","-","-","0","0","0","0","0","0","0","0","0","0","0","0","0","0","0","0","0","0","0","0","0","0","0","0","0","0","0","0","0","0","0","0","0","0","0","0","0","0","0"
"0x7a6e0b9a1b60","      SYNCS.EXCH.64 URZ, [UR4+0xb0], UR8","0","0","0","148","4736","4736","32","32","0","-","-","-","0","0","0","0","0","0","0","0","0","0","0","0","0","0","0","0","0","0","0","0","0","0","0","0","0","0","0","0","0","0","0","0","0","0","0","0","0","0","0"
"0x7a6e0b9a1b70","      SYNCS.EXCH.64 URZ, [UR4+0xc0], UR6","0","0","0","148","4736","4736","32","32","0","-","-","-","0","0","0","0","0","0","0","0","0","0","0","0","0","0","0","0","0","0","0","0","0","0","0","0","0","0","0","0","0","0","0","0","0","0","0","0","0","0","0"
"0x7a6e0b9a1b80","      SYNCS.EXCH.64 URZ, [UR4+0xb8], UR8","0","0","0","148","4736","4736","32","32","0","-","-","-","0","0","0","0","0","0","0","0","0","0","0","0","0","0","0","0","0","0","0","0","0","0","0","0","0","0","0","0","0","0","0","0","0","0","0","0","0","0","0"
"0x7a6e0b9a1b90","      SYNCS.EXCH.64 URZ, [UR4+0xc8], UR6","0","0","0","148","4736","4736","32","32","0","-","-","-","0","0","0","0","0","0","0","0","0","0","0","0","0","0","0","0","0","0","0","0","0","0","0","0","0","0","0","0","0","0","0","0","0","0","0","0","0","0","0"
"0x7a6e0b9a1ba0","      BRA 0x7a6e0b9a20e0","0","0","0","148","4736","4736","32","32","0","-","-","-","0","0","0","0","0","0","0","0","0","0","0","0","0","0","0","0","0","0","0","0","0","0","0","0","0","0","0","0","0","0","0","0","0","0","0","0","0","0","0"
"0x7a6e0b9a1bb0","      S2UR UR4, SR_CgaCtaId","0","0","0","148","4736","4736","32","32","0","-","-","-","0","0","0","0","0","0","0","0","0","0","0","0","0","0","0","0","0","0","0","0","0","0","0","0","0","0","0","0","0","0","0","0","0","0","0","0","0","0","0"
"0x7a6e0b9a1bc0","      UMOV UR5, 0x400","0","0","0","148","4736","4736","32","32","0","-","-","-","0","0","0","0","0","0","0","0","0","0","0","0","0","0","0","0","0","0","0","0","0","0","0","0","0","0","0","0","0","0","0","0","0","0","0","0","0","0","0"
"0x7a6e0b9a1bd0","      UMOV UR6, 0x80","0","0","0","148","4736","4736","32","32","0","-","-","-","0","0","0","0","0","0","0","0","0","0","0","0","0","0","0","0","0","0","0","0","0","0","0","0","0","0","0","0","0","0","0","0","0","0","0","0","0","0","0"
"0x7a6e0b9a1be0","      UIADD3 UR6, -UR6, 0x100000, URZ","0","0","0","148","4736","4736","32","32","0","-","-","-","0","0","0","0","0","0","0","0","0","0","0","0","0","0","0","0","0","0","0","0","0","0","0","0","0","0","0","0","0","0","0","0","0","0","0","0","0","0","0"
"0x7a6e0b9a1bf0","      USHF.L.U32 UR7, UR6, 0xb, URZ","0","0","0","148","4736","4736","32","32","0","-","-","-","0","0","0","0","0","0","0","0","0","0","0","0","0","0","0","0","0","0","0","0","0","0","0","0","0","0","0","0","0","0","0","0","0","0","0","0","0","0","0"
"0x7a6e0b9a1c00","      USHF.L.U32 UR6, UR6, 0x1, URZ","0","0","0","148","4736","4736","32","32","0","-","-","-","0","0","0","0","0","0","0","0","0","0","0","0","0","0","0","0","0","0","0","0","0","0","0","0","0","0","0","0","0","0","0","0","0","0","0","0","0","0","0"
"0x7a6e0b9a1c10","      ULEA UR4, UR4, UR5, 0x18","0","0","0","148","4736","4736","32","32","0","-","-","-","0","0","0","0","0","0","0","0","0","0","0","0","0","0","0","0","0","0","0","0","0","0","0","0","0","0","0","0","0","0","0","0","0","0","0","0","0","0","0"
"0x7a6e0b9a1c20","      FENCE.VIEW.ASYNC.S","0","0","0","148","4736","4736","32","32","0","-","-","-","0","0","0","0","0","0","0","0","0","0","0","0","0","0","0","0","0","0","0","0","0","0","0","0","0","0","0","0","0","0","0","0","0","0","0","0","0","0","0"
"0x7a6e0b9a1c30","      SYNCS.EXCH.64 URZ, [UR4+0xa0], UR6","0","0","0","148","4736","4736","32","32","0","-","-","-","0","0","0","0","0","0","0","0","0","0","0","0","0","0","0","0","0","0","0","0","0","0","0","0","0","0","0","0","0","0","0","0","0","0","0","0","0","0","0"
"0x7a6e0b9a1c40","      SYNCS.EXCH.64 URZ, [UR4+0x90], UR6","0","0","0","148","4736","4736","32","32","0","-","-","-","0","0","0","0","0","0","0","0","0","0","0","0","0","0","0","0","0","0","0","0","0","0","0","0","0","0","0","0","0","0","0","0","0","0","0","0","0","0","0"
"0x7a6e0b9a1c50","      SYNCS.EXCH.64 URZ, [UR4+0xa8], UR6","0","0","0","148","4736","4736","32","32","0","-","-","-","0","0","0","0","0","0","0","0","0","0","0","0","0","0","0","0","0","0","0","0","0","0","0","0","0","0","0","0","0","0","0","0","0","0","0","0","0","0","0"
"0x7a6e0b9a1c60","      SYNCS.EXCH.64 URZ, [UR4+0x98], UR6","1","1","1","148","4736","4736","32","32","0","-","-","-","0","0","0","0","0","0","0","0","0","0","0","0","0","1","0","0","0","0","0","0","0","0","0","0","0","0","0","0","0","0","1","0","0","0","0","0","0","0","0"
"0x7a6e0b9a1c70","      BRA 0x7a6e0b9a20e0","0","0","0","148","4736","4736","32","32","0","-","-","-","0","0","0","0","0","0","0","0","0","0","0","0","0","0","0","0","0","0","0","0","0","0","0","0","0","0","0","0","0","0","0","0","0","0","0","0","0","0","0"
"0x7a6e0b9a1c80","      R2UR UR4, R4","0","0","0","1628","52096","52096","32","32","0","-","-","-","0","0","0","0","0","0","0","0","0","0","0","0","0","0","0","0","0","0","0","0","0","0","0","0","0","0","0","0","0","0","0","0","0","0","0","0","0","0","0"
"0x7a6e0b9a1c90","      UISETP.GT.AND UP0, UPT, UR4, 0x6, UPT","0","0","0","1628","52096","52096","32","32","0","-","-","-","0","0","0","0","0","0","0","0","0","0","0","0","0","0","0","0","0","0","0","0","0","0","0","0","0","0","0","0","0","0","0","0","0","0","0","0","0","0","0"
"0x7a6e0b9a1ca0","      BRA.U UP0, 0x7a6e0b9a1f10","0","0","0","1628","52096","52096","32","32","0","-","-","-","0","0","0","0","0","0","0","0","0","0","0","0","0","0","0","0","0","0","0","0","0","0","0","0","0","0","0","0","0","0","0","0","0","0","0","0","0","0","0"
"0x7a6e0b9a1cb0","      R2UR UR4, R4","0","0","0","296","9472","9472","32","32","0","-","-","-","0","0","0","0","0","0","0","0","0","0","0","0","0","0","0","0","0","0","0","0","0","0","0","0","0","0","0","0","0","0","0","0","0","0","0","0","0","0","0"
"0x7a6e0b9a1cc0","      IMAD.MOV.U32 R2, RZ, RZ, -0x5","0","0","0","296","9472","9472","32","32","0","-","-","-","0","0","0","0","0","0","0","0","0","0","0","0","0","0","0","0","0","0","0","0","0","0","0","0","0","0","0","0","0","0","0","0","0","0","0","0","0","0","0"
"0x7a6e0b9a1cd0","      IMAD.U32 R0, RZ, RZ, UR4","0","0","0","296","9472","9472","32","32","0","-","-","-","0","0","0","0","0","0","0","0","0","0","0","0","0","0","0","0","0","0","0","0","0","0","0","0","0","0","0","0","0","0","0","0","0","0","0","0","0","0","0"
"0x7a6e0b9a1ce0","      VIADDMNMX.U32 R0, R2, R0, 0x2, PT","0","0","0","296","9472","9472","32","32","0","-","-","-","0","0","0","0","0","0","0","0","0","0","0","0","0","0","0","0","0","0","0","0","0","0","0","0","0","0","0","0","0","0","0","0","0","0","0","0","0","0","0"
"0x7a6e0b9a1cf0","      IMAD.SHL.U32 R2, R0, 0x4, RZ","0","0","0","296","9472","9472","32","32","0","-","-","-","0","0","0","0","0","0","0","0","0","0","0","0","0","0","0","0","0","0","0","0","0","0","0","0","0","0","0","0","0","0","0","0","0","0","0","0","0","0","0"
"0x7a6e0b9a1d00","      LDC R2, c[0x2][R2+0x1c]","0","0","0","296","9472","9472","32","32","0","-","-","-","0","0","0","0","0","0","0","0","0","0","0","0","0","0","0","0","0","0","0","0","0","0","0","0","0","0","0","0","0","0","0","0","0","0","0","0","0","0","0"
"0x7a6e0b9a1d10","      SHF.R.S32.HI R3, RZ, 0x1f, R2","0","0","0","296","9472","9472","32","32","0","-","-","-","0","0","0","0","0","0","0","0","0","0","0","0","0","0","0","0","0","0","0","0","0","0","0","0","0","0","0","0","0","0","0","0","0","0","0","0","0","0","0"
"0x7a6e0b9a1d20","      BRX R2, -0x730","0","0","0","296","9472","9472","32","32","0","-","-","-","0","0","0","0","0","0","0","0","0","0","0","0","0","0","0","0","0","0","0","0","0","0","0","0","0","0","0","0","0","0","0","0","0","0","0","0","0","0","0"
"0x7a6e0b9a1d30","      S2UR UR4, SR_CgaCtaId","0","0","0","148","4736","4736","32","32","0","-","-","-","0","0","0","0","0","0","0","0","0","0","0","0","0","0","0","0","0","0","0","0","0","0","0","0","0","0","0","0","0","0","0","0","0","0","0","0","0","0","0"
"0x7a6e0b9a1d40","      UMOV UR6, 0x400","0","0","0","148","4736","4736","32","32","0","-","-","-","0","0","0","0","0","0","0","0","0","0","0","0","0","0","0","0","0","0","0","0","0","0","0","0","0","0","0","0","0","0","0","0","0","0","0","0","0","0","0"
"0x7a6e0b9a1d50","      UMOV UR5, 0x80","0","0","0","148","4736","4736","32","32","0","-","-","-","0","0","0","0","0","0","0","0","0","0","0","0","0","0","0","0","0","0","0","0","0","0","0","0","0","0","0","0","0","0","0","0","0","0","0","0","0","0","0"
"0x7a6e0b9a1d60","      ULEA UR6, UR4, UR6, 0x18","0","0","0","148","4736","4736","32","32","0","-","-","-","0","0","0","0","0","0","0","0","0","0","0","0","0","0","0","0","0","0","0","0","0","0","0","0","0","0","0","0","0","0","0","0","0","0","0","0","0","0","0"
"0x7a6e0b9a1d70","      UIADD3 UR4, -UR5, 0x100000, URZ","0","0","0","148","4736","4736","32","32","0","-","-","-","0","0","0","0","0","0","0","0","0","0","0","0","0","0","0","0","0","0","0","0","0","0","0","0","0","0","0","0","0","0","0","0","0","0","0","0","0","0","0"
"0x7a6e0b9a1d80","      USHF.L.U32 UR5, UR4, 0xb, URZ","0","0","0","148","4736","4736","32","32","0","-","-","-","0","0","0","0","0","0","0","0","0","0","0","0","0","0","0","0","0","0","0","0","0","0","0","0","0","0","0","0","0","0","0","0","0","0","0","0","0","0","0"
"0x7a6e0b9a1d90","      USHF.L.U32 UR4, UR4, 0x1, URZ","0","0","0","148","4736","4736","32","32","0","-","-","-","0","0","0","0","0","0","0","0","0","0","0","0","0","0","0","0","0","0","0","0","0","0","0","0","0","0","0","0","0","0","0","0","0","0","0","0","0","0","0"
"0x7a6e0b9a1da0","      FENCE.VIEW.ASYNC.S","0","0","0","148","4736","4736","32","32","0","-","-","-","0","0","0","0","0","0","0","0","0","0","0","0","0","0","0","0","0","0","0","0","0","0","0","0","0","0","0","0","0","0","0","0","0","0","0","0","0","0","0"
"0x7a6e0b9a1db0","      SYNCS.EXCH.64 URZ, [UR6+0x118], UR4","0","0","0","148","4736","4736","32","32","0","-","-","-","0","0","0","0","0","0","0","0","0","0","0","0","0","0","0","0","0","0","0","0","0","0","0","0","0","0","0","0","0","0","0","0","0","0","0","0","0","0","0"
"0x7a6e0b9a1dc0","      SYNCS.EXCH.64 URZ, [UR6+0x120], UR4","0","0","0","148","4736","4736","32","32","0","-","-","-","0","0","0","0","0","0","0","0","0","0","0","0","0","0","0","0","0","0","0","0","0","0","0","0","0","0","0","0","0","0","0","0","0","0","0","0","0","0","0"
"0x7a6e0b9a1dd0","      BRA 0x7a6e0b9a20e0","0","0","0","148","4736","4736","32","32","0","-","-","-","0","0","0","0","0","0","0","0","0","0","0","0","0","0","0","0","0","0","0","0","0","0","0","0","0","0","0","0","0","0","0","0","0","0","0","0","0","0","0"
"0x7a6e0b9a1de0","      S2UR UR4, SR_CgaCtaId","0","0","0","148","4736","4736","32","32","0","-","-","-","0","0","0","0","0","0","0","0","0","0","0","0","0","0","0","0","0","0","0","0","0","0","0","0","0","0","0","0","0","0","0","0","0","0","0","0","0","0","0"
"0x7a6e0b9a1df0","      UMOV UR5, 0x400","0","0","0","148","4736","4736","32","32","0","-","-","-","0","0","0","0","0","0","0","0","0","0","0","0","0","0","0","0","0","0","0","0","0","0","0","0","0","0","0","0","0","0","0","0","0","0","0","0","0","0","0"
"0x7a6e0b9a1e00","      UMOV UR8, 0x100","0","0","0","148","4736","4736","32","32","0","-","-","-","0","0","0","0","0","0","0","0","0","0","0","0","0","0","0","0","0","0","0","0","0","0","0","0","0","0","0","0","0","0","0","0","0","0","0","0","0","0","0"
"0x7a6e0b9a1e10","      UMOV UR6, 0x1","0","0","0","148","4736","4736","32","32","0","-","-","-","0","0","0","0","0","0","0","0","0","0","0","0","0","0","0","0","0","0","0","0","0","0","0","0","0","0","0","0","0","0","0","0","0","0","0","0","0","0","0"
"0x7a6e0b9a1e20","      UIADD3 UR8, -UR8, 0x100000, URZ","0","0","0","148","4736","4736","32","32","0","-","-","-","0","0","0","0","0","0","0","0","0","0","0","0","0","0","0","0","0","0","0","0","0","0","0","0","0","0","0","0","0","0","0","0","0","0","0","0","0","0","0"
"0x7a6e0b9a1e30","      USHF.L.U32 UR9, UR8, 0xb, URZ","0","0","0","148","4736","4736","32","32","0","-","-","-","0","0","0","0","0","0","0","0","0","0","0","0","0","0","0","0","0","0","0","0","0","0","0","0","0","0","0","0","0","0","0","0","0","0","0","0","0","0","0"
"0x7a6e0b9a1e40","      USHF.L.U32 UR8, UR8, 0x1, URZ","0","0","0","148","4736","4736","32","32","0","-","-","-","0","0","0","0","0","0","0","0","0","0","0","0","0","0","0","0","0","0","0","0","0","0","0","0","0","0","0","0","0","0","0","0","0","0","0","0","0","0","0"
"0x7a6e0b9a1e50","      UIADD3 UR6, -UR6, 0x100000, URZ","0","0","0","148","4736","4736","32","32","0","-","-","-","0","0","0","0","0","0","0","0","0","0","0","0","0","0","0","0","0","0","0","0","0","0","0","0","0","0","0","0","0","0","0","0","0","0","0","0","0","0","0"
"0x7a6e0b9a1e60","      USHF.L.U32 UR7, UR6, 0xb, URZ","0","0","0","148","4736","4736","32","32","0","-","-","-","0","0","0","0","0","0","0","0","0","0","0","0","0","0","0","0","0","0","0","0","0","0","0","0","0","0","0","0","0","0","0","0","0","0","0","0","0","0","0"
"0x7a6e0b9a1e70","      USHF.L.U32 UR6, UR6, 0x1, URZ","0","0","0","148","4736","4736","32","32","0","-","-","-","0","0","0","0","0","0","0","0","0","0","0","0","0","0","0","0","0","0","0","0","0","0","0","0","0","0","0","0","0","0","0","0","0","0","0","0","0","0","0"
"0x7a6e0b9a1e80","      ULEA UR4, UR4, UR5, 0x18","0","0","0","148","4736","4736","32","32","0","-","-","-","0","0","0","0","0","0","0","0","0","0","0","0","0","0","0","0","0","0","0","0","0","0","0","0","0","0","0","0","0","0","0","0","0","0","0","0","0","0","0"
"0x7a6e0b9a1e90","      FENCE.VIEW.ASYNC.S","0","0","0","148","4736","4736","32","32","0","-","-","-","0","0","0","0","0","0","0","0","0","0","0","0","0","0","0","0","0","0","0","0","0","0","0","0","0","0","0","0","0","0","0","0","0","0","0","0","0","0","0"
"0x7a6e0b9a1ea0","      SYNCS.EXCH.64 URZ, [UR4+0x60], UR8","0","0","0","148","4736","4736","32","32","0","-","-","-","0","0","0","0","0","0","0","0","0","0","0","0","0","0","0","0","0","0","0","0","0","0","0","0","0","0","0","0","0","0","0","0","0","0","0","0","0","0","0"
"0x7a6e0b9a1eb0","      SYNCS.EXCH.64 URZ, [UR4+0x70], UR6","0","0","0","148","4736","4736","32","32","0","-","-","-","0","0","0","0","0","0","0","0","0","0","0","0","0","0","0","0","0","0","0","0","0","0","0","0","0","0","0","0","0","0","0","0","0","0","0","0","0","0","0"
"0x7a6e0b9a1ec0","      SYNCS.EXCH.64 URZ, [UR4+0x80], UR6","0","0","0","148","4736","4736","32","32","0","-","-","-","0","0","0","0","0","0","0","0","0","0","0","0","0","0","0","0","0","0","0","0","0","0","0","0","0","0","0","0","0","0","0","0","0","0","0","0","0","0","0"
"0x7a6e0b9a1ed0","      SYNCS.EXCH.64 URZ, [UR4+0x68], UR8","0","0","0","148","4736","4736","32","32","0","-","-","-","0","0","0","0","0","0","0","0","0","0","0","0","0","0","0","0","0","0","0","0","0","0","0","0","0","0","0","0","0","0","0","0","0","0","0","0","0","0","0"
"0x7a6e0b9a1ee0","      SYNCS.EXCH.64 URZ, [UR4+0x78], UR6","0","0","0","148","4736","4736","32","32","0","-","-","-","0","0","0","0","0","0","0","0","0","0","0","0","0","0","0","0","0","0","0","0","0","0","0","0","0","0","0","0","0","0","0","0","0","0","0","0","0","0","0"
"0x7a6e0b9a1ef0","      SYNCS.EXCH.64 URZ, [UR4+0x88], UR6","0","0","0","148","4736","4736","32","32","0","-","-","-","0","0","0","0","0","0","0","0","0","0","0","0","0","0","0","0","0","0","0","0","0","0","0","0","0","0","0","0","0","0","0","0","0","0","0","0","0","0","0"
"0x7a6e0b9a1f00","      BRA 0x7a6e0b9a20e0","0","0","0","148","4736","4736","32","32","0","-","-","-","0","0","0","0","0","0","0","0","0","0","0","0","0","0","0","0","0","0","0","0","0","0","0","0","0","0","0","0","0","0","0","0","0","0","0","0","0","0","0"
"0x7a6e0b9a1f10","      R2UR UR4, R4","0","0","0","1332","42624","42624","32","32","0","-","-","-","0","0","0","0","0","0","0","0","0","0","0","0","0","0","0","0","0","0","0","0","0","0","0","0","0","0","0","0","0","0","0","0","0","0","0","0","0","0","0"
"0x7a6e0b9a1f20","      IMAD.MOV.U32 R2, RZ, RZ, -0x7","0","0","0","1332","42624","42624","32","32","0","-","-","-","0","0","0","0","0","0","0","0","0","0","0","0","0","0","0","0","0","0","0","0","0","0","0","0","0","0","0","0","0","0","0","0","0","0","0","0","0","0","0"
"0x7a6e0b9a1f30","      IMAD.U32 R0, RZ, RZ, UR4","0","0","0","1332","42624","42624","32","32","0","-","-","-","0","0","0","0","0","0","0","0","0","0","0","0","0","0","0","0","0","0","0","0","0","0","0","0","0","0","0","0","0","0","0","0","0","0","0","0","0","0","0"
"0x7a6e0b9a1f40","      VIADDMNMX.U32 R0, R2, R0, 0x2, PT","0","0","0","1332","42624","42624","32","32","0","-","-","-","0","0","0","0","0","0","0","0","0","0","0","0","0","0","0","0","0","0","0","0","0","0","0","0","0","0","0","0","0","0","0","0","0","0","0","0","0","0","0"
"0x7a6e0b9a1f50","      IMAD.SHL.U32 R2, R0, 0x4, RZ","0","0","0","1332","42624","42624","32","32","0","-","-","-","0","0","0","0","0","0","0","0","0","0","0","0","0","0","0","0","0","0","0","0","0","0","0","0","0","0","0","0","0","0","0","0","0","0","0","0","0","0","0"
"0x7a6e0b9a1f60","      LDC R2, c[0x2][R2+0x28]","0","0","0","1332","42624","42624","32","32","0","-","-","-","0","0","0","0","0","0","0","0","0","0","0","0","0","0","0","0","0","0","0","0","0","0","0","0","0","0","0","0","0","0","0","0","0","0","0","0","0","0","0"
"0x7a6e0b9a1f70","      SHF.R.S32.HI R3, RZ, 0x1f, R2","0","0","0","1332","42624","42624","32","32","0","-","-","-","0","0","0","0","0","0","0","0","0","0","0","0","0","0","0","0","0","0","0","0","0","0","0","0","0","0","0","0","0","0","0","0","0","0","0","0","0","0","0"
"0x7a6e0b9a1f80","      BRX R2, -0x990","0","0","0","1332","42624","42624","32","32","0","-","-","-","0","0","0","0","0","0","0","0","0","0","0","0","0","0","0","0","0","0","0","0","0","0","0","0","0","0","0","0","0","0","0","0","0","0","0","0","0","0","0"
"0x7a6e0b9a1f90","      S2UR UR4, SR_CgaCtaId","0","0","0","148","4736","4736","32","32","0","-","-","-","0","0","0","0","0","0","0","0","0","0","0","0","0","0","0","0","0","0","0","0","0","0","0","0","0","0","0","0","0","0","0","0","0","0","0","0","0","0","0"
"0x7a6e0b9a1fa0","      UMOV UR6, 0x400","0","0","0","148","4736","4736","32","32","0","-","-","-","0","0","0","0","0","0","0","0","0","0","0","0","0","0","0","0","0","0","0","0","0","0","0","0","0","0","0","0","0","0","0","0","0","0","0","0","0","0","0"
"0x7a6e0b9a1fb0","      UMOV UR5, 0x80","0","0","0","148","4736","4736","32","32","0","-","-","-","0","0","0","0","0","0","0","0","0","0","0","0","0","0","0","0","0","0","0","0","0","0","0","0","0","0","0","0","0","0","0","0","0","0","0","0","0","0","0"
"0x7a6e0b9a1fc0","      ULEA UR6, UR4, UR6, 0x18","0","0","0","148","4736","4736","32","32","0","-","-","-","0","0","0","0","0","0","0","0","0","0","0","0","0","0","0","0","0","0","0","0","0","0","0","0","0","0","0","0","0","0","0","0","0","0","0","0","0","0","0"
"0x7a6e0b9a1fd0","      UIADD3 UR4, -UR5, 0x100000, URZ","0","0","0","148","4736","4736","32","32","0","-","-","-","0","0","0","0","0","0","0","0","0","0","0","0","0","0","0","0","0","0","0","0","0","0","0","0","0","0","0","0","0","0","0","0","0","0","0","0","0","0","0"
"0x7a6e0b9a1fe0","      USHF.L.U32 UR5, UR4, 0xb, URZ","0","0","0","148","4736","4736","32","32","0","-","-","-","0","0","0","0","0","0","0","0","0","0","0","0","0","0","0","0","0","0","0","0","0","0","0","0","0","0","0","0","0","0","0","0","0","0","0","0","0","0","0"
"0x7a6e0b9a1ff0","      USHF.L.U32 UR4, UR4, 0x1, URZ","0","0","0","148","4736","4736","32","32","0","-","-","-","0","0","0","0","0","0","0","0","0","0","0","0","0","0","0","0","0","0","0","0","0","0","0","0","0","0","0","0","0","0","0","0","0","0","0","0","0","0","0"
"0x7a6e0b9a2000","      FENCE.VIEW.ASYNC.S","0","0","0","148","4736","4736","32","32","0","-","-","-","0","0","0","0","0","0","0","0","0","0","0","0","0","0","0","0","0","0","0","0","0","0","0","0","0","0","0","0","0","0","0","0","0","0","0","0","0","0","0"
"0x7a6e0b9a2010","      SYNCS.EXCH.64 URZ, [UR6+0x128], UR4","0","0","0","148","4736","4736","32","32","0","-","-","-","0","0","0","0","0","0","0","0","0","0","0","0","0","0","0","0","0","0","0","0","0","0","0","0","0","0","0","0","0","0","0","0","0","0","0","0","0","0","0"
"0x7a6e0b9a2020","      SYNCS.EXCH.64 URZ, [UR6+0x130], UR4","0","0","0","148","4736","4736","32","32","0","-","-","-","0","0","0","0","0","0","0","0","0","0","0","0","0","0","0","0","0","0","0","0","0","0","0","0","0","0","0","0","0","0","0","0","0","0","0","0","0","0","0"
"0x7a6e0b9a2030","      BRA 0x7a6e0b9a20e0","0","0","0","148","4736","4736","32","32","0","-","-","-","0","0","0","0","0","0","0","0","0","0","0","0","0","0","0","0","0","0","0","0","0","0","0","0","0","0","0","0","0","0","0","0","0","0","0","0","0","0","0"
"0x7a6e0b9a2040","      S2UR UR4, SR_CgaCtaId","0","0","0","148","4736","4736","32","32","0","-","-","-","0","0","0","0","0","0","0","0","0","0","0","0","0","0","0","0","0","0","0","0","0","0","0","0","0","0","0","0","0","0","0","0","0","0","0","0","0","0","0"
"0x7a6e0b9a2050","      UMOV UR6, 0x400","0","0","0","148","4736","4736","32","32","0","-","-","-","0","0","0","0","0","0","0","0","0","0","0","0","0","0","0","0","0","0","0","0","0","0","0","0","0","0","0","0","0","0","0","0","0","0","0","0","0","0","0"
"0x7a6e0b9a2060","      UMOV UR5, 0x180","0","0","0","148","4736","4736","32","32","0","-","-","-","0","0","0","0","0","0","0","0","0","0","0","0","0","0","0","0","0","0","0","0","0","0","0","0","0","0","0","0","0","0","0","0","0","0","0","0","0","0","0"
"0x7a6e0b9a2070","      ULEA UR6, UR4, UR6, 0x18","0","0","0","148","4736","4736","32","32","0","-","-","-","0","0","0","0","0","0","0","0","0","0","0","0","0","0","0","0","0","0","0","0","0","0","0","0","0","0","0","0","0","0","0","0","0","0","0","0","0","0","0"
"0x7a6e0b9a2080","      UIADD3 UR4, -UR5, 0x100000, URZ","0","0","0","148","4736","4736","32","32","0","-","-","-","0","0","0","0","0","0","0","0","0","0","0","0","0","0","0","0","0","0","0","0","0","0","0","0","0","0","0","0","0","0","0","0","0","0","0","0","0","0","0"
"0x7a6e0b9a2090","      USHF.L.U32 UR5, UR4, 0xb, URZ","0","0","0","148","4736","4736","32","32","0","-","-","-","0","0","0","0","0","0","0","0","0","0","0","0","0","0","0","0","0","0","0","0","0","0","0","0","0","0","0","0","0","0","0","0","0","0","0","0","0","0","0"
"0x7a6e0b9a20a0","      USHF.L.U32 UR4, UR4, 0x1, URZ","0","0","0","148","4736","4736","32","32","0","-","-","-","0","0","0","0","0","0","0","0","0","0","0","0","0","0","0","0","0","0","0","0","0","0","0","0","0","0","0","0","0","0","0","0","0","0","0","0","0","0","0"
"0x7a6e0b9a20b0","      FENCE.VIEW.ASYNC.S","0","0","0","148","4736","4736","32","32","0","-","-","-","0","0","0","0","0","0","0","0","0","0","0","0","0","0","0","0","0","0","0","0","0","0","0","0","0","0","0","0","0","0","0","0","0","0","0","0","0","0","0"
"0x7a6e0b9a20c0","      SYNCS.EXCH.64 URZ, [UR6+0x110], UR4","0","0","0","148","4736","4736","32","32","0","-","-","-","0","0","0","0","0","0","0","0","0","0","0","0","0","0","0","0","0","0","0","0","0","0","0","0","0","0","0","0","0","0","0","0","0","0","0","0","0","0","0"
"0x7a6e0b9a20d0","      NOP","0","0","0","148","4736","4736","32","32","0","-","-","-","0","0","0","0","0","0","0","0","0","0","0","0","0","0","0","0","0","0","0","0","0","0","0","0","0","0","0","0","0","0","0","0","0","0","0","0","0","0","0"
"0x7a6e0b9a20e0","      R2UR UR4, R4","3","3","3","2368","75776","75776","32","32","0","-","-","-","0","0","0","0","0","0","0","0","0","0","3","0","0","0","0","0","0","0","0","0","0","0","0","0","0","0","0","3","0","0","0","0","0","0","0","0","0","0","0"
"0x7a6e0b9a20f0","      NOP","0","0","0","2368","75776","75776","32","32","0","-","-","-","0","0","0","0","0","0","0","0","0","0","0","0","0","0","0","0","0","0","0","0","0","0","0","0","0","0","0","0","0","0","0","0","0","0","0","0","0","0","0"
"0x7a6e0b9a2100","      UISETP.GT.AND UP0, UPT, UR4, 0xd, UPT","0","0","0","2368","75776","75776","32","32","0","-","-","-","0","0","0","0","0","0","0","0","0","0","0","0","0","0","0","0","0","0","0","0","0","0","0","0","0","0","0","0","0","0","0","0","0","0","0","0","0","0","0"
"0x7a6e0b9a2110","      BAR.SYNC.DEFER_BLOCKING 0x0","0","0","0","2368","75776","75776","32","32","0","-","-","-","0","0","0","0","0","0","0","0","0","0","0","0","0","0","0","0","0","0","0","0","0","0","0","0","0","0","0","0","0","0","0","0","0","0","0","0","0","0","0"
"0x7a6e0b9a2120","      BRA.U UP0, 0x7a6e0b9a49d0","2","2","2","2368","75776","75776","32","32","0","-","-","-","0","0","0","0","0","2","0","0","0","0","0","0","0","0","0","0","0","0","0","0","0","0","2","0","0","0","0","0","0","0","0","0","0","0","0","0","0","0","0"
"0x7a6e0b9a2130","      R2UR UR4, R4","0","0","0","2072","66304","66304","32","32","0","-","-","-","0","0","0","0","0","0","0","0","0","0","0","0","0","0","0","0","0","0","0","0","0","0","0","0","0","0","0","0","0","0","0","0","0","0","0","0","0","0","0"
"0x7a6e0b9a2140","      IMAD.MOV.U32 R2, RZ, RZ, -0xc","0","0","0","2072","66304","66304","32","32","0","-","-","-","0","0","0","0","0","0","0","0","0","0","0","0","0","0","0","0","0","0","0","0","0","0","0","0","0","0","0","0","0","0","0","0","0","0","0","0","0","0","0"
"0x7a6e0b9a2150","      IMAD.U32 R0, RZ, RZ, UR4","1","1","1","2072","66304","66304","32","32","0","-","-","-","0","0","0","0","0","0","0","0","0","0","0","0","0","0","0","0","0","0","0","0","0","1","0","0","0","0","0","0","0","0","0","0","0","0","0","0","0","0","1"
"0x7a6e0b9a2160","      VIADDMNMX.U32 R0, R2, R0, 0x2, PT","0","0","0","2072","66304","66304","32","32","0","-","-","-","0","0","0","0","0","0","0","0","0","0","0","0","0","0","0","0","0","0","0","0","0","0","0","0","0","0","0","0","0","0","0","0","0","0","0","0","0","0","0"
"0x7a6e0b9a2170","      IMAD.SHL.U32 R2, R0, 0x4, RZ","1","0","1","2072","66304","66304","32","32","0","-","-","-","0","0","0","0","0","0","0","0","0","0","0","0","0","0","0","0","0","0","0","0","0","1","0","0","0","0","0","0","0","0","0","0","0","0","0","0","0","0","0"
"0x7a6e0b9a2180","      LDC R2, c[0x2][R2+0x34]","0","0","0","2072","66304","66304","32","32","0","-","-","-","0","0","0","0","0","0","0","0","0","0","0","0","0","0","0","0","0","0","0","0","0","0","0","0","0","0","0","0","0","0","0","0","0","0","0","0","0","0","0"
"0x7a6e0b9a2190","      SHF.R.S32.HI R3, RZ, 0x1f, R2","1","1","1","2072","66304","66304","32","32","0","-","-","-","0","0","0","0","0","0","0","0","0","0","0","0","0","0","0","0","0","0","1","0","0","0","0","0","0","0","0","0","0","0","0","0","0","0","0","1","0","0","0"
"0x7a6e0b9a21a0","      BRX R2, -0xbb0","0","0","0","2072","66304","66304","32","32","0","-","-","-","0","0","0","0","0","0","0","0","0","0","0","0","0","0","0","0","0","0","0","0","0","0","0","0","0","0","0","0","0","0","0","0","0","0","0","0","0","0","0"
"0x7a6e0b9a21b0","      NOP","0","0","0","148","4736","4736","32","32","0","-","-","-","0","0","0","0","0","0","0","0","0","0","0","0","0","0","0","0","0","0","0","0","0","0","0","0","0","0","0","0","0","0","0","0","0","0","0","0","0","0","0"
"0x7a6e0b9a21c0","      USETMAXREG.DEALLOC.CTAPOOL 0x18","0","0","0","148","4736","4736","32","32","0","-","-","-","0","0","0","0","0","0","0","0","0","0","0","0","0","0","0","0","0","0","0","0","0","0","0","0","0","0","0","0","0","0","0","0","0","0","0","0","0","0","0"
"0x7a6e0b9a21d0","      LDCU UR12, c[0x0][0x5d4]","0","0","0","148","4736","4736","32","32","0","-","-","-","0","0","0","0","0","0","0","0","0","0","0","0","0","0","0","0","0","0","0","0","0","0","0","0","0","0","0","0","0","0","0","0","0","0","0","0","0","0","0"
"0x7a6e0b9a21e0","      S2UR UR5, SR_CTAID.X","0","0","0","148","4736","4736","32","32","0","-","-","-","0","0","0","0","0","0","0","0","0","0","0","0","0","0","0","0","0","0","0","0","0","0","0","0","0","0","0","0","0","0","0","0","0","0","0","0","0","0","0"
"0x7a6e0b9a21f0","      LDCU UR15, c[0x0][0x5e0]","0","0","0","148","4736","4736","32","32","0","-","-","-","0","0","0","0","0","0","0","0","0","0","0","0","0","0","0","0","0","0","0","0","0","0","0","0","0","0","0","0","0","0","0","0","0","0","0","0","0","0","0"
"0x7a6e0b9a2200","      UISETP.NE.AND UP2, UPT, UR12, 0x1, UPT","0","0","0","148","4736","4736","32","32","0","-","-","-","0","0","0","0","0","0","0","0","0","0","0","0","0","0","0","0","0","0","0","0","0","0","0","0","0","0","0","0","0","0","0","0","0","0","0","0","0","0","0"
"0x7a6e0b9a2210","      UISETP.NE.AND UP0, UPT, UR15, 0x1, UPT","0","0","0","148","4736","4736","32","32","0","-","-","-","0","0","0","0","0","0","0","0","0","0","0","0","0","0","0","0","0","0","0","0","0","0","0","0","0","0","0","0","0","0","0","0","0","0","0","0","0","0","0"
"0x7a6e0b9a2220","      UMOV UR4, UR5","0","0","0","148","4736","4736","32","32","0","-","-","-","0","0","0","0","0","0","0","0","0","0","0","0","0","0","0","0","0","0","0","0","0","0","0","0","0","0","0","0","0","0","0","0","0","0","0","0","0","0","0"
"0x7a6e0b9a2230","@UP2  LDCU.64 UR8, c[0x0][0x5d8]","0","0","0","148","4736","4736","32","32","0","-","-","-","0","0","0","0","0","0","0","0","0","0","0","0","0","0","0","0","0","0","0","0","0","0","0","0","0","0","0","0","0","0","0","0","0","0","0","0","0","0","0"
"0x7a6e0b9a2240","@UP0  LDCU UR10, c[0x0][0x5e4]","0","0","0","148","4736","4736","32","32","0","-","-","-","0","0","0","0","0","0","0","0","0","0","0","0","0","0","0","0","0","0","0","0","0","0","0","0","0","0","0","0","0","0","0","0","0","0","0","0","0","0","0"
"0x7a6e0b9a2250","@UP0  LDCU UR11, c[0x0][0x5e8]","0","0","0","148","4736","4736","32","32","0","-","-","-","0","0","0","0","0","0","0","0","0","0","0","0","0","0","0","0","0","0","0","0","0","0","0","0","0","0","0","0","0","0","0","0","0","0","0","0","0","0","0"
"0x7a6e0b9a2260","      UIMAD.WIDE.U32 UR6, UR5, UR8, URZ","0","0","0","148","4736","4736","32","32","0","-","-","-","0","0","0","0","0","0","0","0","0","0","0","0","0","0","0","0","0","0","0","0","0","0","0","0","0","0","0","0","0","0","0","0","0","0","0","0","0","0","0"
"0x7a6e0b9a2270","      LDCU UR8, c[0x0][0x5ec]","0","0","0","148","4736","4736","32","32","0","-","-","-","0","0","0","0","0","0","0","0","0","0","0","0","0","0","0","0","0","0","0","0","0","0","0","0","0","0","0","0","0","0","0","0","0","0","0","0","0","0","0"
"0x7a6e0b9a2280","@UP2  UMOV UR6, UR7","0","0","0","148","4736","4736","32","32","0","-","-","-","0","0","0","0","0","0","0","0","0","0","0","0","0","0","0","0","0","0","0","0","0","0","0","0","0","0","0","0","0","0","0","0","0","0","0","0","0","0","0"
"0x7a6e0b9a2290","@UP2  USHF.R.U32.HI UR4, URZ, UR9, UR6","0","0","0","148","4736","4736","32","32","0","-","-","-","0","0","0","0","0","0","0","0","0","0","0","0","0","0","0","0","0","0","0","0","0","0","0","0","0","0","0","0","0","0","0","0","0","0","0","0","0","0","0"
"0x7a6e0b9a22a0","      UIMAD.WIDE.U32 UR6, UR4, UR10, URZ","0","0","0","148","4736","4736","32","32","0","-","-","-","0","0","0","0","0","0","0","0","0","0","0","0","0","0","0","0","0","0","0","0","0","0","0","0","0","0","0","0","0","0","0","0","0","0","0","0","0","0","0"
"0x7a6e0b9a22b0","      UMOV UR36, UR4","0","0","0","148","4736","4736","32","32","0","-","-","-","0","0","0","0","0","0","0","0","0","0","0","0","0","0","0","0","0","0","0","0","0","0","0","0","0","0","0","0","0","0","0","0","0","0","0","0","0","0","0"
"0x7a6e0b9a22c0","@UP0  UMOV UR6, UR7","0","0","0","148","4736","4736","32","32","0","-","-","-","0","0","0","0","0","0","0","0","0","0","0","0","0","0","0","0","0","0","0","0","0","0","0","0","0","0","0","0","0","0","0","0","0","0","0","0","0","0","0"
"0x7a6e0b9a22d0","@UP0  USHF.R.U32.HI UR36, URZ, UR11, UR6","0","0","0","148","4736","4736","32","32","0","-","-","-","0","0","0","0","0","0","0","0","0","0","0","0","0","0","0","0","0","0","0","0","0","0","0","0","0","0","0","0","0","0","0","0","0","0","0","0","0","0","0"
"0x7a6e0b9a22e0","      UISETP.GE.AND UP0, UPT, UR5, UR8, UPT","0","0","0","148","4736","4736","32","32","0","-","-","-","0","0","0","0","0","0","0","0","0","0","0","0","0","0","0","0","0","0","0","0","0","0","0","0","0","0","0","0","0","0","0","0","0","0","0","0","0","0","0"
"0x7a6e0b9a22f0","      BRA.U UP0, 0x7a6e0b9a5990","0","0","0","148","4736","4736","32","32","0","-","-","-","0","0","0","0","0","0","0","0","0","0","0","0","0","0","0","0","0","0","0","0","0","0","0","0","0","0","0","0","0","0","0","0","0","0","0","0","0","0","0"
"0x7a6e0b9a2300","      S2UR UR8, SR_CgaCtaId","0","0","0","148","4736","4736","32","32","0","-","-","-","0","0","0","0","0","0","0","0","0","0","0","0","0","0","0","0","0","0","0","0","0","0","0","0","0","0","0","0","0","0","0","0","0","0","0","0","0","0","0"
"0x7a6e0b9a2310","      LDCU.64 UR6, c[0x0][0x348]","0","0","0","148","4736","4736","32","32","0","-","-","-","0","0","0","0","0","0","0","0","0","0","0","0","0","0","0","0","0","0","0","0","0","0","0","0","0","0","0","0","0","0","0","0","0","0","0","0","0","0","0"
"0x7a6e0b9a2320","      HFMA2 R2, -RZ, RZ, 0, 0","0","0","0","148","4736","4736","32","32","0","-","-","-","0","0","0","0","0","0","0","0","0","0","0","0","0","0","0","0","0","0","0","0","0","0","0","0","0","0","0","0","0","0","0","0","0","0","0","0","0","0","0"
"0x7a6e0b9a2330","      MOV R6, 0x1","0","0","0","148","4736","4736","32","32","0","-","-","-","0","0","0","0","0","0","0","0","0","0","0","0","0","0","0","0","0","0","0","0","0","0","0","0","0","0","0","0","0","0","0","0","0","0","0","0","0","0","0"
"0x7a6e0b9a2340","      LDCU UR13, c[0x0][0x5e0]","0","0","0","148","4736","4736","32","32","0","-","-","-","0","0","0","0","0","0","0","0","0","0","0","0","0","0","0","0","0","0","0","0","0","0","0","0","0","0","0","0","0","0","0","0","0","0","0","0","0","0","0"
"0x7a6e0b9a2350","      UIADD3 UR35, -UR36, URZ, URZ","0","0","0","148","4736","4736","32","32","0","-","-","-","0","0","0","0","0","0","0","0","0","0","0","0","0","0","0","0","0","0","0","0","0","0","0","0","0","0","0","0","0","0","0","0","0","0","0","0","0","0","0"
"0x7a6e0b9a2360","      UMOV UR9, 0x400","0","0","0","148","4736","4736","32","32","0","-","-","-","0","0","0","0","0","0","0","0","0","0","0","0","0","0","0","0","0","0","0","0","0","0","0","0","0","0","0","0","0","0","0","0","0","0","0","0","0","0","0"
"0x7a6e0b9a2370","      UIADD3 UR34, -UR4, URZ, URZ","0","0","0","148","4736","4736","32","32","0","-","-","-","0","0","0","0","0","0","0","0","0","0","0","0","0","0","0","0","0","0","0","0","0","0","0","0","0","0","0","0","0","0","0","0","0","0","0","0","0","0","0"
"0x7a6e0b9a2380","      UIMAD UR35, UR15, UR35, UR4","0","0","0","148","4736","4736","32","32","0","-","-","-","0","0","0","0","0","0","0","0","0","0","0","0","0","0","0","0","0","0","0","0","0","0","0","0","0","0","0","0","0","0","0","0","0","0","0","0","0","0","0"
"0x7a6e0b9a2390","      LDCU UR21, c[0x0][0x370]","0","0","0","148","4736","4736","32","32","0","-","-","-","0","0","0","0","0","0","0","0","0","0","0","0","0","0","0","0","0","0","0","0","0","0","0","0","0","0","0","0","0","0","0","0","0","0","0","0","0","0","0"
"0x7a6e0b9a23a0","      UIADD3 UR14, UP0, UR6, 0x1c0, URZ","0","0","0","148","4736","4736","32","32","0","-","-","-","0","0","0","0","0","0","0","0","0","0","0","0","0","0","0","0","0","0","0","0","0","0","0","0","0","0","0","0","0","0","0","0","0","0","0","0","0","0","0"
"0x7a6e0b9a23b0","      LDCU UR37, c[0x0][0x5ec]","0","0","0","148","4736","4736","32","32","0","-","-","-","0","0","0","0","0","0","0","0","0","0","0","0","0","0","0","0","0","0","0","0","0","0","0","0","0","0","0","0","0","0","0","0","0","0","0","0","0","0","0"
"0x7a6e0b9a23c0","      ULEA UR6, UR8, UR9, 0x18","0","0","0","148","4736","4736","32","32","0","-","-","-","0","0","0","0","0","0","0","0","0","0","0","0","0","0","0","0","0","0","0","0","0","0","0","0","0","0","0","0","0","0","0","0","0","0","0","0","0","0","0"
"0x7a6e0b9a23d0","      UIADD3.X UR15, URZ, UR7, URZ, UP0, !UPT","0","0","0","148","4736","4736","32","32","0","-","-","-","0","0","0","0","0","0","0","0","0","0","0","0","0","0","0","0","0","0","0","0","0","0","0","0","0","0","0","0","0","0","0","0","0","0","0","0","0","0","0"
"0x7a6e0b9a23e0","      LDCU UR29, c[0x0][0x5d4]","0","0","0","148","4736","4736","32","32","0","-","-","-","0","0","0","0","0","0","0","0","0","0","0","0","0","0","0","0","0","0","0","0","0","0","0","0","0","0","0","0","0","0","0","0","0","0","0","0","0","0","0"
"0x7a6e0b9a23f0","      UIMAD UR34, UR12, UR34, UR5","0","0","0","148","4736","4736","32","32","0","-","-","-","0","0","0","0","0","0","0","0","0","0","0","0","0","0","0","0","0","0","0","0","0","0","0","0","0","0","0","0","0","0","0","0","0","0","0","0","0","0","0"
"0x7a6e0b9a2400","      UIADD3 UR32, UR6, 0xc00, URZ","0","0","0","148","4736","4736","32","32","0","-","-","-","0","0","0","0","0","0","0","0","0","0","0","0","0","0","0","0","0","0","0","0","0","0","0","0","0","0","0","0","0","0","0","0","0","0","0","0","0","0","0"
"0x7a6e0b9a2410","      UIADD3 UR24, UR6, 0x4c00, URZ","0","0","0","148","4736","4736","32","32","0","-","-","-","0","0","0","0","0","0","0","0","0","0","0","0","0","0","0","0","0","0","0","0","0","0","0","0","0","0","0","0","0","0","0","0","0","0","0","0","0","0","0"
"0x7a6e0b9a2420","      UIADD3 UR16, UR6, 0x8c00, URZ","0","0","0","148","4736","4736","32","32","0","-","-","-","0","0","0","0","0","0","0","0","0","0","0","0","0","0","0","0","0","0","0","0","0","0","0","0","0","0","0","0","0","0","0","0","0","0","0","0","0","0","0"
"0x7a6e0b9a2430","      UIADD3 UR8, UR6, 0xcc00, URZ","0","0","0","148","4736","4736","32","32","0","-","-","-","0","0","0","0","0","0","0","0","0","0","0","0","0","0","0","0","0","0","0","0","0","0","0","0","0","0","0","0","0","0","0","0","0","0","0","0","0","0","0"
"0x7a6e0b9a2440","      UISETP.NE.AND UP0, UPT, UR13, 0x1, UPT","0","0","0","148","4736","4736","32","32","0","-","-","-","0","0","0","0","0","0","0","0","0","0","0","0","0","0","0","0","0","0","0","0","0","0","0","0","0","0","0","0","0","0","0","0","0","0","0","0","0","0","0"
"0x7a6e0b9a2450","      UMOV UR30, URZ","0","0","0","148","4736","4736","32","32","0","-","-","-","0","0","0","0","0","0","0","0","0","0","0","0","0","0","0","0","0","0","0","0","0","0","0","0","0","0","0","0","0","0","0","0","0","0","0","0","0","0","0"
"0x7a6e0b9a2460","      UMOV UR31, URZ","0","0","0","148","4736","4736","32","32","0","-","-","-","0","0","0","0","0","0","0","0","0","0","0","0","0","0","0","0","0","0","0","0","0","0","0","0","0","0","0","0","0","0","0","0","0","0","0","0","0","0","0"
"0x7a6e0b9a2470","      UMOV UR33, URZ","0","0","0","148","4736","4736","32","32","0","-","-","-","0","0","0","0","0","0","0","0","0","0","0","0","0","0","0","0","0","0","0","0","0","0","0","0","0","0","0","0","0","0","0","0","0","0","0","0","0","0","0"
"0x7a6e0b9a2480","      UMOV UR25, 0x40","0","0","0","148","4736","4736","32","32","0","-","-","-","0","0","0","0","0","0","0","0","0","0","0","0","0","0","0","0","0","0","0","0","0","0","0","0","0","0","0","0","0","0","0","0","0","0","0","0","0","0","0"
"0x7a6e0b9a2490","      SHF.L.U32 R0, R2, 0x1f, RZ","2","2","2","3072","98304","98304","32","32","0","-","-","-","0","0","0","0","0","0","0","0","0","0","0","0","0","0","0","2","0","0","0","0","0","0","0","0","0","0","0","0","0","0","0","0","2","0","0","0","0","0","0"
"0x7a6e0b9a24a0","      USHF.L.U32 UR34, UR34, 0x8, URZ","0","0","0","3072","98304","98304","32","32","0","-","-","-","0","0","0","0","0","0","0","0","0","0","0","0","0","0","0","0","0","0","0","0","0","0","0","0","0","0","0","0","0","0","0","0","0","0","0","0","0","0","0"
"0x7a6e0b9a24b0","      UMOV UR27, UR35","0","0","0","3072","98304","98304","32","32","0","-","-","-","0","0","0","0","0","0","0","0","0","0","0","0","0","0","0","0","0","0","0","0","0","0","0","0","0","0","0","0","0","0","0","0","0","0","0","0","0","0","0"
"0x7a6e0b9a24c0","      SYNCS.PHASECHK.TRANS64.TRYWAIT P0, [UR6+0xb0], R0","0","0","0","3072","98304","98304","32","32","0","-","-","-","0","0","0","0","0","0","0","0","0","0","0","0","0","0","0","0","0","0","0","0","0","0","0","0","0","0","0","0","0","0","0","0","0","0","0","0","0","0","0"
"0x7a6e0b9a24d0","      UMOV UR28, UR36","0","0","0","3072","98304","98304","32","32","0","-","-","-","0","0","0","0","0","0","0","0","0","0","0","0","0","0","0","0","0","0","0","0","0","0","0","0","0","0","0","0","0","0","0","0","0","0","0","0","0","0","0"
"0x7a6e0b9a24e0","      UMOV UR26, UR34","0","0","0","3072","98304","98304","32","32","0","-","-","-","0","0","0","0","0","0","0","0","0","0","0","0","0","0","0","0","0","0","0","0","0","0","0","0","0","0","0","0","0","0","0","0","0","0","0","0","0","0","0"
"0x7a6e0b9a24f0","@!P0  BRA 0x7a6e0b9ad080","312","192","312","3072","98304","98304","32","32","0","-","-","-","0","0","0","0","0","0","0","0","0","0","312","0","0","0","0","0","0","0","0","0","0","0","0","0","0","0","0","192","0","0","0","0","0","0","0","0","0","0","0"
"0x7a6e0b9a2500","      UTMASTG.4D desc[URZ], [UR32], [UR14]","4","1","4","3072","98304","98304","32","32","0","Global,Shared","-","-","0","0","0","0","0","0","0","0","0","0","0","0","0","0","0","4","0","0","0","0","0","0","0","0","0","0","0","0","0","0","0","0","1","0","0","0","0","0","0"
"0x7a6e0b9a2510","      UTMASTG.4D desc[URZ], [UR24], [UR14]","0","0","0","3072","98304","98304","32","32","0","Global,Shared","-","-","0","0","0","0","0","0","0","0","0","0","0","0","0","0","0","0","0","0","0","0","0","0","0","0","0","0","0","0","0","0","0","0","0","0","0","0","0","0","0"
"0x7a6e0b9a2520","      UTMACMDFLUSH","0","0","0","3072","98304","98304","32","32","0","-","-","-","0","0","0","0","0","0","0","0","0","0","0","0","0","0","0","0","0","0","0","0","0","0","0","0","0","0","0","0","0","0","0","0","0","0","0","0","0","0","0"
"0x7a6e0b9a2530","      SYNCS.PHASECHK.TRANS64.TRYWAIT P0, [UR6+0xb8], R0","0","0","0","3072","98304","98304","32","32","0","-","-","-","0","0","0","0","0","0","0","0","0","0","0","0","0","0","0","0","0","0","0","0","0","0","0","0","0","0","0","0","0","0","0","0","0","0","0","0","0","0","0"
"0x7a6e0b9a2540","@!P0  BRA 0x7a6e0b9ad100","38","23","38","3072","98304","98304","32","32","0","-","-","-","0","0","0","0","0","0","0","0","0","0","38","0","0","0","0","0","0","0","0","0","0","0","0","0","0","0","0","23","0","0","0","0","0","0","0","0","0","0","0"
"0x7a6e0b9a2550","      UIADD3 UR18, UR34, 0x80, URZ","1","0","1","3072","98304","98304","32","32","0","-","-","-","0","0","0","0","0","0","0","0","0","0","0","0","0","0","0","0","0","1","0","0","0","0","0","0","0","0","0","0","0","0","0","0","0","0","0","0","0","0","0"
"0x7a6e0b9a2560","      LOP3.LUT R2, R2, 0x1, RZ, 0x3c, !PT","0","0","0","3072","98304","98304","32","32","0","-","-","-","0","0","0","0","0","0","0","0","0","0","0","0","0","0","0","0","0","0","0","0","0","0","0","0","0","0","0","0","0","0","0","0","0","0","0","0","0","0","0"
"0x7a6e0b9a2570","      UMOV UR17, UR33","0","0","0","3072","98304","98304","32","32","0","-","-","-","0","0","0","0","0","0","0","0","0","0","0","0","0","0","0","0","0","0","0","0","0","0","0","0","0","0","0","0","0","0","0","0","0","0","0","0","0","0","0"
"0x7a6e0b9a2580","      UMOV UR19, UR35","0","0","0","3072","98304","98304","32","32","0","-","-","-","0","0","0","0","0","0","0","0","0","0","0","0","0","0","0","0","0","0","0","0","0","0","0","0","0","0","0","0","0","0","0","0","0","0","0","0","0","0","0"
"0x7a6e0b9a2590","      UMOV UR20, UR36","0","0","0","3072","98304","98304","32","32","0","-","-","-","0","0","0","0","0","0","0","0","0","0","0","0","0","0","0","0","0","0","0","0","0","0","0","0","0","0","0","0","0","0","0","0","0","0","0","0","0","0","0"
"0x7a6e0b9a25a0","      UMOV UR9, 0x40","0","0","0","3072","98304","98304","32","32","0","-","-","-","0","0","0","0","0","0","0","0","0","0","0","0","0","0","0","0","0","0","0","0","0","0","0","0","0","0","0","0","0","0","0","0","0","0","0","0","0","0","0"
"0x7a6e0b9a25b0","      UMOV UR11, UR35","0","0","0","3072","98304","98304","32","32","0","-","-","-","0","0","0","0","0","0","0","0","0","0","0","0","0","0","0","0","0","0","0","0","0","0","0","0","0","0","0","0","0","0","0","0","0","0","0","0","0","0","0"
"0x7a6e0b9a25c0","      UMOV UR12, UR36","1","0","1","3072","98304","98304","32","32","0","-","-","-","0","0","0","0","0","0","0","0","0","0","0","0","0","0","0","0","0","1","0","0","0","0","0","0","0","0","0","0","0","0","0","0","0","0","0","0","0","0","0"
"0x7a6e0b9a25d0","      UMOV UR10, UR18","0","0","0","3072","98304","98304","32","32","0","-","-","-","0","0","0","0","0","0","0","0","0","0","0","0","0","0","0","0","0","0","0","0","0","0","0","0","0","0","0","0","0","0","0","0","0","0","0","0","0","0","0"
"0x7a6e0b9a25e0","      UTMASTG.4D desc[UR30], [UR16], [UR14]","0","0","0","3072","98304","98304","32","32","0","Global,Shared","-","-","0","0","0","0","0","0","0","0","0","0","0","0","0","0","0","0","0","0","0","0","0","0","0","0","0","0","0","0","0","0","0","0","0","0","0","0","0","0","0"
"0x7a6e0b9a25f0","@UP2  LDCU.64 UR22, c[0x0][0x5d8]","0","0","0","3072","98304","98304","32","32","0","-","-","-","0","0","0","0","0","0","0","0","0","0","0","0","0","0","0","0","0","0","0","0","0","0","0","0","0","0","0","0","0","0","0","0","0","0","0","0","0","0","0"
"0x7a6e0b9a2600","@UP0  LDCU UR7, c[0x0][0x5e4]","0","0","0","3072","98304","98304","32","32","0","-","-","-","0","0","0","0","0","0","0","0","0","0","0","0","0","0","0","0","0","0","0","0","0","0","0","0","0","0","0","0","0","0","0","0","0","0","0","0","0","0","0"
"0x7a6e0b9a2610","      UTMASTG.4D desc[UR30], [UR8], [UR14]","0","0","0","3072","98304","98304","32","32","0","Global,Shared","-","-","0","0","0","0","0","0","0","0","0","0","0","0","0","0","0","0","0","0","0","0","0","0","0","0","0","0","0","0","0","0","0","0","0","0","0","0","0","0","0"
"0x7a6e0b9a2620","      UIADD3 UR5, UR21, UR5, URZ","0","0","0","3072","98304","98304","32","32","0","-","-","-","0","0","0","0","0","0","0","0","0","0","0","0","0","0","0","0","0","0","0","0","0","0","0","0","0","0","0","0","0","0","0","0","0","0","0","0","0","0","0"
"0x7a6e0b9a2630","      UISETP.GE.AND UP1, UPT, UR5, UR37, UPT","2","0","2","3072","98304","98304","32","32","0","-","-","-","0","0","0","0","0","0","0","0","0","0","0","0","0","0","0","0","0","0","0","0","0","2","0","0","0","0","0","0","0","0","0","0","0","0","0","0","0","0","0"
"0x7a6e0b9a2640","      UTMACMDFLUSH","0","0","0","3072","98304","98304","32","32","0","-","-","-","0","0","0","0","0","0","0","0","0","0","0","0","0","0","0","0","0","0","0","0","0","0","0","0","0","0","0","0","0","0","0","0","0","0","0","0","0","0","0"
"0x7a6e0b9a2650","      UMOV UR4, UR5","2","0","2","3072","98304","98304","32","32","0","-","-","-","0","0","0","0","0","0","0","0","0","0","0","0","0","0","0","0","0","0","0","0","0","2","0","0","0","0","0","0","0","0","0","0","0","0","0","0","0","0","0"
"0x7a6e0b9a2660","      DEPBAR.LE SB0, 0x1","0","0","0","3072","98304","98304","32","32","0","-","-","-","0","0","0","0","0","0","0","0","0","0","0","0","0","0","0","0","0","0","0","0","0","0","0","0","0","0","0","0","0","0","0","0","0","0","0","0","0","0","0"
"0x7a6e0b9a2670","      SYNCS.ARRIVE.TRANS64.ART0 RZ, [UR6+0xc0], R6","15","9","15","3072","98304","98304","32","32","0","-","-","-","0","0","0","0","0","0","0","0","0","0","15","0","0","0","0","0","0","0","0","0","0","0","0","0","0","0","0","9","0","0","0","0","0","0","0","0","0","0","0"
"0x7a6e0b9a2680","      DEPBAR.LE SB0, 0x0","0","0","0","3072","98304","98304","32","32","0","-","-","-","0","0","0","0","0","0","0","0","0","0","0","0","0","0","0","0","0","0","0","0","0","0","0","0","0","0","0","0","0","0","0","0","0","0","0","0","0","0","0"
"0x7a6e0b9a2690","      UIMAD.WIDE.U32 UR10, UR5, UR22, URZ","74","48","74","3072","98304","98304","32","32","0","-","-","-","0","0","0","0","0","0","0","0","0","0","74","0","0","0","0","0","0","0","0","0","0","0","0","0","0","0","0","48","0","0","0","0","0","0","0","0","0","0","0"
"0x7a6e0b9a26a0","@UP0  LDCU UR9, c[0x0][0x5e8]","0","0","0","3072","98304","98304","32","32","0","-","-","-","0","0","0","0","0","0","0","0","0","0","0","0","0","0","0","0","0","0","0","0","0","0","0","0","0","0","0","0","0","0","0","0","0","0","0","0","0","0","0"
"0x7a6e0b9a26b0","      SYNCS.ARRIVE.TRANS64.ART0 RZ, [UR6+0xc8], R6","0","0","0","3072","98304","98304","32","32","0","-","-","-","0","0","0","0","0","0","0","0","0","0","0","0","0","0","0","0","0","0","0","0","0","0","0","0","0","0","0","0","0","0","0","0","0","0","0","0","0","0","0"
"0x7a6e0b9a26c0","@UP2  UMOV UR10, UR11","0","0","0","3072","98304","98304","32","32","0","-","-","-","0","0","0","0","0","0","0","0","0","0","0","0","0","0","0","0","0","0","0","0","0","0","0","0","0","0","0","0","0","0","0","0","0","0","0","0","0","0","0"
"0x7a6e0b9a26d0","@UP2  USHF.R.U32.HI UR4, URZ, UR23, UR10","0","0","0","3072","98304","98304","32","32","0","-","-","-","0","0","0","0","0","0","0","0","0","0","0","0","0","0","0","0","0","0","0","0","0","0","0","0","0","0","0","0","0","0","0","0","0","0","0","0","0","0","0"
"0x7a6e0b9a26e0","      UIMAD.WIDE.U32 UR10, UR4, UR7, URZ","0","0","0","3072","98304","98304","32","32","0","-","-","-","0","0","0","0","0","0","0","0","0","0","0","0","0","0","0","0","0","0","0","0","0","0","0","0","0","0","0","0","0","0","0","0","0","0","0","0","0","0","0"
"0x7a6e0b9a26f0","      UIADD3 UR7, -UR4, URZ, URZ","0","0","0","3072","98304","98304","32","32","0","-","-","-","0","0","0","0","0","0","0","0","0","0","0","0","0","0","0","0","0","0","0","0","0","0","0","0","0","0","0","0","0","0","0","0","0","0","0","0","0","0","0"
"0x7a6e0b9a2700","      UMOV UR36, UR4","0","0","0","3072","98304","98304","32","32","0","-","-","-","0","0","0","0","0","0","0","0","0","0","0","0","0","0","0","0","0","0","0","0","0","0","0","0","0","0","0","0","0","0","0","0","0","0","0","0","0","0","0"
"0x7a6e0b9a2710","      UIMAD UR34, UR29, UR7, UR5","0","0","0","3072","98304","98304","32","32","0","-","-","-","0","0","0","0","0","0","0","0","0","0","0","0","0","0","0","0","0","0","0","0","0","0","0","0","0","0","0","0","0","0","0","0","0","0","0","0","0","0","0"
"0x7a6e0b9a2720","@UP0  UMOV UR10, UR11","0","0","0","3072","98304","98304","32","32","0","-","-","-","0","0","0","0","0","0","0","0","0","0","0","0","0","0","0","0","0","0","0","0","0","0","0","0","0","0","0","0","0","0","0","0","0","0","0","0","0","0","0"
"0x7a6e0b9a2730","@UP0  USHF.R.U32.HI UR36, URZ, UR9, UR10","0","0","0","3072","98304","98304","32","32","0","-","-","-","0","0","0","0","0","0","0","0","0","0","0","0","0","0","0","0","0","0","0","0","0","0","0","0","0","0","0","0","0","0","0","0","0","0","0","0","0","0","0"
"0x7a6e0b9a2740","      UIADD3 UR35, -UR36, URZ, URZ","0","0","0","3072","98304","98304","32","32","0","-","-","-","0","0","0","0","0","0","0","0","0","0","0","0","0","0","0","0","0","0","0","0","0","0","0","0","0","0","0","0","0","0","0","0","0","0","0","0","0","0","0"
"0x7a6e0b9a2750","      UIMAD UR35, UR13, UR35, UR4","0","0","0","3072","98304","98304","32","32","0","-","-","-","0","0","0","0","0","0","0","0","0","0","0","0","0","0","0","0","0","0","0","0","0","0","0","0","0","0","0","0","0","0","0","0","0","0","0","0","0","0","0"
"0x7a6e0b9a2760","      BRA.U !UP1, 0x7a6e0b9a2490","0","0","0","3072","98304","98304","32","32","0","-","-","-","0","0","0","0","0","0","0","0","0","0","0","0","0","0","0","0","0","0","0","0","0","0","0","0","0","0","0","0","0","0","0","0","0","0","0","0","0","0","0"
"0x7a6e0b9a2770","      BRA 0x7a6e0b9a5990","1","0","1","148","4736","4736","32","32","0","-","-","-","0","0","0","0","0","0","0","0","0","0","0","0","0","0","0","0","0","1","0","0","0","0","0","0","0","0","0","0","0","0","0","0","0","0","0","0","0","0","0"
"0x7a6e0b9a2780","      NOP","0","0","0","148","4736","4736","32","32","0","-","-","-","0","0","0","0","0","0","0","0","0","0","0","0","0","0","0","0","0","0","0","0","0","0","0","0","0","0","0","0","0","0","0","0","0","0","0","0","0","0","0"
"0x7a6e0b9a2790","      USETMAXREG.DEALLOC.CTAPOOL 0x18","0","0","0","148","4736","4736","32","32","0","-","-","-","0","0","0","0","0","0","0","0","0","0","0","0","0","0","0","0","0","0","0","0","0","0","0","0","0","0","0","0","0","0","0","0","0","0","0","0","0","0","0"
"0x7a6e0b9a27a0","      S2UR UR8, SR_CgaCtaId","0","0","0","148","4736","4736","32","32","0","-","-","-","0","0","0","0","0","0","0","0","0","0","0","0","0","0","0","0","0","0","0","0","0","0","0","0","0","0","0","0","0","0","0","0","0","0","0","0","0","0","0"
"0x7a6e0b9a27b0","      NOP","0","0","0","148","4736","4736","32","32","0","-","-","-","0","0","0","0","0","0","0","0","0","0","0","0","0","0","0","0","0","0","0","0","0","0","0","0","0","0","0","0","0","0","0","0","0","0","0","0","0","0","0"
"0x7a6e0b9a27c0","      UMOV UR4, 0x40","0","0","0","148","4736","4736","32","32","0","-","-","-","0","0","0","0","0","0","0","0","0","0","0","0","0","0","0","0","0","0","0","0","0","0","0","0","0","0","0","0","0","0","0","0","0","0","0","0","0","0","0"
"0x7a6e0b9a27d0","      ULEA UR4, UR8, UR4, 0x18","0","0","0","148","4736","4736","32","32","0","-","-","-","0","0","0","0","0","0","0","0","0","0","0","0","0","0","0","0","0","0","0","0","0","0","0","0","0","0","0","0","0","0","0","0","0","0","0","0","0","0","0"
"0x7a6e0b9a27e0","      LDS.U8 R0, [UR4]","0","0","0","148","4736","4736","32","32","0","Shared","Load","8","1","0","148","148","0","0","0","0","0","0","0","0","0","0","0","0","0","0","0","0","0","0","0","0","0","0","0","0","0","0","0","0","0","0","0","0","0","0","0"
"0x7a6e0b9a27f0","      UMOV UR4, 0x400","0","0","0","148","4736","4736","32","32","0","-","-","-","0","0","0","0","0","0","0","0","0","0","0","0","0","0","0","0","0","0","0","0","0","0","0","0","0","0","0","0","0","0","0","0","0","0","0","0","0","0","0"
"0x7a6e0b9a2800","      ULEA UR18, UR8, UR4, 0x18","0","0","0","148","4736","4736","32","32","0","-","-","-","0","0","0","0","0","0","0","0","0","0","0","0","0","0","0","0","0","0","0","0","0","0","0","0","0","0","0","0","0","0","0","0","0","0","0","0","0","0","0"
"0x7a6e0b9a2810","      ISETP.NE.AND P0, PT, R0, RZ, PT","0","0","0","148","4736","4736","32","32","0","-","-","-","0","0","0","0","0","0","0","0","0","0","0","0","0","0","0","0","0","0","0","0","0","0","0","0","0","0","0","0","0","0","0","0","0","0","0","0","0","0","0"
"0x7a6e0b9a2820","@P0   BRA 0x7a6e0b9a2a20","0","0","0","148","4736","0","32","0","0","-","-","-","0","0","0","0","0","0","0","0","0","0","0","0","0","0","0","0","0","0","0","0","0","0","0","0","0","0","0","0","0","0","0","0","0","0","0","0","0","0","0"
"0x7a6e0b9a2830","      ELECT P0, URZ, PT","0","0","0","148","4736","4736","32","32","0","-","-","-","0","0","0","0","0","0","0","0","0","0","0","0","0","0","0","0","0","0","0","0","0","0","0","0","0","0","0","0","0","0","0","0","0","0","0","0","0","0","0"
"0x7a6e0b9a2840","@!P0  BRA 0x7a6e0b9a2a60","0","0","0","148","4736","4588","32","31","148","-","-","-","0","0","0","0","0","0","0","0","0","0","0","0","0","0","0","0","0","0","0","0","0","0","0","0","0","0","0","0","0","0","0","0","0","0","0","0","0","0","0"
"0x7a6e0b9a2850","      UMOV UR4, 0x10","0","0","0","148","148","148","1","1","0","-","-","-","0","0","0","0","0","0","0","0","0","0","0","0","0","0","0","0","0","0","0","0","0","0","0","0","0","0","0","0","0","0","0","0","0","0","0","0","0","0","0"
"0x7a6e0b9a2860","      IMAD.MOV.U32 R3, RZ, RZ, 0x1","0","0","0","148","148","148","1","1","0","-","-","-","0","0","0","0","0","0","0","0","0","0","0","0","0","0","0","0","0","0","0","0","0","0","0","0","0","0","0","0","0","0","0","0","0","0","0","0","0","0","0"
"0x7a6e0b9a2870","      DEPBAR.LE SB1, 0x36","0","0","0","148","148","148","1","1","0","-","-","-","0","0","0","0","0","0","0","0","0","0","0","0","0","0","0","0","0","0","0","0","0","0","0","0","0","0","0","0","0","0","0","0","0","0","0","0","0","0","0"
"0x7a6e0b9a2880","      UTCATOMSWS.FIND_AND_SET.ALIGN UP0, UR4, UR4","0","0","0","148","148","148","1","1","0","-","-","-","0","0","0","0","0","0","0","0","0","0","0","0","0","0","0","0","0","0","0","0","0","0","0","0","0","0","0","0","0","0","0","0","0","0","0","0","0","0","0"
"0x7a6e0b9a2890","      PLOP3.LUT P0, PT, PT, PT, UP0, 0x80, 0x8","0","0","0","148","148","148","1","1","0","-","-","-","0","0","0","0","0","0","0","0","0","0","0","0","0","0","0","0","0","0","0","0","0","0","0","0","0","0","0","0","0","0","0","0","0","0","0","0","0","0","0"
"0x7a6e0b9a28a0","      SEL R0, RZ, 0xffffffff, !P0","0","0","0","148","148","148","1","1","0","-","-","-","0","0","0","0","0","0","0","0","0","0","0","0","0","0","0","0","0","0","0","0","0","0","0","0","0","0","0","0","0","0","0","0","0","0","0","0","0","0","0"
"0x7a6e0b9a28b0","      ISETP.NE.AND P0, PT, R0, RZ, PT","0","0","0","148","148","148","1","1","0","-","-","-","0","0","0","0","0","0","0","0","0","0","0","0","0","0","0","0","0","0","0","0","0","0","0","0","0","0","0","0","0","0","0","0","0","0","0","0","0","0","0"
"0x7a6e0b9a28c0","      IMAD.U32 R0, RZ, RZ, UR4","0","0","0","148","148","148","1","1","0","-","-","-","0","0","0","0","0","0","0","0","0","0","0","0","0","0","0","0","0","0","0","0","0","0","0","0","0","0","0","0","0","0","0","0","0","0","0","0","0","0","0"
"0x7a6e0b9a28d0","@P0   BRA 0x7a6e0b9a2970","0","0","0","148","148","148","1","1","0","-","-","-","0","0","0","0","0","0","0","0","0","0","0","0","0","0","0","0","0","0","0","0","0","0","0","0","0","0","0","0","0","0","0","0","0","0","0","0","0","0","0"
"0x7a6e0b9a28e0","      NANOSLEEP 0x64","0","0","0","0","0","0","0","0","0","-","-","-","0","0","0","0","0","0","0","0","0","0","0","0","0","0","0","0","0","0","0","0","0","0","0","0","0","0","0","0","0","0","0","0","0","0","0","0","0","0","0"
"0x7a6e0b9a28f0","      UMOV UR4, 0x10","0","0","0","0","0","0","0","0","0","-","-","-","0","0","0","0","0","0","0","0","0","0","0","0","0","0","0","0","0","0","0","0","0","0","0","0","0","0","0","0","0","0","0","0","0","0","0","0","0","0","0"
"0x7a6e0b9a2900","      DEPBAR.LE SB1, 0x36","0","0","0","0","0","0","0","0","0","-","-","-","0","0","0","0","0","0","0","0","0","0","0","0","0","0","0","0","0","0","0","0","0","0","0","0","0","0","0","0","0","0","0","0","0","0","0","0","0","0","0"
"0x7a6e0b9a2910","      UTCATOMSWS.FIND_AND_SET.ALIGN UP0, UR4, UR4","0","0","0","0","0","0","0","0","0","-","-","-","0","0","0","0","0","0","0","0","0","0","0","0","0","0","0","0","0","0","0","0","0","0","0","0","0","0","0","0","0","0","0","0","0","0","0","0","0","0","0"
"0x7a6e0b9a2920","      PLOP3.LUT P0, PT, PT, PT, UP0, 0x80, 0x8","0","0","0","0","0","0","0","0","0","-","-","-","0","0","0","0","0","0","0","0","0","0","0","0","0","0","0","0","0","0","0","0","0","0","0","0","0","0","0","0","0","0","0","0","0","0","0","0","0","0","0"
"0x7a6e0b9a2930","      SEL R0, RZ, 0xffffffff, !P0","0","0","0","0","0","0","0","0","0","-","-","-","0","0","0","0","0","0","0","0","0","0","0","0","0","0","0","0","0","0","0","0","0","0","0","0","0","0","0","0","0","0","0","0","0","0","0","0","0","0","0"
"0x7a6e0b9a2940","      ISETP.NE.AND P0, PT, R0, RZ, PT","0","0","0","0","0","0","0","0","0","-","-","-","0","0","0","0","0","0","0","0","0","0","0","0","0","0","0","0","0","0","0","0","0","0","0","0","0","0","0","0","0","0","0","0","0","0","0","0","0","0","0"
"0x7a6e0b9a2950","      IMAD.U32 R0, RZ, RZ, UR4","0","0","0","0","0","0","0","0","0","-","-","-","0","0","0","0","0","0","0","0","0","0","0","0","0","0","0","0","0","0","0","0","0","0","0","0","0","0","0","0","0","0","0","0","0","0","0","0","0","0","0"
"0x7a6e0b9a2960","@!P0  BRA 0x7a6e0b9a28e0","0","0","0","0","0","0","0","0","0","-","-","-","0","0","0","0","0","0","0","0","0","0","0","0","0","0","0","0","0","0","0","0","0","0","0","0","0","0","0","0","0","0","0","0","0","0","0","0","0","0","0"
"0x7a6e0b9a2970","      VIADD R2, R0, 0x10","0","0","0","148","148","148","1","1","0","-","-","-","0","0","0","0","0","0","0","0","0","0","0","0","0","0","0","0","0","0","0","0","0","0","0","0","0","0","0","0","0","0","0","0","0","0","0","0","0","0","0"
"0x7a6e0b9a2980","      UMOV UR4, 0x50","0","0","0","148","148","148","1","1","0","-","-","-","0","0","0","0","0","0","0","0","0","0","0","0","0","0","0","0","0","0","0","0","0","0","0","0","0","0","0","0","0","0","0","0","0","0","0","0","0","0","0"
"0x7a6e0b9a2990","      IMAD.MOV.U32 R4, RZ, RZ, 0xffff","0","0","0","148","148","148","1","1","0","-","-","-","0","0","0","0","0","0","0","0","0","0","0","0","0","0","0","0","0","0","0","0","0","0","0","0","0","0","0","0","0","0","0","0","0","0","0","0","0","0","0"
"0x7a6e0b9a29a0","      ULEA UR4, UR8, UR4, 0x18","0","0","0","148","148","148","1","1","0","-","-","-","0","0","0","0","0","0","0","0","0","0","0","0","0","0","0","0","0","0","0","0","0","0","0","0","0","0","0","0","0","0","0","0","0","0","0","0","0","0","0"
"0x7a6e0b9a29b0","      SHF.L.U32 R2, R3, R2, RZ","0","0","0","148","148","148","1","1","0","-","-","-","0","0","0","0","0","0","0","0","0","0","0","0","0","0","0","0","0","0","0","0","0","0","0","0","0","0","0","0","0","0","0","0","0","0","0","0","0","0","0"
"0x7a6e0b9a29c0","      SHF.L.U32 R3, R4, R0, RZ","0","0","0","148","148","148","1","1","0","-","-","-","0","0","0","0","0","0","0","0","0","0","0","0","0","0","0","0","0","0","0","0","0","0","0","0","0","0","0","0","0","0","0","0","0","0","0","0","0","0","0"
"0x7a6e0b9a29d0","      IMAD.SHL.U32 R0, R0, 0x20, RZ","0","0","0","148","148","148","1","1","0","-","-","-","0","0","0","0","0","0","0","0","0","0","0","0","0","0","0","0","0","0","0","0","0","0","0","0","0","0","0","0","0","0","0","0","0","0","0","0","0","0","0"
"0x7a6e0b9a29e0","      LOP3.LUT R2, R2, R3, RZ, 0xfc, !PT","0","0","0","148","148","148","1","1","0","-","-","-","0","0","0","0","0","0","0","0","0","0","0","0","0","0","0","0","0","0","0","0","0","0","0","0","0","0","0","0","0","0","0","0","0","0","0","0","0","0","0"
"0x7a6e0b9a29f0","      ATOMS.OR RZ, [UR4], R2","0","0","0","148","148","148","1","1","0","Shared","Atomic","32","1","0","148","148","0","0","0","0","0","0","0","0","0","0","0","0","0","0","0","0","0","0","0","0","0","0","0","0","0","0","0","0","0","0","0","0","0","0","0"
"0x7a6e0b9a2a00","      STS [UR18+0x148], R0","0","0","0","148","148","148","1","1","0","Shared","Store","32","1","0","148","148","0","0","0","0","0","0","0","0","0","0","0","0","0","0","0","0","0","0","0","0","0","0","0","0","0","0","0","0","0","0","0","0","0","0","0"
"0x7a6e0b9a2a10","      BRA 0x7a6e0b9a2a60","0","0","0","148","148","148","1","1","0","-","-","-","0","0","0","0","0","0","0","0","0","0","0","0","0","0","0","0","0","0","0","0","0","0","0","0","0","0","0","0","0","0","0","0","0","0","0","0","0","0","0"
"0x7a6e0b9a2a20","      MOV R0, 0xffffffff","0","0","0","0","0","0","0","0","0","-","-","-","0","0","0","0","0","0","0","0","0","0","0","0","0","0","0","0","0","0","0","0","0","0","0","0","0","0","0","0","0","0","0","0","0","0","0","0","0","0","0"
"0x7a6e0b9a2a30","      MOV R2, 0x1460","0","0","0","0","0","0","0","0","0","-","-","-","0","0","0","0","0","0","0","0","0","0","0","0","0","0","0","0","0","0","0","0","0","0","0","0","0","0","0","0","0","0","0","0","0","0","0","0","0","0","0"
"0x7a6e0b9a2a40","      STS [UR18+0x148], R0","0","0","0","0","0","0","0","0","0","","","","0","0","0","0","0","0","0","0","0","0","0","0","0","0","0","0","0","0","0","0","0","0","0","0","0","0","0","0","0","0","0","0","0","0","0","0","0","0","0"
"0x7a6e0b9a2a50","      CALL.REL.NOINC 0x7a6e0b9ae570","0","0","0","0","0","0","0","0","0","-","-","-","0","0","0","0","0","0","0","0","0","0","0","0","0","0","0","0","0","0","0","0","0","0","0","0","0","0","0","0","0","0","0","0","0","0","0","0","0","0","0"
"0x7a6e0b9a2a60","      WARPSYNC.ALL","0","0","0","296","4736","4736","16","16","0","-","-","-","0","0","0","0","0","0","0","0","0","0","0","0","0","0","0","0","0","0","0","0","0","0","0","0","0","0","0","0","0","0","0","0","0","0","0","0","0","0","0"
"0x7a6e0b9a2a70","      NOP","0","0","0","148","4736","4736","32","32","0","-","-","-","0","0","0","0","0","0","0","0","0","0","0","0","0","0","0","0","0","0","0","0","0","0","0","0","0","0","0","0","0","0","0","0","0","0","0","0","0","0","0"
"0x7a6e0b9a2a80","      UIADD3 UR5, UR18, 0x10c00, URZ","0","0","0","148","4736","4736","32","32","0","-","-","-","0","0","0","0","0","0","0","0","0","0","0","0","0","0","0","0","0","0","0","0","0","0","0","0","0","0","0","0","0","0","0","0","0","0","0","0","0","0","0"
"0x7a6e0b9a2a90","      S2UR UR9, SR_CTAID.X","0","0","0","148","4736","4736","32","32","0","-","-","-","0","0","0","0","0","0","0","0","0","0","0","0","0","0","0","0","0","0","0","0","0","0","0","0","0","0","0","0","0","0","0","0","0","0","0","0","0","0","0"
"0x7a6e0b9a2aa0","      UIADD3 UR4, UR18, 0x12c00, URZ","0","0","0","148","4736","4736","32","32","0","-","-","-","0","0","0","0","0","0","0","0","0","0","0","0","0","0","0","0","0","0","0","0","0","0","0","0","0","0","0","0","0","0","0","0","0","0","0","0","0","0","0"
"0x7a6e0b9a2ab0","      NOP","0","0","0","148","4736","4736","32","32","0","-","-","-","0","0","0","0","0","0","0","0","0","0","0","0","0","0","0","0","0","0","0","0","0","0","0","0","0","0","0","0","0","0","0","0","0","0","0","0","0","0","0"
"0x7a6e0b9a2ac0","      USHF.R.U32.HI UR5, URZ, 0x4, UR5","0","0","0","148","4736","4736","32","32","0","-","-","-","0","0","0","0","0","0","0","0","0","0","0","0","0","0","0","0","0","0","0","0","0","0","0","0","0","0","0","0","0","0","0","0","0","0","0","0","0","0","0"
"0x7a6e0b9a2ad0","      USHF.R.U32.HI UR4, URZ, 0x4, UR4","0","0","0","148","4736","4736","32","32","0","-","-","-","0","0","0","0","0","0","0","0","0","0","0","0","0","0","0","0","0","0","0","0","0","0","0","0","0","0","0","0","0","0","0","0","0","0","0","0","0","0","0"
"0x7a6e0b9a2ae0","      ULOP3.LUT UR5, UR5, 0x3fc0, URZ, 0xc0, !UPT","0","0","0","148","4736","4736","32","32","0","-","-","-","0","0","0","0","0","0","0","0","0","0","0","0","0","0","0","0","0","0","0","0","0","0","0","0","0","0","0","0","0","0","0","0","0","0","0","0","0","0","0"
"0x7a6e0b9a2af0","      ULOP3.LUT UR4, UR4, 0x3fc0, URZ, 0xc0, !UPT","0","0","0","148","4736","4736","32","32","0","-","-","-","0","0","0","0","0","0","0","0","0","0","0","0","0","0","0","0","0","0","0","0","0","0","0","0","0","0","0","0","0","0","0","0","0","0","0","0","0","0","0"
"0x7a6e0b9a2b00","      ULOP3.LUT UR5, UR5, 0x10000, URZ, 0xfc, !UPT","0","0","0","148","4736","4736","32","32","0","-","-","-","0","0","0","0","0","0","0","0","0","0","0","0","0","0","0","0","0","0","0","0","0","0","0","0","0","0","0","0","0","0","0","0","0","0","0","0","0","0","0"
"0x7a6e0b9a2b10","      ULOP3.LUT UR4, UR4, 0x10000, URZ, 0xfc, !UPT","0","0","0","148","4736","4736","32","32","0","-","-","-","0","0","0","0","0","0","0","0","0","0","0","0","0","0","0","0","0","0","0","0","0","0","0","0","0","0","0","0","0","0","0","0","0","0","0","0","0","0","0"
"0x7a6e0b9a2b20","      LDCU UR7, c[0x0][0x390]","0","0","0","148","4736","4736","32","32","0","-","-","-","0","0","0","0","0","0","0","0","0","0","0","0","0","0","0","0","0","0","0","0","0","0","0","0","0","0","0","0","0","0","0","0","0","0","0","0","0","0","0"
"0x7a6e0b9a2b30","      IMAD.U32 R0, RZ, RZ, UR5","0","0","0","148","4736","4736","32","32","0","-","-","-","0","0","0","0","0","0","0","0","0","0","0","0","0","0","0","0","0","0","0","0","0","0","0","0","0","0","0","0","0","0","0","0","0","0","0","0","0","0","0"
"0x7a6e0b9a2b40","      IMAD.U32 R3, RZ, RZ, UR4","0","0","0","148","4736","4736","32","32","0","-","-","-","0","0","0","0","0","0","0","0","0","0","0","0","0","0","0","0","0","0","0","0","0","0","0","0","0","0","0","0","0","0","0","0","0","0","0","0","0","0","0"
"0x7a6e0b9a2b50","      LDCU UR10, c[0x0][0x5ec]","0","0","0","148","4736","4736","32","32","0","-","-","-","0","0","0","0","0","0","0","0","0","0","0","0","0","0","0","0","0","0","0","0","0","0","0","0","0","0","0","0","0","0","0","0","0","0","0","0","0","0","0"
"0x7a6e0b9a2b60","      SHFL.IDX PT, R2, R0, RZ, 0x1f","0","0","0","148","4736","4736","32","32","0","-","-","-","0","0","0","0","0","0","0","0","0","0","0","0","0","0","0","0","0","0","0","0","0","0","0","0","0","0","0","0","0","0","0","0","0","0","0","0","0","0","0"
"0x7a6e0b9a2b70","      SHFL.IDX PT, R0, R3, RZ, 0x1f","0","0","0","148","4736","4736","32","32","0","-","-","-","0","0","0","0","0","0","0","0","0","0","0","0","0","0","0","0","0","0","0","0","0","0","0","0","0","0","0","0","0","0","0","0","0","0","0","0","0","0","0"
"0x7a6e0b9a2b80","      UIADD3 UR6, UR7, -0x1, URZ","0","0","0","148","4736","4736","32","32","0","-","-","-","0","0","0","0","0","0","0","0","0","0","0","0","0","0","0","0","0","0","0","0","0","0","0","0","0","0","0","0","0","0","0","0","0","0","0","0","0","0","0"
"0x7a6e0b9a2b90","      UIADD3 UR4, -UR7, URZ, URZ","0","0","0","148","4736","4736","32","32","0","-","-","-","0","0","0","0","0","0","0","0","0","0","0","0","0","0","0","0","0","0","0","0","0","0","0","0","0","0","0","0","0","0","0","0","0","0","0","0","0","0","0"
"0x7a6e0b9a2ba0","      USHF.R.S32.HI UR5, URZ, 0x1f, UR6","0","0","0","148","4736","4736","32","32","0","-","-","-","0","0","0","0","0","0","0","0","0","0","0","0","0","0","0","0","0","0","0","0","0","0","0","0","0","0","0","0","0","0","0","0","0","0","0","0","0","0","0"
"0x7a6e0b9a2bb0","      UISETP.GE.AND UP0, UPT, UR9, UR10, UPT","0","0","0","148","4736","4736","32","32","0","-","-","-","0","0","0","0","0","0","0","0","0","0","0","0","0","0","0","0","0","0","0","0","0","0","0","0","0","0","0","0","0","0","0","0","0","0","0","0","0","0","0"
"0x7a6e0b9a2bc0","      ULEA.HI UR5, UR5, UR6, URZ, 0x7","0","0","0","148","4736","4736","32","32","0","-","-","-","0","0","0","0","0","0","0","0","0","0","0","0","0","0","0","0","0","0","0","0","0","0","0","0","0","0","0","0","0","0","0","0","0","0","0","0","0","0","0"
"0x7a6e0b9a2bd0","      USHF.R.S32.HI UR4, URZ, 0x1f, UR4","0","0","0","148","4736","4736","32","32","0","-","-","-","0","0","0","0","0","0","0","0","0","0","0","0","0","0","0","0","0","0","0","0","0","0","0","0","0","0","0","0","0","0","0","0","0","0","0","0","0","0","0"
"0x7a6e0b9a2be0","      USHF.R.S32.HI UR35, URZ, 0x7, UR5","0","0","0","148","4736","4736","32","32","0","-","-","-","0","0","0","0","0","0","0","0","0","0","0","0","0","0","0","0","0","0","0","0","0","0","0","0","0","0","0","0","0","0","0","0","0","0","0","0","0","0","0"
"0x7a6e0b9a2bf0","      R2UR UR58, R2","0","0","0","148","4736","4736","32","32","0","-","-","-","0","0","0","0","0","0","0","0","0","0","0","0","0","0","0","0","0","0","0","0","0","0","0","0","0","0","0","0","0","0","0","0","0","0","0","0","0","0","0"
"0x7a6e0b9a2c00","      UISETP.GT.AND UP1, UPT, UR7, URZ, UPT","0","0","0","148","4736","4736","32","32","0","-","-","-","0","0","0","0","0","0","0","0","0","0","0","0","0","0","0","0","0","0","0","0","0","0","0","0","0","0","0","0","0","0","0","0","0","0","0","0","0","0","0"
"0x7a6e0b9a2c10","      ULEA.HI UR4, UR4, -UR7, URZ, 0x7","0","0","0","148","4736","4736","32","32","0","-","-","-","0","0","0","0","0","0","0","0","0","0","0","0","0","0","0","0","0","0","0","0","0","0","0","0","0","0","0","0","0","0","0","0","0","0","0","0","0","0","0"
"0x7a6e0b9a2c20","      R2UR UR5, R0","0","0","0","148","4736","4736","32","32","0","-","-","-","0","0","0","0","0","0","0","0","0","0","0","0","0","0","0","0","0","0","0","0","0","0","0","0","0","0","0","0","0","0","0","0","0","0","0","0","0","0","0"
"0x7a6e0b9a2c30","      USHF.R.S32.HI UR4, URZ, 0x7, UR4","0","0","0","148","4736","4736","32","32","0","-","-","-","0","0","0","0","0","0","0","0","0","0","0","0","0","0","0","0","0","0","0","0","0","0","0","0","0","0","0","0","0","0","0","0","0","0","0","0","0","0","0"
"0x7a6e0b9a2c40","@!UP1 ULOP3.LUT UR35, URZ, UR4, URZ, 0x33, !UPT","0","0","0","148","4736","0","32","0","0","-","-","-","0","0","0","0","0","0","0","0","0","0","0","0","0","0","0","0","0","0","0","0","0","0","0","0","0","0","0","0","0","0","0","0","0","0","0","0","0","0","0"
"0x7a6e0b9a2c50","      BRA.U UP0, 0x7a6e0b9a4680","0","0","0","148","4736","4736","32","32","0","-","-","-","0","0","0","0","0","0","0","0","0","0","0","0","0","0","0","0","0","0","0","0","0","0","0","0","0","0","0","0","0","0","0","0","0","0","0","0","0","0","0"
"0x7a6e0b9a2c60","      LDCU UR7, c[0x0][0x370]","0","0","0","148","4736","4736","32","32","0","-","-","-","0","0","0","0","0","0","0","0","0","0","0","0","0","0","0","0","0","0","0","0","0","0","0","0","0","0","0","0","0","0","0","0","0","0","0","0","0","0","0"
"0x7a6e0b9a2c70","      IMAD.U32 R4, RZ, RZ, UR9","0","0","0","148","4736","4736","32","32","0","-","-","-","0","0","0","0","0","0","0","0","0","0","0","0","0","0","0","0","0","0","0","0","0","0","0","0","0","0","0","0","0","0","0","0","0","0","0","0","0","0","0"
"0x7a6e0b9a2c80","      UIADD3 UR6, UR18, 0x24c00, URZ","0","0","0","148","4736","4736","32","32","0","-","-","-","0","0","0","0","0","0","0","0","0","0","0","0","0","0","0","0","0","0","0","0","0","0","0","0","0","0","0","0","0","0","0","0","0","0","0","0","0","0","0"
"0x7a6e0b9a2c90","      UIADD3 UR4, UR18, 0x25400, URZ","0","0","0","148","4736","4736","32","32","0","-","-","-","0","0","0","0","0","0","0","0","0","0","0","0","0","0","0","0","0","0","0","0","0","0","0","0","0","0","0","0","0","0","0","0","0","0","0","0","0","0","0"
"0x7a6e0b9a2ca0","      UIADD3 UR11, UR18, 0x18, URZ","0","0","0","148","4736","4736","32","32","0","-","-","-","0","0","0","0","0","0","0","0","0","0","0","0","0","0","0","0","0","0","0","0","0","0","0","0","0","0","0","0","0","0","0","0","0","0","0","0","0","0","0"
"0x7a6e0b9a2cb0","      UIADD3 UR10, UR18, 0x80, URZ","0","0","0","148","4736","4736","32","32","0","-","-","-","0","0","0","0","0","0","0","0","0","0","0","0","0","0","0","0","0","0","0","0","0","0","0","0","0","0","0","0","0","0","0","0","0","0","0","0","0","0","0"
"0x7a6e0b9a2cc0","      USHF.R.U32.HI UR6, URZ, 0x4, UR6","0","0","0","148","4736","4736","32","32","0","-","-","-","0","0","0","0","0","0","0","0","0","0","0","0","0","0","0","0","0","0","0","0","0","0","0","0","0","0","0","0","0","0","0","0","0","0","0","0","0","0","0"
"0x7a6e0b9a2cd0","      ULEA.HI UR44, URZ, 0x8201680, URZ, 0x1f","0","0","0","148","4736","4736","32","32","0","-","-","-","0","0","0","0","0","0","0","0","0","0","0","0","0","0","0","0","0","0","0","0","0","0","0","0","0","0","0","0","0","0","0","0","0","0","0","0","0","0","0"
"0x7a6e0b9a2ce0","      UIADD3 UR8, UR5, 0x2, URZ","0","0","0","148","4736","4736","32","32","0","-","-","-","0","0","0","0","0","0","0","0","0","0","0","0","0","0","0","0","0","0","0","0","0","0","0","0","0","0","0","0","0","0","0","0","0","0","0","0","0","0","0"
"0x7a6e0b9a2cf0","      USHF.R.U32.HI UR4, URZ, 0x4, UR4","0","0","0","148","4736","4736","32","32","0","-","-","-","0","0","0","0","0","0","0","0","0","0","0","0","0","0","0","0","0","0","0","0","0","0","0","0","0","0","0","0","0","0","0","0","0","0","0","0","0","0","0"
"0x7a6e0b9a2d00","      IMAD.U32 R5, RZ, RZ, UR7","0","0","0","148","4736","4736","32","32","0","-","-","-","0","0","0","0","0","0","0","0","0","0","0","0","0","0","0","0","0","0","0","0","0","0","0","0","0","0","0","0","0","0","0","0","0","0","0","0","0","0","0"
"0x7a6e0b9a2d10","      ULOP3.LUT UR6, UR6, 0x3fc0, URZ, 0xc0, !UPT","0","0","0","148","4736","4736","32","32","0","-","-","-","0","0","0","0","0","0","0","0","0","0","0","0","0","0","0","0","0","0","0","0","0","0","0","0","0","0","0","0","0","0","0","0","0","0","0","0","0","0","0"
"0x7a6e0b9a2d20","      ULEA.HI UR45, URZ, UR44, URZ, 0x6","0","0","0","148","4736","4736","32","32","0","-","-","-","0","0","0","0","0","0","0","0","0","0","0","0","0","0","0","0","0","0","0","0","0","0","0","0","0","0","0","0","0","0","0","0","0","0","0","0","0","0","0"
"0x7a6e0b9a2d30","      MOV R6, UR8","0","0","0","148","4736","4736","32","32","0","-","-","-","0","0","0","0","0","0","0","0","0","0","0","0","0","0","0","0","0","0","0","0","0","0","0","0","0","0","0","0","0","0","0","0","0","0","0","0","0","0","0"
"0x7a6e0b9a2d40","      UMOV UR10, UR5","0","0","0","148","4736","4736","32","32","0","-","-","-","0","0","0","0","0","0","0","0","0","0","0","0","0","0","0","0","0","0","0","0","0","0","0","0","0","0","0","0","0","0","0","0","0","0","0","0","0","0","0"
"0x7a6e0b9a2d50","      UMOV UR11, 0x80004020","0","0","0","148","4736","4736","32","32","0","-","-","-","0","0","0","0","0","0","0","0","0","0","0","0","0","0","0","0","0","0","0","0","0","0","0","0","0","0","0","0","0","0","0","0","0","0","0","0","0","0","0"
"0x7a6e0b9a2d60","      UMOV UR9, 0x80004020","0","0","0","148","4736","4736","32","32","0","-","-","-","0","0","0","0","0","0","0","0","0","0","0","0","0","0","0","0","0","0","0","0","0","0","0","0","0","0","0","0","0","0","0","0","0","0","0","0","0","0","0"
"0x7a6e0b9a2d70","      ULOP3.LUT UR36, UR6, 0x10000, URZ, 0xfc, !UPT","0","0","0","148","4736","4736","32","32","0","-","-","-","0","0","0","0","0","0","0","0","0","0","0","0","0","0","0","0","0","0","0","0","0","0","0","0","0","0","0","0","0","0","0","0","0","0","0","0","0","0","0"
"0x7a6e0b9a2d80","      MOV R8, UR10","0","0","0","148","4736","4736","32","32","0","-","-","-","0","0","0","0","0","0","0","0","0","0","0","0","0","0","0","0","0","0","0","0","0","0","0","0","0","0","0","0","0","0","0","0","0","0","0","0","0","0","0"
"0x7a6e0b9a2d90","      ULOP3.LUT UR4, UR4, 0x3fc0, URZ, 0xc0, !UPT","0","0","0","148","4736","4736","32","32","0","-","-","-","0","0","0","0","0","0","0","0","0","0","0","0","0","0","0","0","0","0","0","0","0","0","0","0","0","0","0","0","0","0","0","0","0","0","0","0","0","0","0"
"0x7a6e0b9a2da0","      IMAD.U32 R9, RZ, RZ, UR11","0","0","0","148","4736","4736","32","32","0","-","-","-","0","0","0","0","0","0","0","0","0","0","0","0","0","0","0","0","0","0","0","0","0","0","0","0","0","0","0","0","0","0","0","0","0","0","0","0","0","0","0"
"0x7a6e0b9a2db0","      MOV R7, UR9","0","0","0","148","4736","4736","32","32","0","-","-","-","0","0","0","0","0","0","0","0","0","0","0","0","0","0","0","0","0","0","0","0","0","0","0","0","0","0","0","0","0","0","0","0","0","0","0","0","0","0","0"
"0x7a6e0b9a2dc0","      UIADD3 UR7, UR18, 0x78, URZ","0","0","0","148","4736","4736","32","32","0","-","-","-","0","0","0","0","0","0","0","0","0","0","0","0","0","0","0","0","0","0","0","0","0","0","0","0","0","0","0","0","0","0","0","0","0","0","0","0","0","0","0"
"0x7a6e0b9a2dd0","      UIADD3 UR7, UR18, 0x10, URZ","0","0","0","148","4736","4736","32","32","0","-","-","-","0","0","0","0","0","0","0","0","0","0","0","0","0","0","0","0","0","0","0","0","0","0","0","0","0","0","0","0","0","0","0","0","0","0","0","0","0","0","0"
"0x7a6e0b9a2de0","      UMOV UR23, URZ","0","0","0","148","4736","4736","32","32","0","-","-","-","0","0","0","0","0","0","0","0","0","0","0","0","0","0","0","0","0","0","0","0","0","0","0","0","0","0","0","0","0","0","0","0","0","0","0","0","0","0","0"
"0x7a6e0b9a2df0","      UMOV UR19, URZ","0","0","0","148","4736","4736","32","32","0","-","-","-","0","0","0","0","0","0","0","0","0","0","0","0","0","0","0","0","0","0","0","0","0","0","0","0","0","0","0","0","0","0","0","0","0","0","0","0","0","0","0"
"0x7a6e0b9a2e00","      UMOV UR33, URZ","0","0","0","148","4736","4736","32","32","0","-","-","-","0","0","0","0","0","0","0","0","0","0","0","0","0","0","0","0","0","0","0","0","0","0","0","0","0","0","0","0","0","0","0","0","0","0","0","0","0","0","0"
"0x7a6e0b9a2e10","      UMOV UR32, URZ","0","0","0","148","4736","4736","32","32","0","-","-","-","0","0","0","0","0","0","0","0","0","0","0","0","0","0","0","0","0","0","0","0","0","0","0","0","0","0","0","0","0","0","0","0","0","0","0","0","0","0","0"
"0x7a6e0b9a2e20","      UMOV UR63, URZ","0","0","0","148","4736","4736","32","32","0","-","-","-","0","0","0","0","0","0","0","0","0","0","0","0","0","0","0","0","0","0","0","0","0","0","0","0","0","0","0","0","0","0","0","0","0","0","0","0","0","0","0"
"0x7a6e0b9a2e30","      UIADD3 UR34, UR18, 0x20, URZ","0","0","0","148","4736","4736","32","32","0","-","-","-","0","0","0","0","0","0","0","0","0","0","0","0","0","0","0","0","0","0","0","0","0","0","0","0","0","0","0","0","0","0","0","0","0","0","0","0","0","0","0"
"0x7a6e0b9a2e40","      UMOV UR76, 0x0","0","0","0","148","4736","4736","32","32","0","-","-","-","0","0","0","0","0","0","0","0","0","0","0","0","0","0","0","0","0","0","0","0","0","0","0","0","0","0","0","0","0","0","0","0","0","0","0","0","0","0","0"
"0x7a6e0b9a2e50","      UMOV UR77, 0x8210010","0","0","0","148","4736","4736","32","32","0","-","-","-","0","0","0","0","0","0","0","0","0","0","0","0","0","0","0","0","0","0","0","0","0","0","0","0","0","0","0","0","0","0","0","0","0","0","0","0","0","0","0"
"0x7a6e0b9a2e60","      UMOV UR74, 0x0","0","0","0","148","4736","4736","32","32","0","-","-","-","0","0","0","0","0","0","0","0","0","0","0","0","0","0","0","0","0","0","0","0","0","0","0","0","0","0","0","0","0","0","0","0","0","0","0","0","0","0","0"
"0x7a6e0b9a2e70","      UMOV UR75, 0x8210010","0","0","0","148","4736","4736","32","32","0","-","-","-","0","0","0","0","0","0","0","0","0","0","0","0","0","0","0","0","0","0","0","0","0","0","0","0","0","0","0","0","0","0","0","0","0","0","0","0","0","0","0"
"0x7a6e0b9a2e80","      UMOV UR72, 0x0","0","0","0","148","4736","4736","32","32","0","-","-","-","0","0","0","0","0","0","0","0","0","0","0","0","0","0","0","0","0","0","0","0","0","0","0","0","0","0","0","0","0","0","0","0","0","0","0","0","0","0","0"
"0x7a6e0b9a2e90","      UMOV UR73, 0x8210010","0","0","0","148","4736","4736","32","32","0","-","-","-","0","0","0","0","0","0","0","0","0","0","0","0","0","0","0","0","0","0","0","0","0","0","0","0","0","0","0","0","0","0","0","0","0","0","0","0","0","0","0"
"0x7a6e0b9a2ea0","      UIADD3 UR48, UR58, 0x2, URZ","0","0","0","148","4736","4736","32","32","0","-","-","-","0","0","0","0","0","0","0","0","0","0","0","0","0","0","0","0","0","0","0","0","0","0","0","0","0","0","0","0","0","0","0","0","0","0","0","0","0","0","0"
"0x7a6e0b9a2eb0","      UIADD3 UR62, UR18, 0x70, URZ","0","0","0","148","4736","4736","32","32","0","-","-","-","0","0","0","0","0","0","0","0","0","0","0","0","0","0","0","0","0","0","0","0","0","0","0","0","0","0","0","0","0","0","0","0","0","0","0","0","0","0","0"
"0x7a6e0b9a2ec0","      UMOV UR70, 0x0","0","0","0","148","4736","4736","32","32","0","-","-","-","0","0","0","0","0","0","0","0","0","0","0","0","0","0","0","0","0","0","0","0","0","0","0","0","0","0","0","0","0","0","0","0","0","0","0","0","0","0","0"
"0x7a6e0b9a2ed0","      UMOV UR71, 0x8210010","0","0","0","148","4736","4736","32","32","0","-","-","-","0","0","0","0","0","0","0","0","0","0","0","0","0","0","0","0","0","0","0","0","0","0","0","0","0","0","0","0","0","0","0","0","0","0","0","0","0","0","0"
"0x7a6e0b9a2ee0","      UMOV UR68, 0x0","0","0","0","148","4736","4736","32","32","0","-","-","-","0","0","0","0","0","0","0","0","0","0","0","0","0","0","0","0","0","0","0","0","0","0","0","0","0","0","0","0","0","0","0","0","0","0","0","0","0","0","0"
"0x7a6e0b9a2ef0","      UMOV UR69, 0x8210010","0","0","0","148","4736","4736","32","32","0","-","-","-","0","0","0","0","0","0","0","0","0","0","0","0","0","0","0","0","0","0","0","0","0","0","0","0","0","0","0","0","0","0","0","0","0","0","0","0","0","0","0"
"0x7a6e0b9a2f00","      UMOV UR66, 0x0","0","0","0","148","4736","4736","32","32","0","-","-","-","0","0","0","0","0","0","0","0","0","0","0","0","0","0","0","0","0","0","0","0","0","0","0","0","0","0","0","0","0","0","0","0","0","0","0","0","0","0","0"
"0x7a6e0b9a2f10","      UMOV UR67, 0x8210010","0","0","0","148","4736","4736","32","32","0","-","-","-","0","0","0","0","0","0","0","0","0","0","0","0","0","0","0","0","0","0","0","0","0","0","0","0","0","0","0","0","0","0","0","0","0","0","0","0","0","0","0"
"0x7a6e0b9a2f20","      UMOV UR64, 0x0","0","0","0","148","4736","4736","32","32","0","-","-","-","0","0","0","0","0","0","0","0","0","0","0","0","0","0","0","0","0","0","0","0","0","0","0","0","0","0","0","0","0","0","0","0","0","0","0","0","0","0","0"
"0x7a6e0b9a2f30","      UMOV UR65, 0x8210010","0","0","0","148","4736","4736","32","32","0","-","-","-","0","0","0","0","0","0","0","0","0","0","0","0","0","0","0","0","0","0","0","0","0","0","0","0","0","0","0","0","0","0","0","0","0","0","0","0","0","0","0"
"0x7a6e0b9a2f40","      UIADD3 UR46, UR5, 0x2, URZ","0","0","0","148","4736","4736","32","32","0","-","-","-","0","0","0","0","0","0","0","0","0","0","0","0","0","0","0","0","0","0","0","0","0","0","0","0","0","0","0","0","0","0","0","0","0","0","0","0","0","0","0"
"0x7a6e0b9a2f50","      UIADD3 UR61, UR18, 0x78, URZ","0","0","0","148","4736","4736","32","32","0","-","-","-","0","0","0","0","0","0","0","0","0","0","0","0","0","0","0","0","0","0","0","0","0","0","0","0","0","0","0","0","0","0","0","0","0","0","0","0","0","0","0"
"0x7a6e0b9a2f60","      UIADD3 UR7, UR18, 0x88, URZ","0","0","0","148","4736","4736","32","32","0","-","-","-","0","0","0","0","0","0","0","0","0","0","0","0","0","0","0","0","0","0","0","0","0","0","0","0","0","0","0","0","0","0","0","0","0","0","0","0","0","0","0"
"0x7a6e0b9a2f70","      UMOV UR54, UR5","0","0","0","148","4736","4736","32","32","0","-","-","-","0","0","0","0","0","0","0","0","0","0","0","0","0","0","0","0","0","0","0","0","0","0","0","0","0","0","0","0","0","0","0","0","0","0","0","0","0","0","0"
"0x7a6e0b9a2f80","      UMOV UR55, 0x80004020","0","0","0","148","4736","4736","32","32","0","-","-","-","0","0","0","0","0","0","0","0","0","0","0","0","0","0","0","0","0","0","0","0","0","0","0","0","0","0","0","0","0","0","0","0","0","0","0","0","0","0","0"
"0x7a6e0b9a2f90","      UMOV UR49, 0x80004020","0","0","0","148","4736","4736","32","32","0","-","-","-","0","0","0","0","0","0","0","0","0","0","0","0","0","0","0","0","0","0","0","0","0","0","0","0","0","0","0","0","0","0","0","0","0","0","0","0","0","0","0"
"0x7a6e0b9a2fa0","      UMOV UR47, 0x80004020","0","0","0","148","4736","4736","32","32","0","-","-","-","0","0","0","0","0","0","0","0","0","0","0","0","0","0","0","0","0","0","0","0","0","0","0","0","0","0","0","0","0","0","0","0","0","0","0","0","0","0","0"
"0x7a6e0b9a2fb0","      UMOV UR44, URZ","0","0","0","148","4736","4736","32","32","0","-","-","-","0","0","0","0","0","0","0","0","0","0","0","0","0","0","0","0","0","0","0","0","0","0","0","0","0","0","0","0","0","0","0","0","0","0","0","0","0","0","0"
"0x7a6e0b9a2fc0","      UIADD3 UR42, UR36, 0x20, URZ","0","0","0","148","4736","4736","32","32","0","-","-","-","0","0","0","0","0","0","0","0","0","0","0","0","0","0","0","0","0","0","0","0","0","0","0","0","0","0","0","0","0","0","0","0","0","0","0","0","0","0","0"
"0x7a6e0b9a2fd0","      UMOV UR56, URZ","0","0","0","148","4736","4736","32","32","0","-","-","-","0","0","0","0","0","0","0","0","0","0","0","0","0","0","0","0","0","0","0","0","0","0","0","0","0","0","0","0","0","0","0","0","0","0","0","0","0","0","0"
"0x7a6e0b9a2fe0","      UMOV UR57, UR45","0","0","0","148","4736","4736","32","32","0","-","-","-","0","0","0","0","0","0","0","0","0","0","0","0","0","0","0","0","0","0","0","0","0","0","0","0","0","0","0","0","0","0","0","0","0","0","0","0","0","0","0"
"0x7a6e0b9a2ff0","      UIADD3 UR40, UR36, 0x40, URZ","0","0","0","148","4736","4736","32","32","0","-","-","-","0","0","0","0","0","0","0","0","0","0","0","0","0","0","0","0","0","0","0","0","0","0","0","0","0","0","0","0","0","0","0","0","0","0","0","0","0","0","0"
"0x7a6e0b9a3000","      UMOV UR52, URZ","0","0","0","148","4736","4736","32","32","0","-","-","-","0","0","0","0","0","0","0","0","0","0","0","0","0","0","0","0","0","0","0","0","0","0","0","0","0","0","0","0","0","0","0","0","0","0","0","0","0","0","0"
"0x7a6e0b9a3010","      UMOV UR53, UR45","0","0","0","148","4736","4736","32","32","0","-","-","-","0","0","0","0","0","0","0","0","0","0","0","0","0","0","0","0","0","0","0","0","0","0","0","0","0","0","0","0","0","0","0","0","0","0","0","0","0","0","0"
"0x7a6e0b9a3020","      UIADD3 UR38, UR36, 0x60, URZ","0","0","0","148","4736","4736","32","32","0","-","-","-","0","0","0","0","0","0","0","0","0","0","0","0","0","0","0","0","0","0","0","0","0","0","0","0","0","0","0","0","0","0","0","0","0","0","0","0","0","0","0"
"0x7a6e0b9a3030","      UMOV UR50, URZ","0","0","0","148","4736","4736","32","32","0","-","-","-","0","0","0","0","0","0","0","0","0","0","0","0","0","0","0","0","0","0","0","0","0","0","0","0","0","0","0","0","0","0","0","0","0","0","0","0","0","0","0"
"0x7a6e0b9a3040","      UMOV UR51, UR45","0","0","0","148","4736","4736","32","32","0","-","-","-","0","0","0","0","0","0","0","0","0","0","0","0","0","0","0","0","0","0","0","0","0","0","0","0","0","0","0","0","0","0","0","0","0","0","0","0","0","0","0"
"0x7a6e0b9a3050","      ULOP3.LUT UR60, UR4, 0x10000, URZ, 0xfc, !UPT","0","0","0","148","4736","4736","32","32","0","-","-","-","0","0","0","0","0","0","0","0","0","0","0","0","0","0","0","0","0","0","0","0","0","0","0","0","0","0","0","0","0","0","0","0","0","0","0","0","0","0","0"
"0x7a6e0b9a3060","      UMOV UR37, 0x4008","0","0","0","148","4736","4736","32","32","0","-","-","-","0","0","0","0","0","0","0","0","0","0","0","0","0","0","0","0","0","0","0","0","0","0","0","0","0","0","0","0","0","0","0","0","0","0","0","0","0","0","0"
"0x7a6e0b9a3070","      UMOV UR43, 0x4008","0","0","0","148","4736","4736","32","32","0","-","-","-","0","0","0","0","0","0","0","0","0","0","0","0","0","0","0","0","0","0","0","0","0","0","0","0","0","0","0","0","0","0","0","0","0","0","0","0","0","0","0"
"0x7a6e0b9a3080","      UMOV UR41, 0x4008","0","0","0","148","4736","4736","32","32","0","-","-","-","0","0","0","0","0","0","0","0","0","0","0","0","0","0","0","0","0","0","0","0","0","0","0","0","0","0","0","0","0","0","0","0","0","0","0","0","0","0","0"
"0x7a6e0b9a3090","      UMOV UR39, 0x4008","0","0","0","148","4736","4736","32","32","0","-","-","-","0","0","0","0","0","0","0","0","0","0","0","0","0","0","0","0","0","0","0","0","0","0","0","0","0","0","0","0","0","0","0","0","0","0","0","0","0","0","0"
"0x7a6e0b9a30a0","      UMOV UR59, 0x80004020","0","0","0","148","4736","4736","32","32","0","-","-","-","0","0","0","0","0","0","0","0","0","0","0","0","0","0","0","0","0","0","0","0","0","0","0","0","0","0","0","0","0","0","0","0","0","0","0","0","0","0","0"
"0x7a6e0b9a30b0","      USHF.L.U32 UR15, UR63, 0x1f, URZ","1","1","1","3072","98304","98304","32","32","0","-","-","-","0","0","0","0","0","0","0","0","0","0","0","0","0","0","0","1","0","0","0","0","0","0","0","0","0","0","0","0","0","0","0","0","1","0","0","0","0","0","0"
"0x7a6e0b9a30c0","      MOV R0, UR15","0","0","0","3072","98304","98304","32","32","0","-","-","-","0","0","0","0","0","0","0","0","0","0","0","0","0","0","0","0","0","0","0","0","0","0","0","0","0","0","0","0","0","0","0","0","0","0","0","0","0","0","0"
"0x7a6e0b9a30d0","      SYNCS.PHASECHK.TRANS64.TRYWAIT P0, [UR18], R0","0","0","0","3072","98304","98304","32","32","0","-","-","-","0","0","0","0","0","0","0","0","0","0","0","0","0","0","0","0","0","0","0","0","0","0","0","0","0","0","0","0","0","0","0","0","0","0","0","0","0","0","0"
"0x7a6e0b9a30e0","@!P0  BRA 0x7a6e0b9ad180","1","0","1","3072","98304","0","32","0","0","-","-","-","0","0","0","0","0","0","0","0","0","0","0","0","0","0","0","0","0","0","0","0","0","1","0","0","0","0","0","0","0","0","0","0","0","0","0","0","0","0","0"
"0x7a6e0b9a30f0","      USHF.L.U32 UR4, UR23, 0x1f, URZ","0","0","0","3072","98304","98304","32","32","0","-","-","-","0","0","0","0","0","0","0","0","0","0","0","0","0","0","0","0","0","0","0","0","0","0","0","0","0","0","0","0","0","0","0","0","0","0","0","0","0","0","0"
"0x7a6e0b9a3100","      ULEA UR22, UR19, UR18, 0x3","0","0","0","3072","98304","98304","32","32","0","-","-","-","0","0","0","0","0","0","0","0","0","0","0","0","0","0","0","0","0","0","0","0","0","0","0","0","0","0","0","0","0","0","0","0","0","0","0","0","0","0","0"
"0x7a6e0b9a3110","      MOV R0, UR4","0","0","0","3072","98304","98304","32","32","0","-","-","-","0","0","0","0","0","0","0","0","0","0","0","0","0","0","0","0","0","0","0","0","0","0","0","0","0","0","0","0","0","0","0","0","0","0","0","0","0","0","0"
"0x7a6e0b9a3120","      SYNCS.PHASECHK.TRANS64.TRYWAIT P0, [UR22+0x20], R0","1","0","1","3072","98304","98304","32","32","0","-","-","-","0","0","0","0","0","0","0","0","0","0","0","0","0","0","0","0","0","1","0","0","0","0","0","0","0","0","0","0","0","0","0","0","0","0","0","0","0","0","0"
"0x7a6e0b9a3130","@!P0  BRA 0x7a6e0b9ad200","3","1","3","3072","98304","0","32","0","0","-","-","-","0","0","0","0","0","0","0","0","0","0","2","0","0","0","0","0","0","1","0","0","0","0","0","0","0","0","0","1","0","0","0","0","0","0","0","0","0","0","0"
"0x7a6e0b9a3140","      USHF.L.U32 UR14, UR32, 0x1f, URZ","0","0","0","3072","98304","98304","32","32","0","-","-","-","0","0","0","0","0","0","0","0","0","0","0","0","0","0","0","0","0","0","0","0","0","0","0","0","0","0","0","0","0","0","0","0","0","0","0","0","0","0","0"
"0x7a6e0b9a3150","      NOP","0","0","0","3072","98304","98304","32","32","0","-","-","-","0","0","0","0","0","0","0","0","0","0","0","0","0","0","0","0","0","0","0","0","0","0","0","0","0","0","0","0","0","0","0","0","0","0","0","0","0","0","0"
"0x7a6e0b9a3160","      MOV R0, UR14","0","0","0","3072","98304","98304","32","32","0","-","-","-","0","0","0","0","0","0","0","0","0","0","0","0","0","0","0","0","0","0","0","0","0","0","0","0","0","0","0","0","0","0","0","0","0","0","0","0","0","0","0"
"0x7a6e0b9a3170","      SYNCS.PHASECHK.TRANS64.TRYWAIT P0, [UR18+0x128], R0","0","0","0","3072","98304","98304","32","32","0","-","-","-","0","0","0","0","0","0","0","0","0","0","0","0","0","0","0","0","0","0","0","0","0","0","0","0","0","0","0","0","0","0","0","0","0","0","0","0","0","0","0"
"0x7a6e0b9a3180","@!P0  BRA 0x7a6e0b9ad280","4","2","4","3072","98304","0","32","0","0","-","-","-","0","0","0","0","0","0","0","0","0","0","4","0","0","0","0","0","0","0","0","0","0","0","0","0","0","0","0","2","0","0","0","0","0","0","0","0","0","0","0"
"0x7a6e0b9a3190","      ULEA UR4, UR19, UR18, 0xe","1","1","1","3072","98304","98304","32","32","0","-","-","-","0","0","0","0","0","0","0","0","0","0","0","0","0","0","0","0","0","0","0","0","0","1","0","0","0","0","0","0","0","0","0","0","0","0","0","0","0","0","1"
"0x7a6e0b9a31a0","      IMAD.MOV.U32 R0, RZ, RZ, RZ","0","0","0","3072","98304","98304","32","32","0","-","-","-","0","0","0","0","0","0","0","0","0","0","0","0","0","0","0","0","0","0","0","0","0","0","0","0","0","0","0","0","0","0","0","0","0","0","0","0","0","0","0"
"0x7a6e0b9a31b0","      ULEA UR8, UR19, UR60, 0x6","0","0","0","3072","98304","98304","32","32","0","-","-","-","0","0","0","0","0","0","0","0","0","0","0","0","0","0","0","0","0","0","0","0","0","0","0","0","0","0","0","0","0","0","0","0","0","0","0","0","0","0","0"
"0x7a6e0b9a31c0","      UTCCP.T.S.4x32dp128bit tmem[0x80], gdesc[UR36]","0","0","0","3072","98304","98304","32","32","0","TmemShared","Load,Store","-","0","0","0","0","0","0","0","0","0","0","0","0","0","0","0","0","0","0","0","0","0","0","0","0","0","0","0","0","0","0","0","0","0","0","0","0","0","0","0"
"0x7a6e0b9a31d0","      UIADD3 UR4, UR4, 0x14c00, URZ","0","0","0","3072","98304","98304","32","32","0","-","-","-","0","0","0","0","0","0","0","0","0","0","0","0","0","0","0","0","0","0","0","0","0","0","0","0","0","0","0","0","0","0","0","0","0","0","0","0","0","0","0"
"0x7a6e0b9a31e0","      UTCCP.T.S.4x32dp128bit tmem[0x84], gdesc[UR42]","0","0","0","3072","98304","98304","32","32","0","TmemShared","Load,Store","-","0","0","0","0","0","0","0","0","0","0","0","0","0","0","0","0","0","0","0","0","0","0","0","0","0","0","0","0","0","0","0","0","0","0","0","0","0","0","0"
"0x7a6e0b9a31f0","      ULEA.HI UR5, URZ, 0x8201680, URZ, 0x1f","0","0","0","3072","98304","98304","32","32","0","-","-","-","0","0","0","0","0","0","0","0","0","0","0","0","0","0","0","0","0","0","0","0","0","0","0","0","0","0","0","0","0","0","0","0","0","0","0","0","0","0","0"
"0x7a6e0b9a3200","      R2UR UR24, R0","0","0","0","3072","98304","98304","32","32","0","-","-","-","0","0","0","0","0","0","0","0","0","0","0","0","0","0","0","0","0","0","0","0","0","0","0","0","0","0","0","0","0","0","0","0","0","0","0","0","0","0","0"
"0x7a6e0b9a3210","      USHF.R.U32.HI UR4, URZ, 0x4, UR4","0","0","0","3072","98304","98304","32","32","0","-","-","-","0","0","0","0","0","0","0","0","0","0","0","0","0","0","0","0","0","0","0","0","0","0","0","0","0","0","0","0","0","0","0","0","0","0","0","0","0","0","0"
"0x7a6e0b9a3220","      R2UR UR25, R0","0","0","0","3072","98304","98304","32","32","0","-","-","-","0","0","0","0","0","0","0","0","0","0","0","0","0","0","0","0","0","0","0","0","0","0","0","0","0","0","0","0","0","0","0","0","0","0","0","0","0","0","0"
"0x7a6e0b9a3230","      UIADD3 UR12, UR8, 0x20, URZ","0","0","0","3072","98304","98304","32","32","0","-","-","-","0","0","0","0","0","0","0","0","0","0","0","0","0","0","0","0","0","0","0","0","0","0","0","0","0","0","0","0","0","0","0","0","0","0","0","0","0","0","0"
"0x7a6e0b9a3240","      IMAD.U32 R0, RZ, RZ, UR15","0","0","0","3072","98304","98304","32","32","0","-","-","-","0","0","0","0","0","0","0","0","0","0","0","0","0","0","0","0","0","0","0","0","0","0","0","0","0","0","0","0","0","0","0","0","0","0","0","0","0","0","0"
"0x7a6e0b9a3250","      ULOP3.LUT UR4, UR4, 0x3fc0, URZ, 0xc0, !UPT","0","0","0","3072","98304","98304","32","32","0","-","-","-","0","0","0","0","0","0","0","0","0","0","0","0","0","0","0","0","0","0","0","0","0","0","0","0","0","0","0","0","0","0","0","0","0","0","0","0","0","0","0"
"0x7a6e0b9a3260","      ULEA.HI UR5, URZ, UR5, URZ, 0x6","1","0","1","3072","98304","98304","32","32","0","-","-","-","0","0","0","0","0","0","0","0","0","0","0","0","0","0","0","0","0","0","0","0","0","1","0","0","0","0","0","0","0","0","0","0","0","0","0","0","0","0","0"
"0x7a6e0b9a3270","      ULOP3.LUT UR6, UR4, 0x10000, URZ, 0xfc, !UPT","0","0","0","3072","98304","98304","32","32","0","-","-","-","0","0","0","0","0","0","0","0","0","0","0","0","0","0","0","0","0","0","0","0","0","0","0","0","0","0","0","0","0","0","0","0","0","0","0","0","0","0","0"
"0x7a6e0b9a3280","      UMOV UR9, 0x4008","0","0","0","3072","98304","98304","32","32","0","-","-","-","0","0","0","0","0","0","0","0","0","0","0","0","0","0","0","0","0","0","0","0","0","0","0","0","0","0","0","0","0","0","0","0","0","0","0","0","0","0","0"
"0x7a6e0b9a3290","      UMOV UR13, 0x4008","0","0","0","3072","98304","98304","32","32","0","-","-","-","0","0","0","0","0","0","0","0","0","0","0","0","0","0","0","0","0","0","0","0","0","0","0","0","0","0","0","0","0","0","0","0","0","0","0","0","0","0","0"
"0x7a6e0b9a32a0","      UTCCP.T.S.4x32dp128bit tmem[0x88], gdesc[UR8]","0","0","0","3072","98304","98304","32","32","0","TmemShared","Load,Store","-","0","0","0","0","0","0","0","0","0","0","0","0","0","0","0","0","0","0","0","0","0","0","0","0","0","0","0","0","0","0","0","0","0","0","0","0","0","0","0"
"0x7a6e0b9a32b0","      UMOV UR26, 0x80","0","0","0","3072","98304","98304","32","32","0","-","-","-","0","0","0","0","0","0","0","0","0","0","0","0","0","0","0","0","0","0","0","0","0","0","0","0","0","0","0","0","0","0","0","0","0","0","0","0","0","0","0"
"0x7a6e0b9a32c0","      UMOV UR27, 0x88","0","0","0","3072","98304","98304","32","32","0","-","-","-","0","0","0","0","0","0","0","0","0","0","0","0","0","0","0","0","0","0","0","0","0","0","0","0","0","0","0","0","0","0","0","0","0","0","0","0","0","0","0"
"0x7a6e0b9a32d0","      UMOV UR20, UR58","0","0","0","3072","98304","98304","32","32","0","-","-","-","0","0","0","0","0","0","0","0","0","0","0","0","0","0","0","0","0","0","0","0","0","0","0","0","0","0","0","0","0","0","0","0","0","0","0","0","0","0","0"
"0x7a6e0b9a32e0","      UMOV UR21, 0x80004020","0","0","0","3072","98304","98304","32","32","0","-","-","-","0","0","0","0","0","0","0","0","0","0","0","0","0","0","0","0","0","0","0","0","0","0","0","0","0","0","0","0","0","0","0","0","0","0","0","0","0","0","0"
"0x7a6e0b9a32f0","      UMOV UR4, URZ","0","0","0","3072","98304","98304","32","32","0","-","-","-","0","0","0","0","0","0","0","0","0","0","0","0","0","0","0","0","0","0","0","0","0","0","0","0","0","0","0","0","0","0","0","0","0","0","0","0","0","0","0"
"0x7a6e0b9a3300","      UMOV UR7, 0x80004020","0","0","0","3072","98304","98304","32","32","0","-","-","-","0","0","0","0","0","0","0","0","0","0","0","0","0","0","0","0","0","0","0","0","0","0","0","0","0","0","0","0","0","0","0","0","0","0","0","0","0","0","0"
"0x7a6e0b9a3310","      UTCCP.T.S.4x32dp128bit tmem[0x8c], gdesc[UR12]","0","0","0","3072","98304","98304","32","32","0","TmemShared","Load,Store","-","0","0","0","0","0","0","0","0","0","0","0","0","0","0","0","0","0","0","0","0","0","0","0","0","0","0","0","0","0","0","0","0","0","0","0","0","0","0","0"
"0x7a6e0b9a3320","      UTCOMMA.4X gdesc[UR20], gdesc[UR6], tmem[UR24], tmem[UR4], idesc[UR5], tmem, [UR26], !UPT","0","0","0","3072","98304","98304","32","32","0","TmemShared","Load,Store","-","0","0","0","0","0","0","0","0","0","0","0","0","0","0","0","0","0","0","0","0","0","0","0","0","0","0","0","0","0","0","0","0","0","0","0","0","0","0","0"
"0x7a6e0b9a3330","      UIADD3 UR10, UR6, 0x2, URZ","0","0","0","3072","98304","98304","32","32","0","-","-","-","0","0","0","0","0","0","0","0","0","0","0","0","0","0","0","0","0","0","0","0","0","0","0","0","0","0","0","0","0","0","0","0","0","0","0","0","0","0","0"
"0x7a6e0b9a3340","      UIADD3 UR16, UR58, 0x2, URZ","0","0","0","3072","98304","98304","32","32","0","-","-","-","0","0","0","0","0","0","0","0","0","0","0","0","0","0","0","0","0","0","0","0","0","0","0","0","0","0","0","0","0","0","0","0","0","0","0","0","0","0","0"
"0x7a6e0b9a3350","      UMOV UR28, 0x84","0","0","0","3072","98304","98304","32","32","0","-","-","-","0","0","0","0","0","0","0","0","0","0","0","0","0","0","0","0","0","0","0","0","0","0","0","0","0","0","0","0","0","0","0","0","0","0","0","0","0","0","0"
"0x7a6e0b9a3360","      UMOV UR29, 0x8c","0","0","0","3072","98304","98304","32","32","0","-","-","-","0","0","0","0","0","0","0","0","0","0","0","0","0","0","0","0","0","0","0","0","0","0","0","0","0","0","0","0","0","0","0","0","0","0","0","0","0","0","0"
"0x7a6e0b9a3370","      UMOV UR17, 0x80004020","0","0","0","3072","98304","98304","32","32","0","-","-","-","0","0","0","0","0","0","0","0","0","0","0","0","0","0","0","0","0","0","0","0","0","0","0","0","0","0","0","0","0","0","0","0","0","0","0","0","0","0","0"
"0x7a6e0b9a3380","      UMOV UR11, 0x80004020","0","0","0","3072","98304","98304","32","32","0","-","-","-","0","0","0","0","0","0","0","0","0","0","0","0","0","0","0","0","0","0","0","0","0","0","0","0","0","0","0","0","0","0","0","0","0","0","0","0","0","0","0"
"0x7a6e0b9a3390","      UIADD3 UR24, UR18, 0x70, URZ","1","1","1","3072","98304","98304","32","32","0","-","-","-","0","0","0","0","0","0","0","0","0","0","0","0","0","0","0","0","0","0","1","0","0","0","0","0","0","0","0","0","0","0","0","0","0","0","0","1","0","0","0"
"0x7a6e0b9a33a0","      UMOV UR20, URZ","0","0","0","3072","98304","98304","32","32","0","-","-","-","0","0","0","0","0","0","0","0","0","0","0","0","0","0","0","0","0","0","0","0","0","0","0","0","0","0","0","0","0","0","0","0","0","0","0","0","0","0","0"
"0x7a6e0b9a33b0","      UMOV UR21, UR5","0","0","0","3072","98304","98304","32","32","0","-","-","-","0","0","0","0","0","0","0","0","0","0","0","0","0","0","0","0","0","0","0","0","0","0","0","0","0","0","0","0","0","0","0","0","0","0","0","0","0","0","0"
"0x7a6e0b9a33c0","      UTCOMMA.4X gdesc[UR16], gdesc[UR10], tmem[UR25], tmem[UR20], idesc[UR21], tmem, [UR28], UPT","0","0","0","3072","98304","98304","32","32","0","TmemShared","Load,Store","-","0","0","0","0","0","0","0","0","0","0","0","0","0","0","0","0","0","0","0","0","0","0","0","0","0","0","0","0","0","0","0","0","0","0","0","0","0","0","0"
"0x7a6e0b9a33d0","      UTCBAR [UR24], URZ","0","0","0","3072","98304","98304","32","32","0","-","-","-","0","0","0","0","0","0","0","0","0","0","0","0","0","0","0","0","0","0","0","0","0","0","0","0","0","0","0","0","0","0","0","0","0","0","0","0","0","0","0"
"0x7a6e0b9a33e0","      SYNCS.PHASECHK.TRANS64.TRYWAIT P0, [UR18+0x8], R0","0","0","0","3072","98304","98304","32","32","0","-","-","-","0","0","0","0","0","0","0","0","0","0","0","0","0","0","0","0","0","0","0","0","0","0","0","0","0","0","0","0","0","0","0","0","0","0","0","0","0","0","0"
"0x7a6e0b9a33f0","@!P0  BRA 0x7a6e0b9ad300","2","2","2","3072","98304","0","32","0","0","-","-","-","0","0","0","0","0","0","0","0","0","0","2","0","0","0","0","0","0","0","0","0","0","0","0","0","0","0","0","2","0","0","0","0","0","0","0","0","0","0","0"
"0x7a6e0b9a3400","      MOV R0, UR14","0","0","0","3072","98304","98304","32","32","0","-","-","-","0","0","0","0","0","0","0","0","0","0","0","0","0","0","0","0","0","0","0","0","0","0","0","0","0","0","0","0","0","0","0","0","0","0","0","0","0","0","0"
"0x7a6e0b9a3410","      NOP","0","0","0","3072","98304","98304","32","32","0","-","-","-","0","0","0","0","0","0","0","0","0","0","0","0","0","0","0","0","0","0","0","0","0","0","0","0","0","0","0","0","0","0","0","0","0","0","0","0","0","0","0"
"0x7a6e0b9a3420","      SYNCS.PHASECHK.TRANS64.TRYWAIT P0, [UR18+0x130], R0","0","0","0","3072","98304","98304","32","32","0","-","-","-","0","0","0","0","0","0","0","0","0","0","0","0","0","0","0","0","0","0","0","0","0","0","0","0","0","0","0","0","0","0","0","0","0","0","0","0","0","0","0"
"0x7a6e0b9a3430","@!P0  BRA 0x7a6e0b9ad380","57","30","57","3072","98304","98304","32","32","0","-","-","-","0","0","0","0","0","0","0","0","0","0","57","0","0","0","0","0","0","0","0","0","0","0","0","0","0","0","0","30","0","0","0","0","0","0","0","0","0","0","0"
"0x7a6e0b9a3440","      IMAD.MOV.U32 R0, RZ, RZ, 0x80","1","1","1","3072","98304","98304","32","32","0","-","-","-","0","0","0","0","0","0","0","0","0","0","0","0","0","0","0","0","0","0","0","0","0","1","0","0","0","0","0","0","0","0","0","0","0","0","0","0","0","0","1"
"0x7a6e0b9a3450","      R2UR UR16, R8","0","0","0","3072","98304","98304","32","32","0","-","-","-","0","0","0","0","0","0","0","0","0","0","0","0","0","0","0","0","0","0","0","0","0","0","0","0","0","0","0","0","0","0","0","0","0","0","0","0","0","0","0"
"0x7a6e0b9a3460","      UTCCP.T.S.4x32dp128bit tmem[URZ], gdesc[UR40]","0","0","0","3072","98304","98304","32","32","0","TmemShared","Load,Store","-","0","0","0","0","0","0","0","0","0","0","0","0","0","0","0","0","0","0","0","0","0","0","0","0","0","0","0","0","0","0","0","0","0","0","0","0","0","0","0"
"0x7a6e0b9a3470","      R2UR UR17, R9","0","0","0","3072","98304","98304","32","32","0","-","-","-","0","0","0","0","0","0","0","0","0","0","0","0","0","0","0","0","0","0","0","0","0","0","0","0","0","0","0","0","0","0","0","0","0","0","0","0","0","0","0"
"0x7a6e0b9a3480","      UMOV UR9, 0x4008","0","0","0","3072","98304","98304","32","32","0","-","-","-","0","0","0","0","0","0","0","0","0","0","0","0","0","0","0","0","0","0","0","0","0","0","0","0","0","0","0","0","0","0","0","0","0","0","0","0","0","0","0"
"0x7a6e0b9a3490","      R2UR UR15, R0","0","0","0","3072","98304","98304","32","32","0","-","-","-","0","0","0","0","0","0","0","0","0","0","0","0","0","0","0","0","0","0","0","0","0","0","0","0","0","0","0","0","0","0","0","0","0","0","0","0","0","0","0"
"0x7a6e0b9a34a0","      UTCCP.T.S.4x32dp128bit tmem[0x4], gdesc[UR38]","0","0","0","3072","98304","98304","32","32","0","TmemShared","Load,Store","-","0","0","0","0","0","0","0","0","0","0","0","0","0","0","0","0","0","0","0","0","0","0","0","0","0","0","0","0","0","0","0","0","0","0","0","0","0","0","0"
"0x7a6e0b9a34b0","      R2UR UR20, R6","0","0","0","3072","98304","98304","32","32","0","-","-","-","0","0","0","0","0","0","0","0","0","0","0","0","0","0","0","0","0","0","0","0","0","0","0","0","0","0","0","0","0","0","0","0","0","0","0","0","0","0","0"
"0x7a6e0b9a34c0","      UMOV UR13, 0x4008","0","0","0","3072","98304","98304","32","32","0","-","-","-","0","0","0","0","0","0","0","0","0","0","0","0","0","0","0","0","0","0","0","0","0","0","0","0","0","0","0","0","0","0","0","0","0","0","0","0","0","0","0"
"0x7a6e0b9a34d0","      R2UR UR21, R7","0","0","0","3072","98304","98304","32","32","0","-","-","-","0","0","0","0","0","0","0","0","0","0","0","0","0","0","0","0","0","0","0","0","0","0","0","0","0","0","0","0","0","0","0","0","0","0","0","0","0","0","0"
"0x7a6e0b9a34e0","      UTCCP.T.S.4x32dp128bit tmem[0x8], gdesc[UR8]","0","0","0","3072","98304","98304","32","32","0","TmemShared","Load,Store","-","0","0","0","0","0","0","0","0","0","0","0","0","0","0","0","0","0","0","0","0","0","0","0","0","0","0","0","0","0","0","0","0","0","0","0","0","0","0","0"
"0x7a6e0b9a34f0","      R2UR UR14, R0","0","0","0","3072","98304","98304","32","32","0","-","-","-","0","0","0","0","0","0","0","0","0","0","0","0","0","0","0","0","0","0","0","0","0","0","0","0","0","0","0","0","0","0","0","0","0","0","0","0","0","0","0"
"0x7a6e0b9a3500","      UMOV UR24, URZ","0","0","0","3072","98304","98304","32","32","0","-","-","-","0","0","0","0","0","0","0","0","0","0","0","0","0","0","0","0","0","0","0","0","0","0","0","0","0","0","0","0","0","0","0","0","0","0","0","0","0","0","0"
"0x7a6e0b9a3510","      UMOV UR25, 0x8","0","0","0","3072","98304","98304","32","32","0","-","-","-","0","0","0","0","0","0","0","0","0","0","0","0","0","0","0","0","0","0","0","0","0","0","0","0","0","0","0","0","0","0","0","0","0","0","0","0","0","0","0"
"0x7a6e0b9a3520","      UMOV UR4, URZ","0","0","0","3072","98304","98304","32","32","0","-","-","-","0","0","0","0","0","0","0","0","0","0","0","0","0","0","0","0","0","0","0","0","0","0","0","0","0","0","0","0","0","0","0","0","0","0","0","0","0","0","0"
"0x7a6e0b9a3530","      UTCCP.T.S.4x32dp128bit tmem[0xc], gdesc[UR12]","0","0","0","3072","98304","98304","32","32","0","TmemShared","Load,Store","-","0","0","0","0","0","0","0","0","0","0","0","0","0","0","0","0","0","0","0","0","0","0","0","0","0","0","0","0","0","0","0","0","0","0","0","0","0","0","0"
"0x7a6e0b9a3540","      UIADD3 UR22, UR22, 0x40, URZ","0","0","0","3072","98304","98304","32","32","0","-","-","-","0","0","0","0","0","0","0","0","0","0","0","0","0","0","0","0","0","0","0","0","0","0","0","0","0","0","0","0","0","0","0","0","0","0","0","0","0","0","0"
"0x7a6e0b9a3550","      UTCOMMA.4X gdesc[UR16], gdesc[UR6], tmem[UR15], tmem[UR4], idesc[UR5], tmem, [UR24], !UPT","0","0","0","3072","98304","98304","32","32","0","TmemShared","Load,Store","-","0","0","0","0","0","0","0","0","0","0","0","0","0","0","0","0","0","0","0","0","0","0","0","0","0","0","0","0","0","0","0","0","0","0","0","0","0","0","0"
"0x7a6e0b9a3560","      UIADD3 UR19, UR19, 0x1, URZ","0","0","0","3072","98304","98304","32","32","0","-","-","-","0","0","0","0","0","0","0","0","0","0","0","0","0","0","0","0","0","0","0","0","0","0","0","0","0","0","0","0","0","0","0","0","0","0","0","0","0","0","0"
"0x7a6e0b9a3570","      ULOP3.LUT UR32, UR32, 0x1, URZ, 0x3c, !UPT","0","0","0","3072","98304","98304","32","32","0","-","-","-","0","0","0","0","0","0","0","0","0","0","0","0","0","0","0","0","0","0","0","0","0","0","0","0","0","0","0","0","0","0","0","0","0","0","0","0","0","0","0"
"0x7a6e0b9a3580","      UISETP.NE.AND UP0, UPT, UR19, 0x4, UPT","0","0","0","3072","98304","98304","32","32","0","-","-","-","0","0","0","0","0","0","0","0","0","0","0","0","0","0","0","0","0","0","0","0","0","0","0","0","0","0","0","0","0","0","0","0","0","0","0","0","0","0","0"
"0x7a6e0b9a3590","      UIADD3 UR16, UR18, 0x78, URZ","0","0","0","3072","98304","98304","32","32","0","-","-","-","0","0","0","0","0","0","0","0","0","0","0","0","0","0","0","0","0","0","0","0","0","0","0","0","0","0","0","0","0","0","0","0","0","0","0","0","0","0","0"
"0x7a6e0b9a35a0","      UMOV UR24, 0x4","0","0","0","3072","98304","98304","32","32","0","-","-","-","0","0","0","0","0","0","0","0","0","0","0","0","0","0","0","0","0","0","0","0","0","0","0","0","0","0","0","0","0","0","0","0","0","0","0","0","0","0","0"
"0x7a6e0b9a35b0","      UMOV UR25, 0xc","0","0","0","3072","98304","98304","32","32","0","-","-","-","0","0","0","0","0","0","0","0","0","0","0","0","0","0","0","0","0","0","0","0","0","0","0","0","0","0","0","0","0","0","0","0","0","0","0","0","0","0","0"
"0x7a6e0b9a35c0","      USEL UR6, UR19, URZ, UP0","0","0","0","3072","98304","98304","32","32","0","-","-","-","0","0","0","0","0","0","0","0","0","0","0","0","0","0","0","0","0","0","0","0","0","0","0","0","0","0","0","0","0","0","0","0","0","0","0","0","0","0","0"
"0x7a6e0b9a35d0","      UTCOMMA.4X gdesc[UR20], gdesc[UR10], tmem[UR14], tmem[UR4], idesc[UR5], tmem, [UR24], UPT","1","0","1","3072","98304","98304","32","32","0","TmemShared","Load,Store","-","0","0","0","0","0","0","0","0","0","0","0","0","0","0","0","0","0","1","0","0","0","0","0","0","0","0","0","0","0","0","0","0","0","0","0","0","0","0","0"
"0x7a6e0b9a35e0","      UTCBAR [UR16], URZ","0","0","0","3072","98304","98304","32","32","0","-","-","-","0","0","0","0","0","0","0","0","0","0","0","0","0","0","0","0","0","0","0","0","0","0","0","0","0","0","0","0","0","0","0","0","0","0","0","0","0","0","0"
"0x7a6e0b9a35f0","      UTCBAR [UR22], URZ","0","0","0","3072","98304","98304","32","32","0","-","-","-","0","0","0","0","0","0","0","0","0","0","0","0","0","0","0","0","0","0","0","0","0","0","0","0","0","0","0","0","0","0","0","0","0","0","0","0","0","0","0"
"0x7a6e0b9a3600","      USEL UR16, URZ, 0x1, UP0","1","1","1","3072","98304","98304","32","32","0","-","-","-","0","0","0","0","0","0","0","0","0","0","0","0","0","0","0","0","0","0","1","0","0","0","0","0","0","0","0","0","0","0","0","0","0","0","0","1","0","0","0"
"0x7a6e0b9a3610","      UISETP.GE.AND UP0, UPT, UR35, 0x1, UPT","0","0","0","3072","98304","98304","32","32","0","-","-","-","0","0","0","0","0","0","0","0","0","0","0","0","0","0","0","0","0","0","0","0","0","0","0","0","0","0","0","0","0","0","0","0","0","0","0","0","0","0","0"
"0x7a6e0b9a3620","      ULOP3.LUT UR16, UR23, UR16, URZ, 0x3c, !UPT","0","0","0","3072","98304","98304","32","32","0","-","-","-","0","0","0","0","0","0","0","0","0","0","0","0","0","0","0","0","0","0","0","0","0","0","0","0","0","0","0","0","0","0","0","0","0","0","0","0","0","0","0"
"0x7a6e0b9a3630","      BRA.U !UP0, 0x7a6e0b9a4000","0","0","0","3072","98304","98304","32","32","0","-","-","-","0","0","0","0","0","0","0","0","0","0","0","0","0","0","0","0","0","0","0","0","0","0","0","0","0","0","0","0","0","0","0","0","0","0","0","0","0","0","0"
"0x7a6e0b9a3640","      HFMA2 R13, -RZ, RZ, 0, 7.62939453125e-06","0","0","0","3072","98304","98304","32","32","0","-","-","-","0","0","0","0","0","0","0","0","0","0","0","0","0","0","0","0","0","0","0","0","0","0","0","0","0","0","0","0","0","0","0","0","0","0","0","0","0","0","0"
"0x7a6e0b9a3650","      MOV R12, 0x80","1","0","1","3072","98304","98304","32","32","0","-","-","-","0","0","0","0","0","0","0","0","0","0","0","0","0","0","0","0","0","1","0","0","0","0","0","0","0","0","0","0","0","0","0","0","0","0","0","0","0","0","0"
"0x7a6e0b9a3660","      UMOV UR4, URZ","0","0","0","3072","98304","98304","32","32","0","-","-","-","0","0","0","0","0","0","0","0","0","0","0","0","0","0","0","0","0","0","0","0","0","0","0","0","0","0","0","0","0","0","0","0","0","0","0","0","0","0","0"
"0x7a6e0b9a3670","      UMOV UR30, URZ","0","0","0","3072","98304","98304","32","32","0","-","-","-","0","0","0","0","0","0","0","0","0","0","0","0","0","0","0","0","0","0","0","0","0","0","0","0","0","0","0","0","0","0","0","0","0","0","0","0","0","0","0"
"0x7a6e0b9a3680","      UISETP.NE.U32.AND UP0, UPT, UR4, URZ, UPT","241","87","241","783360","25067520","25067520","32","32","0","-","-","-","0","0","0","0","0","0","37","1","0","0","0","0","0","0","0","199","4","0","0","0","0","0","0","16","0","0","0","0","0","0","0","0","71","0","0","0","0","0","0"
"0x7a6e0b9a3690","      USHF.L.U32 UR4, UR16, 0x1f, URZ","35","4","35","783360","25067520","25067520","32","32","0","-","-","-","0","0","0","0","0","0","0","4","0","0","0","0","0","0","0","0","0","13","0","0","0","18","0","0","0","0","0","0","0","0","0","0","0","0","0","0","0","0","4"
"0x7a6e0b9a36a0","      ULEA UR27, UR6, UR34, 0x3","44","0","44","783360","25067520","25067520","32","32","0","-","-","-","0","0","0","0","0","0","0","2","0","0","0","0","0","0","0","0","3","24","0","0","0","15","0","0","0","0","0","0","0","0","0","0","0","0","0","0","0","0","0"
"0x7a6e0b9a36b0","      MOV R0, UR4","38","8","38","783360","25067520","25067520","32","32","0","-","-","-","0","0","0","0","0","0","0","0","0","0","0","1","0","0","0","0","2","10","0","0","0","25","0","0","0","0","0","0","1","0","0","0","0","0","0","0","0","0","7"
"0x7a6e0b9a36c0","      SYNCS.PHASECHK.TRANS64.TRYWAIT P0, [UR27], R0","84","27","84","783360","25067520","25067520","32","32","0","-","-","-","0","0","0","0","0","0","0","2","0","0","0","0","0","0","0","0","4","10","0","0","0","68","0","0","2","0","0","0","0","0","0","0","0","0","0","0","0","0","25"
"0x7a6e0b9a36d0","@!P0  BRA 0x7a6e0b9ad400","439","196","439","783360","25067520","0","32","0","0","-","-","-","0","0","0","0","0","0","0","2","0","0","408","0","0","0","0","0","5","14","0","0","0","10","0","0","0","0","0","191","0","0","0","0","0","0","0","0","0","0","5"
"0x7a6e0b9a36e0","      USHF.L.U32 UR8, UR33, 0x1f, URZ","62","20","62","783360","25067520","25067520","32","32","0","-","-","-","0","0","0","0","0","0","0","1","0","0","0","1","0","0","0","0","2","15","0","0","0","43","0","0","0","0","0","0","0","0","0","0","0","0","0","0","0","0","20"
"0x7a6e0b9a36f0","      HFMA2 R11, -RZ, RZ, 0, 3.814697265625e-06","18","0","18","783360","25067520","25067520","32","32","0","-","-","-","0","0","0","0","0","0","0","2","0","0","0","0","0","0","0","0","0","16","0","0","0","0","0","0","0","0","0","0","0","0","0","0","0","0","0","0","0","0","0"
"0x7a6e0b9a3700","      ULEA UR4, UR6, UR18, 0xe","16","0","16","783360","25067520","25067520","32","32","0","-","-","-","0","0","0","0","0","0","0","0","0","0","0","0","0","0","0","0","0","16","0","0","0","0","0","0","0","0","0","0","0","0","0","0","0","0","0","0","0","0","0"
"0x7a6e0b9a3710","      MOV R10, 0x100","15","0","15","783360","25067520","25067520","32","32","0","-","-","-","0","0","0","0","0","0","0","1","0","0","0","0","0","0","0","0","0","14","0","0","0","0","0","0","0","0","0","0","0","0","0","0","0","0","0","0","0","0","0"
"0x7a6e0b9a3720","      MOV R0, UR8","49","7","49","783360","25067520","25067520","32","32","0","-","-","-","0","0","0","0","0","0","0","0","0","0","0","4","0","0","0","0","7","11","0","0","0","27","0","0","0","0","0","0","0","0","0","0","0","0","0","0","0","0","7"
"0x7a6e0b9a3730","      UIADD3 UR4, UR4, 0x14c00, URZ","12","0","12","783360","25067520","25067520","32","32","0","-","-","-","0","0","0","0","0","0","0","0","0","0","0","0","0","0","0","0","0","12","0","0","0","0","0","0","0","0","0","0","0","0","0","0","0","0","0","0","0","0","0"
"0x7a6e0b9a3740","      SYNCS.PHASECHK.TRANS64.TRYWAIT P0, [UR18+0x60], R0","50","9","50","783360","25067520","25067520","32","32","0","-","-","-","0","0","0","0","0","0","0","3","0","0","0","0","0","0","0","0","9","8","0","0","0","30","0","0","1","0","0","0","0","0","0","0","0","0","0","0","0","0","8"
"0x7a6e0b9a3750","      USHF.R.U32.HI UR4, URZ, 0x4, UR4","9","0","9","783360","25067520","25067520","32","32","0","-","-","-","0","0","0","0","0","0","0","0","0","0","0","0","0","0","0","0","0","9","0","0","0","0","0","0","0","0","0","0","0","0","0","0","0","0","0","0","0","0","0"
"0x7a6e0b9a3760","      ULOP3.LUT UR4, UR4, 0x3fc0, URZ, 0xc0, !UPT","54","18","54","783360","25067520","25067520","32","32","0","-","-","-","0","0","0","0","0","0","0","0","0","0","0","0","0","0","0","0","4","14","0","0","0","36","0","0","0","0","0","0","0","0","0","0","0","0","0","0","0","0","18"
"0x7a6e0b9a3770","@!P0  BRA 0x7a6e0b9ad480","9817","6250","9817","783360","25067520","25045664","32","31","0","-","-","-","0","0","0","0","0","0","0","0","0","0","9798","0","0","0","0","0","7","12","0","0","0","0","0","0","0","0","0","6250","0","0","0","0","0","0","0","0","0","0","0"
"0x7a6e0b9a3780","      R2UR UR5, R11","138","81","138","783360","25067520","25067520","32","32","0","-","-","-","0","0","0","0","0","0","0","0","0","0","0","2","0","0","0","0","1","10","0","0","0","125","0","0","0","0","0","0","2","0","0","0","0","0","0","0","0","0","79"
"0x7a6e0b9a3790","      UMOV UR10, 0x0","12","0","12","783360","25067520","25067520","32","32","0","-","-","-","0","0","0","0","0","0","0","0","0","0","0","0","0","0","0","0","0","12","0","0","0","0","0","0","0","0","0","0","0","0","0","0","0","0","0","0","0","0","0"
"0x7a6e0b9a37a0","      R2UR UR7, R10","20","0","20","783360","25067520","25067520","32","32","0","-","-","-","0","0","0","0","0","0","0","0","0","0","0","0","0","0","0","0","0","20","0","0","0","0","0","0","0","0","0","0","0","0","0","0","0","0","0","0","0","0","0"
"0x7a6e0b9a37b0","      UMOV UR11, 0x8210010","9","0","9","783360","25067520","25067520","32","32","0","-","-","-","0","0","0","0","0","0","0","0","0","0","0","0","0","0","0","0","0","9","0","0","0","0","0","0","0","0","0","0","0","0","0","0","0","0","0","0","0","0","0"
"0x7a6e0b9a37c0","      UMOV UR24, UR4","11","0","11","783360","25067520","25067520","32","32","0","-","-","-","0","0","0","0","0","0","0","0","0","0","0","0","0","0","0","0","0","11","0","0","0","0","0","0","0","0","0","0","0","0","0","0","0","0","0","0","0","0","0"
"0x7a6e0b9a37d0","      UMOV UR25, 0x40004040","8","0","8","783360","25067520","25067520","32","32","0","-","-","-","0","0","0","0","0","0","0","0","0","0","0","0","0","0","0","0","0","8","0","0","0","0","0","0","0","0","0","0","0","0","0","0","0","0","0","0","0","0","0"
"0x7a6e0b9a37e0","      IMAD.MOV.U32 R0, RZ, RZ, 0x100","11","0","11","783360","25067520","25067520","32","32","0","-","-","-","0","0","0","0","0","0","0","2","0","0","0","0","0","0","0","0","0","9","0","0","0","0","0","0","0","0","0","0","0","0","0","0","0","0","0","0","0","0","0"
"0x7a6e0b9a37f0","      UIADD3 UR14, UR4, 0x100, URZ","10","0","10","783360","25067520","25067520","32","32","0","-","-","-","0","0","0","0","0","0","0","0","0","0","0","0","0","0","0","0","0","10","0","0","0","0","0","0","0","0","0","0","0","0","0","0","0","0","0","0","0","0","0"
"0x7a6e0b9a3800","      IMAD.MOV.U32 R2, RZ, RZ, 0x48","11","0","11","783360","25067520","25067520","32","32","0","-","-","-","0","0","0","0","0","0","0","1","0","0","0","0","0","0","0","0","0","10","0","0","0","0","0","0","0","0","0","0","0","0","0","0","0","0","0","0","0","0","0"
"0x7a6e0b9a3810","      UMOV UR15, 0x40004040","12","0","12","783360","25067520","25067520","32","32","0","-","-","-","0","0","0","0","0","0","0","0","0","0","0","0","0","0","0","0","0","12","0","0","0","0","0","0","0","0","0","0","0","0","0","0","0","0","0","0","0","0","0"
"0x7a6e0b9a3820","      IMAD.MOV.U32 R11, RZ, RZ, 0x50","10","0","10","783360","25067520","25067520","32","32","0","-","-","-","0","0","0","0","0","0","0","0","0","0","0","0","0","0","0","0","0","10","0","0","0","0","0","0","0","0","0","0","0","0","0","0","0","0","0","0","0","0","0"
"0x7a6e0b9a3830","      MOV R10, 0x100","15","0","15","783360","25067520","25067520","32","32","0","-","-","-","0","0","0","0","0","0","0","0","0","0","0","0","0","0","0","0","0","15","0","0","0","0","0","0","0","0","0","0","0","0","0","0","0","0","0","0","0","0","0"
"0x7a6e0b9a3840","      R2UR UR9, R2","33","0","33","783360","25067520","25067520","32","32","0","-","-","-","0","0","0","0","0","0","0","0","0","0","0","0","0","0","0","0","2","19","0","0","0","12","0","0","0","0","0","0","0","0","0","0","0","0","0","0","0","0","0"
"0x7a6e0b9a3850","      UTCQMMA tmem[UR5], gdesc[UR24], tmem[UR7], tmem[UR10], idesc[UR11], UP0","37","2","37","783360","25067520","25067520","32","32","0","TmemShared","Load,Store","-","0","0","0","0","0","0","0","0","0","0","0","0","0","0","0","0","10","10","0","0","0","17","0","0","0","0","0","0","0","0","0","0","0","0","0","0","0","0","2"
"0x7a6e0b9a3860","      R2UR UR10, R0","178","117","178","783360","25067520","25067520","32","32","0","-","-","-","0","0","0","0","0","0","0","0","0","0","0","3","0","0","0","0","3","10","153","0","0","9","0","0","0","0","0","0","0","0","0","0","0","0","0","109","0","0","8"
"0x7a6e0b9a3870","      MOV R0, UR8","25","6","25","783360","25067520","25067520","32","32","0","-","-","-","0","0","0","0","0","0","0","0","0","0","0","2","0","0","0","0","1","13","0","0","0","9","0","0","0","0","0","0","0","0","0","0","0","0","0","0","0","0","6"
"0x7a6e0b9a3880","      UTCQMMA tmem[UR9], gdesc[UR14], tmem[UR10], tmem[UR76], idesc[UR77], UPT","137","71","137","783360","25067520","25067520","32","32","0","TmemShared","Load,Store","-","0","0","0","0","0","0","0","0","0","0","0","0","0","0","0","0","0","11","0","0","0","126","0","0","0","0","0","0","0","0","0","0","0","0","0","0","0","0","71"
"0x7a6e0b9a3890","      SYNCS.PHASECHK.TRANS64.TRYWAIT P0, [UR18+0x118], R0","13","0","13","783360","25067520","25067520","32","32","0","-","-","-","0","0","0","0","0","0","0","0","0","0","0","0","0","0","0","0","0","13","0","0","0","0","0","0","0","0","0","0","0","0","0","0","0","0","0","0","0","0","0"
"0x7a6e0b9a38a0","@!P0  BRA 0x7a6e0b9ad500","3444","2620","3444","783360","25067520","25058016","32","31","0","-","-","-","0","0","0","0","0","0","0","2","0","0","3401","0","0","0","0","0","21","9","0","0","0","11","0","0","0","0","0","2614","0","0","0","0","0","0","0","0","0","0","6"
"0x7a6e0b9a38b0","      UIADD3 UR6, UR6, 0x1, URZ","86","9","86","783360","25067520","25067520","32","32","0","-","-","-","0","0","0","0","0","0","0","0","0","0","0","13","0","0","0","0","22","11","0","0","0","40","0","0","0","0","0","0","0","0","0","0","0","0","0","0","0","0","9"
"0x7a6e0b9a38c0","      R2UR UR10, R11","13","0","13","783360","25067520","25067520","32","32","0","-","-","-","0","0","0","0","0","0","0","0","0","0","0","0","0","0","0","0","0","13","0","0","0","0","0","0","0","0","0","0","0","0","0","0","0","0","0","0","0","0","0"
"0x7a6e0b9a38d0","      UIADD3 UR12, UR4, 0x200, URZ","9","0","9","783360","25067520","25067520","32","32","0","-","-","-","0","0","0","0","0","0","0","0","0","0","0","0","0","0","0","0","0","9","0","0","0","0","0","0","0","0","0","0","0","0","0","0","0","0","0","0","0","0","0"
"0x7a6e0b9a38e0","      R2UR UR17, R10","6","0","6","783360","25067520","25067520","32","32","0","-","-","-","0","0","0","0","0","0","0","0","0","0","0","0","0","0","0","0","0","6","0","0","0","0","0","0","0","0","0","0","0","0","0","0","0","0","0","0","0","0","0"
"0x7a6e0b9a38f0","      UISETP.NE.AND UP1, UPT, UR6, 0x4, UPT","12","0","12","783360","25067520","25067520","32","32","0","-","-","-","0","0","0","0","0","0","0","6","0","0","0","0","0","0","0","0","0","6","0","0","0","0","0","0","0","0","0","0","0","0","0","0","0","0","0","0","0","0","0"
"0x7a6e0b9a3900","      IMAD.MOV.U32 R0, RZ, RZ, 0x100","17","0","17","783360","25067520","25067520","32","32","0","-","-","-","0","0","0","0","0","0","0","0","0","0","0","0","0","0","0","0","0","17","0","0","0","0","0","0","0","0","0","0","0","0","0","0","0","0","0","0","0","0","0"
"0x7a6e0b9a3910","      UIADD3 UR4, UR4, 0x300, URZ","10","0","10","783360","25067520","25067520","32","32","0","-","-","-","0","0","0","0","0","0","0","0","0","0","0","0","0","0","0","0","0","10","0","0","0","0","0","0","0","0","0","0","0","0","0","0","0","0","0","0","0","0","0"
"0x7a6e0b9a3920","      IMAD.MOV.U32 R2, RZ, RZ, 0x58","7","0","7","783360","25067520","25067520","32","32","0","-","-","-","0","0","0","0","0","0","0","0","0","0","0","0","0","0","0","0","0","7","0","0","0","0","0","0","0","0","0","0","0","0","0","0","0","0","0","0","0","0","0"
"0x7a6e0b9a3930","      USEL UR7, URZ, 0x1, UP1","15","0","15","783360","25067520","25067520","32","32","0","-","-","-","0","0","0","0","0","0","0","0","0","0","0","0","0","0","0","0","0","15","0","0","0","0","0","0","0","0","0","0","0","0","0","0","0","0","0","0","0","0","0"
"0x7a6e0b9a3940","      R2UR UR11, R0","39","0","39","783360","25067520","25067520","32","32","0","-","-","-","0","0","0","0","0","0","0","0","0","0","0","5","0","0","0","0","6","16","0","0","0","12","0","0","0","0","0","0","0","0","0","0","0","0","0","0","0","0","0"
"0x7a6e0b9a3950","      USEL UR19, UR6, URZ, UP1","7","0","7","783360","25067520","25067520","32","32","0","-","-","-","0","0","0","0","0","0","0","0","0","0","0","0","0","0","0","0","0","7","0","0","0","0","0","0","0","0","0","0","0","0","0","0","0","0","0","0","0","0","0"
"0x7a6e0b9a3960","      R2UR UR9, R2","17","0","17","783360","25067520","25067520","32","32","0","-","-","-","0","0","0","0","0","0","0","0","0","0","0","0","0","0","0","0","0","17","0","0","0","0","0","0","0","0","0","0","0","0","0","0","0","0","0","0","0","0","0"
"0x7a6e0b9a3970","      ULOP3.LUT UR26, UR16, UR7, URZ, 0x3c, !UPT","15","0","15","783360","25067520","25067520","32","32","0","-","-","-","0","0","0","0","0","0","0","0","0","0","0","0","0","0","0","0","0","15","0","0","0","0","0","0","0","0","0","0","0","0","0","0","0","0","0","0","0","0","0"
"0x7a6e0b9a3980","      ULEA UR22, UR19, UR34, 0x3","32","1","32","783360","25067520","25067520","32","32","0","-","-","-","0","0","0","0","0","0","0","0","0","0","0","0","0","0","0","1","0","16","0","0","0","15","0","0","0","0","0","0","0","0","0","0","1","0","0","0","0","0","0"
"0x7a6e0b9a3990","      USHF.L.U32 UR6, UR26, 0x1f, URZ","40","0","40","783360","25067520","25067520","32","32","0","-","-","-","0","0","0","0","0","0","0","0","0","0","0","0","0","0","0","0","11","10","0","0","0","19","0","0","0","0","0","0","0","0","0","0","0","0","0","0","0","0","0"
"0x7a6e0b9a39a0","      UMOV UR13, 0x40004040","17","0","17","783360","25067520","25067520","32","32","0","-","-","-","0","0","0","0","0","0","0","0","0","0","0","0","0","0","0","0","0","17","0","0","0","0","0","0","0","0","0","0","0","0","0","0","0","0","0","0","0","0","0"
"0x7a6e0b9a39b0","      UMOV UR5, 0x40004040","11","0","11","783360","25067520","25067520","32","32","0","-","-","-","0","0","0","0","0","0","0","0","0","0","0","0","0","0","0","0","0","11","0","0","0","0","0","0","0","0","0","0","0","0","0","0","0","0","0","0","0","0","0"
"0x7a6e0b9a39c0","      UTCQMMA tmem[UR10], gdesc[UR12], tmem[UR17], tmem[UR74], idesc[UR75], UPT","20","0","20","783360","25067520","25067520","32","32","0","TmemShared","Load,Store","-","0","0","0","0","0","0","0","0","0","0","0","0","0","0","0","0","0","20","0","0","0","0","0","0","0","0","0","0","0","0","0","0","0","0","0","0","0","0","0"
"0x7a6e0b9a39d0","      IMAD.U32 R0, RZ, RZ, UR6","277","71","277","783360","25067520","25067520","32","32","0","-","-","-","0","0","0","0","0","0","0","16","0","0","0","133","0","0","0","0","92","11","0","0","0","25","0","0","8","0","0","0","61","0","0","0","0","0","0","0","0","0","2"
"0x7a6e0b9a39e0","      UTCQMMA tmem[UR9], gdesc[UR4], tmem[UR11], tmem[UR72], idesc[UR73], UPT","17","6","17","783360","25067520","25067520","32","32","0","TmemShared","Load,Store","-","0","0","0","0","0","0","0","0","0","0","0","0","0","0","0","0","0","6","0","0","0","11","0","0","0","0","0","0","0","0","0","0","0","0","0","0","0","0","6"
"0x7a6e0b9a39f0","      SYNCS.PHASECHK.TRANS64.TRYWAIT P0, [UR22], R0","24","0","24","783360","25067520","25067520","32","32","0","-","-","-","0","0","0","0","0","0","0","0","0","0","0","0","0","0","0","0","1","11","0","0","0","12","0","0","0","0","0","0","0","0","0","0","0","0","0","0","0","0","0"
"0x7a6e0b9a3a00","@!P0  BRA 0x7a6e0b9ad580","453","114","453","783360","25067520","0","32","0","0","-","-","-","0","0","0","0","0","0","0","2","0","0","410","0","0","0","0","0","12","9","0","0","0","20","0","0","2","0","0","112","0","0","0","0","0","0","0","0","0","0","0"
"0x7a6e0b9a3a10","      USHF.L.U32 UR9, UR32, 0x1f, URZ","86","21","86","783360","25067520","25067520","32","32","0","-","-","-","0","0","0","0","0","0","0","6","0","0","0","0","0","0","0","0","5","10","0","0","0","65","0","0","0","0","0","0","0","0","0","0","0","0","0","0","0","0","21"
"0x7a6e0b9a3a20","      NOP","12","0","12","783360","25067520","25067520","32","32","0","-","-","-","0","0","0","0","0","0","0","0","0","0","0","0","0","0","0","0","0","12","0","0","0","0","0","0","0","0","0","0","0","0","0","0","0","0","0","0","0","0","0"
"0x7a6e0b9a3a30","      MOV R0, UR9","64","22","64","783360","25067520","25067520","32","32","0","-","-","-","0","0","0","0","0","0","0","0","0","0","0","0","0","0","0","0","10","6","0","0","0","48","0","0","0","0","0","0","0","0","0","0","0","0","0","0","0","0","22"
"0x7a6e0b9a3a40","      SYNCS.PHASECHK.TRANS64.TRYWAIT P0, [UR18+0x128], R0","49","3","49","783360","25067520","25067520","32","32","0","-","-","-","0","0","0","0","0","0","0","1","0","0","0","0","0","0","0","0","0","11","0","0","0","37","0","0","0","0","0","0","0","0","0","0","0","0","0","0","0","0","3"
"0x7a6e0b9a3a50","@!P0  BRA 0x7a6e0b9ad600","467","224","467","783360","25067520","25067488","32","31","0","-","-","-","0","0","0","0","0","0","0","0","0","0","447","0","0","0","0","0","0","9","0","0","0","11","0","0","0","0","0","222","0","0","0","0","0","0","0","0","0","0","2"
"0x7a6e0b9a3a60","      ULEA UR23, UR19, UR18, 0xe","54","21","54","783360","25067520","25067520","32","32","0","-","-","-","0","0","0","0","0","0","0","2","0","0","0","0","0","0","0","0","1","10","0","0","0","41","0","0","0","0","0","0","0","0","0","0","0","0","0","0","0","0","21"
"0x7a6e0b9a3a70","      UTCCP.T.S.4x32dp128bit tmem[0x80], gdesc[UR36]","17","0","17","783360","25067520","25067520","32","32","0","TmemShared","Load,Store","-","0","0","0","0","0","0","0","0","0","0","0","0","0","0","0","0","0","17","0","0","0","0","0","0","0","0","0","0","0","0","0","0","0","0","0","0","0","0","0"
"0x7a6e0b9a3a80","      ULEA UR6, UR19, UR60, 0x6","11","0","11","783360","25067520","25067520","32","32","0","-","-","-","0","0","0","0","0","0","0","0","0","0","0","0","0","0","0","0","0","11","0","0","0","0","0","0","0","0","0","0","0","0","0","0","0","0","0","0","0","0","0"
"0x7a6e0b9a3a90","      UTCCP.T.S.4x32dp128bit tmem[0x84], gdesc[UR42]","15","0","15","783360","25067520","25067520","32","32","0","TmemShared","Load,Store","-","0","0","0","0","0","0","0","0","0","0","0","0","0","0","0","0","0","15","0","0","0","0","0","0","0","0","0","0","0","0","0","0","0","0","0","0","0","0","0"
"0x7a6e0b9a3aa0","      UIADD3 UR23, UR23, 0x14c00, URZ","11","0","11","783360","25067520","25067520","32","32","0","-","-","-","0","0","0","0","0","0","0","1","0","0","0","0","0","0","0","0","0","10","0","0","0","0","0","0","0","0","0","0","0","0","0","0","0","0","0","0","0","0","0"
"0x7a6e0b9a3ab0","      IMAD.MOV.U32 R3, RZ, RZ, RZ","8","0","8","783360","25067520","25067520","32","32","0","-","-","-","0","0","0","0","0","0","0","0","0","0","0","0","0","0","0","0","0","8","0","0","0","0","0","0","0","0","0","0","0","0","0","0","0","0","0","0","0","0","0"
"0x7a6e0b9a3ac0","      UIADD3 UR16, UR6, 0x20, URZ","13","0","13","783360","25067520","25067520","32","32","0","-","-","-","0","0","0","0","0","0","0","0","0","0","0","0","0","0","0","0","0","13","0","0","0","0","0","0","0","0","0","0","0","0","0","0","0","0","0","0","0","0","0"
"0x7a6e0b9a3ad0","      MOV.SPILL R0, UR4","17","0","17","783360","25067520","25067520","32","32","0","-","-","-","0","0","0","0","0","0","0","0","0","0","0","0","0","0","0","0","0","17","0","0","0","0","0","0","0","0","0","0","0","0","0","0","0","0","0","0","0","0","0"
"0x7a6e0b9a3ae0","      USHF.R.U32.HI UR23, URZ, 0x4, UR23","13","0","13","783360","25067520","25067520","32","32","0","-","-","-","0","0","0","0","0","0","0","0","0","0","0","0","0","0","0","0","0","13","0","0","0","0","0","0","0","0","0","0","0","0","0","0","0","0","0","0","0","0","0"
"0x7a6e0b9a3af0","      MOV.SPILL R2, UR5","13","0","13","783360","25067520","25067520","32","32","0","-","-","-","0","0","0","0","0","0","0","0","0","0","0","0","0","0","0","0","0","13","0","0","0","0","0","0","0","0","0","0","0","0","0","0","0","0","0","0","0","0","0"
"0x7a6e0b9a3b00","      UMOV UR7, 0x4008","12","0","12","783360","25067520","25067520","32","32","0","-","-","-","0","0","0","0","0","0","0","0","0","0","0","0","0","0","0","0","0","12","0","0","0","0","0","0","0","0","0","0","0","0","0","0","0","0","0","0","0","0","0"
"0x7a6e0b9a3b10","      R2UR UR28, R3","12","0","12","783360","25067520","25067520","32","32","0","-","-","-","0","0","0","0","0","0","0","0","0","0","0","0","0","0","0","0","0","12","0","0","0","0","0","0","0","0","0","0","0","0","0","0","0","0","0","0","0","0","0"
"0x7a6e0b9a3b20","      ULOP3.LUT UR23, UR23, 0x3fc0, URZ, 0xc0, !UPT","12","0","12","783360","25067520","25067520","32","32","0","-","-","-","0","0","0","0","0","0","0","0","0","0","0","0","0","0","0","0","0","12","0","0","0","0","0","0","0","0","0","0","0","0","0","0","0","0","0","0","0","0","0"
"0x7a6e0b9a3b30","      UTCCP.T.S.4x32dp128bit tmem[0x88], gdesc[UR6]","12","0","12","783360","25067520","25067520","32","32","0","TmemShared","Load,Store","-","0","0","0","0","0","0","0","0","0","0","0","0","0","0","0","0","0","12","0","0","0","0","0","0","0","0","0","0","0","0","0","0","0","0","0","0","0","0","0"
"0x7a6e0b9a3b40","      UMOV UR17, 0x4008","9","0","9","783360","25067520","25067520","32","32","0","-","-","-","0","0","0","0","0","0","0","0","0","0","0","0","0","0","0","0","0","9","0","0","0","0","0","0","0","0","0","0","0","0","0","0","0","0","0","0","0","0","0"
"0x7a6e0b9a3b50","      UMOV UR4, 0x80","21","0","21","783360","25067520","25067520","32","32","0","-","-","-","0","0","0","0","0","0","0","13","0","0","0","0","0","0","0","0","0","8","0","0","0","0","0","0","0","0","0","0","0","0","0","0","0","0","0","0","0","0","0"
"0x7a6e0b9a3b60","      ULOP3.LUT UR10, UR23, 0x10000, URZ, 0xfc, !UPT","14","0","14","783360","25067520","25067520","32","32","0","-","-","-","0","0","0","0","0","0","0","0","0","0","0","0","0","0","0","0","0","14","0","0","0","0","0","0","0","0","0","0","0","0","0","0","0","0","0","0","0","0","0"
"0x7a6e0b9a3b70","      UTCCP.T.S.4x32dp128bit tmem[0x8c], gdesc[UR16]","11","0","11","783360","25067520","25067520","32","32","0","TmemShared","Load,Store","-","0","0","0","0","0","0","0","0","0","0","0","0","0","0","0","0","0","11","0","0","0","0","0","0","0","0","0","0","0","0","0","0","0","0","0","0","0","0","0"
"0x7a6e0b9a3b80","      UMOV UR5, 0x88","32","4","32","783360","25067520","25067520","32","32","0","-","-","-","0","0","0","0","0","0","0","0","0","0","0","0","0","0","0","18","0","14","0","0","0","0","0","0","0","0","0","0","0","0","0","0","4","0","0","0","0","0","0"
"0x7a6e0b9a3b90","      UMOV UR11, 0x80004020","15","0","15","783360","25067520","25067520","32","32","0","-","-","-","0","0","0","0","0","0","0","0","0","0","0","0","0","0","0","0","0","15","0","0","0","0","0","0","0","0","0","0","0","0","0","0","0","0","0","0","0","0","0"
"0x7a6e0b9a3ba0","      R2UR UR29, R3","13","0","13","783360","25067520","25067520","32","32","0","-","-","-","0","0","0","0","0","0","0","0","0","0","0","0","0","0","0","0","0","13","0","0","0","0","0","0","0","0","0","0","0","0","0","0","0","0","0","0","0","0","0"
"0x7a6e0b9a3bb0","      UIADD3 UR20, UR10, 0x2, URZ","10","0","10","783360","25067520","25067520","32","32","0","-","-","-","0","0","0","0","0","0","0","0","0","0","0","0","0","0","0","0","0","10","0","0","0","0","0","0","0","0","0","0","0","0","0","0","0","0","0","0","0","0","0"
"0x7a6e0b9a3bc0","      IMAD.MOV.U32 R11, RZ, RZ, 0xc0","9","0","9","783360","25067520","25067520","32","32","0","-","-","-","0","0","0","0","0","0","0","0","0","0","0","0","0","0","0","0","0","9","0","0","0","0","0","0","0","0","0","0","0","0","0","0","0","0","0","0","0","0","0"
"0x7a6e0b9a3bd0","      UMOV UR21, 0x80004020","18","0","18","783360","25067520","25067520","32","32","0","-","-","-","0","0","0","0","0","0","0","5","0","0","0","0","0","0","0","0","0","13","0","0","0","0","0","0","0","0","0","0","0","0","0","0","0","0","0","0","0","0","0"
"0x7a6e0b9a3be0","      IMAD.MOV.U32 R10, RZ, RZ, 0x180","9","0","9","783360","25067520","25067520","32","32","0","-","-","-","0","0","0","0","0","0","0","0","0","0","0","0","0","0","0","0","0","9","0","0","0","0","0","0","0","0","0","0","0","0","0","0","0","0","0","0","0","0","0"
"0x7a6e0b9a3bf0","      UTCOMMA.4X gdesc[UR58], gdesc[UR10], tmem[UR28], tmem[UR44], idesc[UR45], tmem, [UR4], !UPT","12","0","12","783360","25067520","25067520","32","32","0","TmemShared","Load,Store","-","0","0","0","0","0","0","0","0","0","0","0","0","0","0","0","0","0","12","0","0","0","0","0","0","0","0","0","0","0","0","0","0","0","0","0","0","0","0","0"
"0x7a6e0b9a3c00","      UMOV UR4, 0x84","173","79","173","783360","25067520","25067520","32","32","0","-","-","-","0","0","0","0","0","0","0","2","0","0","0","0","0","0","0","3","7","7","141","0","0","13","0","0","0","0","0","0","0","0","0","0","1","0","0","78","0","0","0"
"0x7a6e0b9a3c10","      UMOV UR5, 0x8c","20","0","20","783360","25067520","25067520","32","32","0","-","-","-","0","0","0","0","0","0","0","0","0","0","0","0","0","0","0","0","0","20","0","0","0","0","0","0","0","0","0","0","0","0","0","0","0","0","0","0","0","0","0"
"0x7a6e0b9a3c20","      UTCOMMA.4X gdesc[UR48], gdesc[UR20], tmem[UR29], tmem[UR56], idesc[UR57], tmem, [UR4], UPT","74","23","74","783360","25067520","25067520","32","32","0","TmemShared","Load,Store","-","0","0","0","0","0","0","0","1","0","0","0","0","0","0","0","0","11","12","0","0","0","50","0","0","0","0","0","0","0","0","0","0","0","0","0","0","0","0","23"
"0x7a6e0b9a3c30","      UTCBAR [UR62], URZ","7","0","7","783360","25067520","25067520","32","32","0","-","-","-","0","0","0","0","0","0","0","0","0","0","0","0","0","0","0","0","0","7","0","0","0","0","0","0","0","0","0","0","0","0","0","0","0","0","0","0","0","0","0"
"0x7a6e0b9a3c40","      R2UR.FILL UR4, R0","167","81","167","783360","25067520","25067520","32","32","0","-","-","-","0","0","0","0","0","0","0","1","0","0","0","3","0","0","0","0","8","6","149","0","0","0","0","0","0","0","0","0","3","0","0","0","0","0","0","78","0","0","0"
"0x7a6e0b9a3c50","      IMAD.U32 R0, RZ, RZ, UR8","11","0","11","783360","25067520","25067520","32","32","0","-","-","-","0","0","0","0","0","0","0","0","0","0","0","0","0","0","0","0","0","11","0","0","0","0","0","0","0","0","0","0","0","0","0","0","0","0","0","0","0","0","0"
"0x7a6e0b9a3c60","      R2UR.FILL UR5, R2","10","0","10","783360","25067520","25067520","32","32","0","-","-","-","0","0","0","0","0","0","0","0","0","0","0","0","0","0","0","0","0","10","0","0","0","0","0","0","0","0","0","0","0","0","0","0","0","0","0","0","0","0","0"
"0x7a6e0b9a3c70","      SYNCS.PHASECHK.TRANS64.TRYWAIT P0, [UR18+0x68], R0","44","10","44","783360","25067520","25067520","32","32","0","-","-","-","0","0","0","0","0","0","0","0","0","0","0","0","0","0","0","0","2","15","0","0","0","27","0","0","0","0","0","0","0","0","0","0","0","0","0","0","0","0","10"
"0x7a6e0b9a3c80","@!P0  BRA 0x7a6e0b9ad680","7175","4351","7175","783360","25067520","25067520","32","32","0","-","-","-","0","0","0","0","0","0","0","0","0","0","7147","0","0","0","0","0","6","9","0","0","0","13","0","0","0","0","0","4339","0","0","0","0","0","0","0","0","0","0","12"
"0x7a6e0b9a3c90","      IMAD.MOV.U32 R0, RZ, RZ, 0x180","150","87","150","783360","25067520","25067520","32","32","0","-","-","-","0","0","0","0","0","0","0","0","0","0","0","13","0","0","0","0","9","17","0","0","0","111","0","0","0","0","0","0","10","0","0","0","0","0","0","0","0","0","77"
"0x7a6e0b9a3ca0","      R2UR UR29, R11","8","0","8","783360","25067520","25067520","32","32","0","-","-","-","0","0","0","0","0","0","0","0","0","0","0","0","0","0","0","0","0","8","0","0","0","0","0","0","0","0","0","0","0","0","0","0","0","0","0","0","0","0","0"
"0x7a6e0b9a3cb0","      IMAD.MOV.U32 R2, RZ, RZ, 0xc8","9","0","9","783360","25067520","25067520","32","32","0","-","-","-","0","0","0","0","0","0","0","0","0","0","0","0","0","0","0","0","0","9","0","0","0","0","0","0","0","0","0","0","0","0","0","0","0","0","0","0","0","0","0"
"0x7a6e0b9a3cc0","      R2UR UR31, R10","13","0","13","783360","25067520","25067520","32","32","0","-","-","-","0","0","0","0","0","0","0","0","0","0","0","0","0","0","0","0","0","13","0","0","0","0","0","0","0","0","0","0","0","0","0","0","0","0","0","0","0","0","0"
"0x7a6e0b9a3cd0","      R2UR UR28, R0","23","1","23","783360","25067520","25067520","32","32","0","-","-","-","0","0","0","0","0","0","0","0","0","0","0","0","0","0","0","0","6","12","0","0","0","5","0","0","0","0","0","0","0","0","0","0","0","0","0","0","0","0","1"
"0x7a6e0b9a3ce0","      IMAD.U32 R0, RZ, RZ, UR8","14","0","14","783360","25067520","25067520","32","32","0","-","-","-","0","0","0","0","0","0","0","0","0","0","0","0","0","0","0","0","0","14","0","0","0","0","0","0","0","0","0","0","0","0","0","0","0","0","0","0","0","0","0"
"0x7a6e0b9a3cf0","      R2UR UR23, R2","19","0","19","783360","25067520","25067520","32","32","0","-","-","-","0","0","0","0","0","0","0","0","0","0","0","0","0","0","0","0","0","19","0","0","0","0","0","0","0","0","0","0","0","0","0","0","0","0","0","0","0","0","0"
"0x7a6e0b9a3d00","      UTCQMMA tmem[UR29], gdesc[UR24], tmem[UR31], tmem[UR70], idesc[UR71], UP0","124","41","124","783360","25067520","25067520","32","32","0","TmemShared","Load,Store","-","0","0","0","0","0","0","0","0","0","0","0","0","0","0","0","0","0","8","0","0","0","116","0","0","0","0","0","0","0","0","0","0","0","0","0","0","0","0","41"
"0x7a6e0b9a3d10","      UTCQMMA tmem[UR23], gdesc[UR14], tmem[UR28], tmem[UR68], idesc[UR69], UPT","62","20","62","783360","25067520","25067520","32","32","0","TmemShared","Load,Store","-","0","0","0","0","0","0","0","0","0","0","0","0","0","0","0","0","10","10","0","0","0","42","0","0","0","0","0","0","0","0","0","0","0","0","0","0","0","0","20"
"0x7a6e0b9a3d20","      SYNCS.PHASECHK.TRANS64.TRYWAIT P0, [UR18+0x120], R0","15","0","15","783360","25067520","25067520","32","32","0","-","-","-","0","0","0","0","0","0","0","0","0","0","0","0","0","0","0","0","0","15","0","0","0","0","0","0","0","0","0","0","0","0","0","0","0","0","0","0","0","0","0"
"0x7a6e0b9a3d30","@!P0  BRA 0x7a6e0b9ad700","3668","2597","3668","783360","25067520","25067520","32","32","0","-","-","-","0","0","0","0","0","0","0","0","0","0","3647","0","0","0","0","0","0","7","0","0","0","14","0","0","0","0","0","2596","0","0","0","0","0","0","0","0","0","0","1"
"0x7a6e0b9a3d40","      IMAD.MOV.U32 R2, RZ, RZ, 0xd0","69","40","69","783360","25067520","25067520","32","32","0","-","-","-","0","0","0","0","0","0","0","0","0","0","0","1","0","0","0","0","0","17","0","0","0","51","0","0","0","0","0","0","0","0","0","0","0","0","0","0","0","0","40"
"0x7a6e0b9a3d50","      UIADD3 UR8, UR27, 0x20, URZ","14","0","14","783360","25067520","25067520","32","32","0","-","-","-","0","0","0","0","0","0","0","0","0","0","0","0","0","0","0","0","0","14","0","0","0","0","0","0","0","0","0","0","0","0","0","0","0","0","0","0","0","0","0"
"0x7a6e0b9a3d60","      IMAD.MOV.U32 R0, RZ, RZ, 0x180","18","0","18","783360","25067520","25067520","32","32","0","-","-","-","0","0","0","0","0","0","0","0","0","0","0","0","0","0","0","0","0","18","0","0","0","0","0","0","0","0","0","0","0","0","0","0","0","0","0","0","0","0","0"
"0x7a6e0b9a3d70","      R2UR UR23, R2","39","17","39","783360","25067520","25067520","32","32","0","-","-","-","0","0","0","0","0","0","0","0","0","0","0","0","0","0","0","0","0","15","0","0","0","24","0","0","0","0","0","0","0","0","0","0","0","0","0","0","0","0","17"
"0x7a6e0b9a3d80","      IMAD.MOV.U32 R2, RZ, RZ, 0xd8","15","0","15","783360","25067520","25067520","32","32","0","-","-","-","0","0","0","0","0","0","0","0","0","0","0","0","0","0","0","0","0","15","0","0","0","0","0","0","0","0","0","0","0","0","0","0","0","0","0","0","0","0","0"
"0x7a6e0b9a3d90","      R2UR UR24, R0","9","0","9","783360","25067520","25067520","32","32","0","-","-","-","0","0","0","0","0","0","0","0","0","0","0","0","0","0","0","0","0","9","0","0","0","0","0","0","0","0","0","0","0","0","0","0","0","0","0","0","0","0","0"
"0x7a6e0b9a3da0","      R2UR UR15, R0","24","6","24","783360","25067520","25067520","32","32","0","-","-","-","0","0","0","0","0","0","0","0","0","0","0","0","0","0","0","0","0","9","0","0","0","15","0","0","0","0","0","0","0","0","0","0","0","0","0","0","0","0","6"
"0x7a6e0b9a3db0","      IMAD.U32 R0, RZ, RZ, UR9","12","0","12","783360","25067520","25067520","32","32","0","-","-","-","0","0","0","0","0","0","0","1","0","0","0","0","0","0","0","0","0","11","0","0","0","0","0","0","0","0","0","0","0","0","0","0","0","0","0","0","0","0","0"
"0x7a6e0b9a3dc0","      R2UR UR14, R2","13","0","13","783360","25067520","25067520","32","32","0","-","-","-","0","0","0","0","0","0","0","0","0","0","0","0","0","0","0","0","0","13","0","0","0","0","0","0","0","0","0","0","0","0","0","0","0","0","0","0","0","0","0"
"0x7a6e0b9a3dd0","      UTCQMMA tmem[UR23], gdesc[UR12], tmem[UR24], tmem[UR66], idesc[UR67], UPT","107","78","107","783360","25067520","25067520","32","32","0","TmemShared","Load,Store","-","0","0","0","0","0","0","0","0","0","0","0","0","0","0","0","0","1","7","0","0","0","99","0","0","0","0","0","0","0","0","0","0","0","0","0","0","0","0","78"
"0x7a6e0b9a3de0","      UTCQMMA tmem[UR14], gdesc[UR4], tmem[UR15], tmem[UR64], idesc[UR65], UPT","42","27","42","783360","25067520","25067520","32","32","0","TmemShared","Load,Store","-","0","0","0","0","0","0","0","0","0","0","0","0","0","0","0","0","1","11","0","0","0","30","0","0","0","0","0","0","0","0","0","0","0","0","0","0","0","0","27"
"0x7a6e0b9a3df0","      UTCBAR [UR8], URZ","10","0","10","783360","25067520","25067520","32","32","0","-","-","-","0","0","0","0","0","0","0","0","0","0","0","0","0","0","0","0","0","10","0","0","0","0","0","0","0","0","0","0","0","0","0","0","0","0","0","0","0","0","0"
"0x7a6e0b9a3e00","      NOP","11","0","11","783360","25067520","25067520","32","32","0","-","-","-","0","0","0","0","0","0","0","0","0","0","0","0","0","0","0","0","0","11","0","0","0","0","0","0","0","0","0","0","0","0","0","0","0","0","0","0","0","0","0"
"0x7a6e0b9a3e10","      SYNCS.PHASECHK.TRANS64.TRYWAIT P0, [UR18+0x130], R0","13","0","13","783360","25067520","25067520","32","32","0","-","-","-","0","0","0","0","0","0","0","0","0","0","0","0","0","0","0","0","0","13","0","0","0","0","0","0","0","0","0","0","0","0","0","0","0","0","0","0","0","0","0"
"0x7a6e0b9a3e20","@!P0  BRA 0x7a6e0b9ad780","632","447","632","783360","25067520","24969216","32","31","0","-","-","-","0","0","0","0","0","0","0","1","0","0","588","0","0","0","0","0","13","13","0","0","0","17","0","0","0","0","0","442","0","0","0","0","0","0","0","0","0","0","5"
"0x7a6e0b9a3e30","      UIADD3 UR30, UR30, 0x1, URZ","97","20","97","783360","25067520","25067520","32","32","0","-","-","-","0","0","0","0","0","0","0","4","0","0","0","20","0","0","0","0","15","10","0","0","0","48","0","0","0","0","0","0","0","0","0","0","0","0","0","0","0","0","20"
"0x7a6e0b9a3e40","      R2UR UR13, R13","5","0","5","783360","25067520","25067520","32","32","0","-","-","-","0","0","0","0","0","0","0","0","0","0","0","0","0","0","0","0","0","5","0","0","0","0","0","0","0","0","0","0","0","0","0","0","0","0","0","0","0","0","0"
"0x7a6e0b9a3e50","      ULOP3.LUT UR33, UR33, 0x1, URZ, 0x3c, !UPT","9","0","9","783360","25067520","25067520","32","32","0","-","-","-","0","0","0","0","0","0","0","0","0","0","0","0","0","0","0","0","0","9","0","0","0","0","0","0","0","0","0","0","0","0","0","0","0","0","0","0","0","0","0"
"0x7a6e0b9a3e60","      R2UR UR12, R12","5","0","5","783360","25067520","25067520","32","32","0","-","-","-","0","0","0","0","0","0","0","0","0","0","0","0","0","0","0","0","0","5","0","0","0","0","0","0","0","0","0","0","0","0","0","0","0","0","0","0","0","0","0"
"0x7a6e0b9a3e70","      ULOP3.LUT UR32, UR32, 0x1, URZ, 0x3c, !UPT","13","0","13","783360","25067520","25067520","32","32","0","-","-","-","0","0","0","0","0","0","0","3","0","0","0","0","0","0","0","0","0","10","0","0","0","0","0","0","0","0","0","0","0","0","0","0","0","0","0","0","0","0","0"
"0x7a6e0b9a3e80","      UTCCP.T.S.4x32dp128bit tmem[URZ], gdesc[UR40]","15","0","15","783360","25067520","25067520","32","32","0","TmemShared","Load,Store","-","0","0","0","0","0","0","0","0","0","0","0","0","0","0","0","0","0","15","0","0","0","0","0","0","0","0","0","0","0","0","0","0","0","0","0","0","0","0","0"
"0x7a6e0b9a3e90","      UTCCP.T.S.4x32dp128bit tmem[0x4], gdesc[UR38]","7","0","7","783360","25067520","25067520","32","32","0","TmemShared","Load,Store","-","0","0","0","0","0","0","0","0","0","0","0","0","0","0","0","0","0","7","0","0","0","0","0","0","0","0","0","0","0","0","0","0","0","0","0","0","0","0","0"
"0x7a6e0b9a3ea0","      UMOV UR7, 0x4008","8","0","8","783360","25067520","25067520","32","32","0","-","-","-","0","0","0","0","0","0","0","0","0","0","0","0","0","0","0","0","0","8","0","0","0","0","0","0","0","0","0","0","0","0","0","0","0","0","0","0","0","0","0"
"0x7a6e0b9a3eb0","      UMOV UR4, UR16","14","0","14","783360","25067520","25067520","32","32","0","-","-","-","0","0","0","0","0","0","0","0","0","0","0","0","0","0","0","0","0","14","0","0","0","0","0","0","0","0","0","0","0","0","0","0","0","0","0","0","0","0","0"
"0x7a6e0b9a3ec0","      UTCCP.T.S.4x32dp128bit tmem[0x8], gdesc[UR6]","8","0","8","783360","25067520","25067520","32","32","0","TmemShared","Load,Store","-","0","0","0","0","0","0","0","0","0","0","0","0","0","0","0","0","0","8","0","0","0","0","0","0","0","0","0","0","0","0","0","0","0","0","0","0","0","0","0"
"0x7a6e0b9a3ed0","      UMOV UR5, 0x4008","15","0","15","783360","25067520","25067520","32","32","0","-","-","-","0","0","0","0","0","0","0","0","0","0","0","0","0","0","0","0","0","15","0","0","0","0","0","0","0","0","0","0","0","0","0","0","0","0","0","0","0","0","0"
"0x7a6e0b9a3ee0","      UMOV UR14, URZ","6","0","6","783360","25067520","25067520","32","32","0","-","-","-","0","0","0","0","0","0","0","0","0","0","0","0","0","0","0","0","0","6","0","0","0","0","0","0","0","0","0","0","0","0","0","0","0","0","0","0","0","0","0"
"0x7a6e0b9a3ef0","      UTCCP.T.S.4x32dp128bit tmem[0xc], gdesc[UR4]","14","0","14","783360","25067520","25067520","32","32","0","TmemShared","Load,Store","-","0","0","0","0","0","0","0","0","0","0","0","0","0","0","0","0","0","14","0","0","0","0","0","0","0","0","0","0","0","0","0","0","0","0","0","0","0","0","0"
"0x7a6e0b9a3f00","      UMOV UR15, 0x8","17","0","17","783360","25067520","25067520","32","32","0","-","-","-","0","0","0","0","0","0","0","13","0","0","0","0","0","0","0","0","0","4","0","0","0","0","0","0","0","0","0","0","0","0","0","0","0","0","0","0","0","0","0"
"0x7a6e0b9a3f10","      UMOV UR8, 0x4","14","0","14","783360","25067520","25067520","32","32","0","-","-","-","0","0","0","0","0","0","0","0","0","0","0","0","0","0","0","0","0","14","0","0","0","0","0","0","0","0","0","0","0","0","0","0","0","0","0","0","0","0","0"
"0x7a6e0b9a3f20","      UTCOMMA.4X gdesc[UR54], gdesc[UR10], tmem[UR13], tmem[UR52], idesc[UR53], tmem, [UR14], !UPT","22","0","22","783360","25067520","25067520","32","32","0","TmemShared","Load,Store","-","0","0","0","0","0","0","0","11","0","0","0","0","0","0","0","0","0","11","0","0","0","0","0","0","0","0","0","0","0","0","0","0","0","0","0","0","0","0","0"
"0x7a6e0b9a3f30","      UMOV UR9, 0xc","26","0","26","783360","25067520","25067520","32","32","0","-","-","-","0","0","0","0","0","0","0","12","0","0","0","0","0","0","0","0","0","14","0","0","0","0","0","0","0","0","0","0","0","0","0","0","0","0","0","0","0","0","0"
"0x7a6e0b9a3f40","      UTCOMMA.4X gdesc[UR46], gdesc[UR20], tmem[UR12], tmem[UR50], idesc[UR51], tmem, [UR8], UPT","38","0","38","783360","25067520","25067520","32","32","0","TmemShared","Load,Store","-","0","0","0","0","0","0","0","0","0","0","0","0","0","0","0","0","9","14","0","0","0","15","0","0","0","0","0","0","0","0","0","0","0","0","0","0","0","0","0"
"0x7a6e0b9a3f50","      UTCBAR [UR61], URZ","128","47","128","783360","25067520","25067520","32","32","0","-","-","-","0","0","0","0","0","0","0","1","0","0","0","0","0","87","0","0","23","17","0","0","0","0","0","0","0","0","0","0","0","0","47","0","0","0","0","0","0","0","0"
"0x7a6e0b9a3f60","      UMOV UR4, 0x1","69","14","69","783360","25067520","25067520","32","32","0","-","-","-","0","0","0","0","0","0","0","2","0","0","0","0","0","0","0","0","17","20","30","0","0","0","0","0","0","0","0","0","0","0","0","0","0","0","0","14","0","0","0"
"0x7a6e0b9a3f70","      UIADD3 UR9, UR22, 0x20, URZ","261","85","261","783360","25067520","25067520","32","32","0","-","-","-","0","0","0","0","0","0","0","3","0","0","0","0","0","0","0","0","10","13","235","0","0","0","0","0","2","0","0","0","0","0","0","0","0","0","0","83","0","0","0"
"0x7a6e0b9a3f80","      UIADD3 UR8, UR19, 0x1, URZ","29","0","29","783360","25067520","25067520","32","32","0","-","-","-","0","0","0","0","0","0","0","5","0","0","0","0","0","0","0","0","0","16","0","0","0","8","0","0","0","0","0","0","0","0","0","0","0","0","0","0","0","0","0"
"0x7a6e0b9a3f90","      UISETP.NE.AND UP0, UPT, UR8, 0x4, UPT","59","7","59","783360","25067520","25067520","32","32","0","-","-","-","0","0","0","0","0","0","0","3","0","0","0","1","0","0","0","0","0","10","0","0","0","45","0","0","0","0","0","0","0","0","0","0","0","0","0","0","0","0","7"
"0x7a6e0b9a3fa0","      UTCBAR [UR9], URZ","43","5","43","783360","25067520","25067520","32","32","0","-","-","-","0","0","0","0","0","0","0","0","0","0","0","0","0","0","0","0","11","10","0","0","0","22","0","0","0","0","0","0","0","0","0","0","0","0","0","0","0","0","5"
"0x7a6e0b9a3fb0","      USEL UR6, URZ, 0x1, UP0","13","0","13","783360","25067520","25067520","32","32","0","-","-","-","0","0","0","0","0","0","0","0","0","0","0","0","0","0","0","0","0","13","0","0","0","0","0","0","0","0","0","0","0","0","0","0","0","0","0","0","0","0","0"
"0x7a6e0b9a3fc0","      ULOP3.LUT UR16, UR26, UR6, URZ, 0x3c, !UPT","47","7","47","783360","25067520","25067520","32","32","0","-","-","-","0","0","0","0","0","0","0","0","0","0","0","0","0","0","0","0","1","11","0","0","0","35","0","0","0","0","0","0","0","0","0","0","0","0","0","0","0","0","7"
"0x7a6e0b9a3fd0","      USEL UR6, UR8, URZ, UP0","28","1","28","783360","25067520","25067520","32","32","0","-","-","-","0","0","0","0","0","0","0","0","0","0","0","0","0","0","0","0","1","13","0","0","0","14","0","0","0","0","0","0","0","0","0","0","0","0","0","0","0","0","1"
"0x7a6e0b9a3fe0","      UISETP.NE.AND UP0, UPT, UR30, UR35, UPT","36","1","36","783360","25067520","25067520","32","32","0","-","-","-","0","0","0","0","0","0","0","0","0","0","0","0","0","0","0","0","0","16","0","0","0","20","0","0","0","0","0","0","0","0","0","0","0","0","0","0","0","0","1"
"0x7a6e0b9a3ff0","      BRA.U UP0, 0x7a6e0b9a3680","127","29","127","783360","25067520","25067520","32","32","0","-","-","-","0","0","0","0","0","0","0","3","0","0","0","0","0","0","0","0","8","4","0","0","0","112","0","0","0","0","0","0","0","0","0","0","0","0","0","0","0","0","29"
"0x7a6e0b9a4000","      UIADD3 UR7, UR18, 0x10, URZ","81","29","81","3072","98304","98304","32","32","0","-","-","-","0","0","0","0","0","0","7","0","0","0","0","0","0","0","0","0","0","15","0","0","0","59","0","3","0","0","0","0","0","0","0","0","0","0","0","0","0","0","26"
"0x7a6e0b9a4010","      UISETP.NE.U32.AND UP0, UPT, UR4, URZ, UPT","1","0","1","3072","98304","98304","32","32","0","-","-","-","0","0","0","0","0","0","0","0","0","0","0","0","0","0","0","0","0","1","0","0","0","0","0","0","0","0","0","0","0","0","0","0","0","0","0","0","0","0","0"
"0x7a6e0b9a4020","      UIADD3 UR5, UR18, 0x18, URZ","0","0","0","3072","98304","98304","32","32","0","-","-","-","0","0","0","0","0","0","0","0","0","0","0","0","0","0","0","0","0","0","0","0","0","0","0","0","0","0","0","0","0","0","0","0","0","0","0","0","0","0","0"
"0x7a6e0b9a4030","      USHF.L.U32 UR4, UR16, 0x1f, URZ","0","0","0","3072","98304","98304","32","32","0","-","-","-","0","0","0","0","0","0","0","0","0","0","0","0","0","0","0","0","0","0","0","0","0","0","0","0","0","0","0","0","0","0","0","0","0","0","0","0","0","0","0"
"0x7a6e0b9a4040","      UTCBAR [UR7], URZ","1","0","1","3072","98304","98304","32","32","0","-","-","-","0","0","0","0","0","0","0","0","0","0","0","0","0","0","0","0","0","0","0","0","0","1","0","0","0","0","0","0","0","0","0","0","0","0","0","0","0","0","0"
"0x7a6e0b9a4050","      MOV R0, UR4","0","0","0","3072","98304","98304","32","32","0","-","-","-","0","0","0","0","0","0","0","0","0","0","0","0","0","0","0","0","0","0","0","0","0","0","0","0","0","0","0","0","0","0","0","0","0","0","0","0","0","0","0"
"0x7a6e0b9a4060","      UTCBAR [UR5], URZ","0","0","0","3072","98304","98304","32","32","0","-","-","-","0","0","0","0","0","0","0","0","0","0","0","0","0","0","0","0","0","0","0","0","0","0","0","0","0","0","0","0","0","0","0","0","0","0","0","0","0","0","0"
"0x7a6e0b9a4070","      ULEA UR7, UR6, UR18, 0x3","0","0","0","3072","98304","98304","32","32","0","-","-","-","0","0","0","0","0","0","0","0","0","0","0","0","0","0","0","0","0","0","0","0","0","0","0","0","0","0","0","0","0","0","0","0","0","0","0","0","0","0","0"
"0x7a6e0b9a4080","      SYNCS.PHASECHK.TRANS64.TRYWAIT P0, [UR7+0x20], R0","1","0","1","3072","98304","98304","32","32","0","-","-","-","0","0","0","0","0","0","0","0","0","0","0","0","0","0","0","0","1","0","0","0","0","0","0","0","0","0","0","0","0","0","0","0","0","0","0","0","0","0","0"
"0x7a6e0b9a4090","@!P0  BRA 0x7a6e0b9ad800","0","0","0","3072","98304","0","32","0","0","-","-","-","0","0","0","0","0","0","0","0","0","0","0","0","0","0","0","0","0","0","0","0","0","0","0","0","0","0","0","0","0","0","0","0","0","0","0","0","0","0","0"
"0x7a6e0b9a40a0","      USHF.L.U32 UR4, UR33, 0x1f, URZ","1","1","1","3072","98304","98304","32","32","0","-","-","-","0","0","0","0","0","0","0","0","0","0","0","0","0","0","0","0","0","0","0","0","0","1","0","0","0","0","0","0","0","0","0","0","0","0","0","0","0","0","1"
"0x7a6e0b9a40b0","      HFMA2 R11, -RZ, RZ, 0, 3.814697265625e-06","0","0","0","3072","98304","98304","32","32","0","-","-","-","0","0","0","0","0","0","0","0","0","0","0","0","0","0","0","0","0","0","0","0","0","0","0","0","0","0","0","0","0","0","0","0","0","0","0","0","0","0","0"
"0x7a6e0b9a40c0","      ULEA UR5, UR6, UR18, 0xe","0","0","0","3072","98304","98304","32","32","0","-","-","-","0","0","0","0","0","0","0","0","0","0","0","0","0","0","0","0","0","0","0","0","0","0","0","0","0","0","0","0","0","0","0","0","0","0","0","0","0","0","0"
"0x7a6e0b9a40d0","      MOV R10, 0x100","0","0","0","3072","98304","98304","32","32","0","-","-","-","0","0","0","0","0","0","0","0","0","0","0","0","0","0","0","0","0","0","0","0","0","0","0","0","0","0","0","0","0","0","0","0","0","0","0","0","0","0","0"
"0x7a6e0b9a40e0","      MOV R0, UR4","1","0","1","3072","98304","98304","32","32","0","-","-","-","0","0","0","0","0","0","0","0","0","0","0","0","0","0","0","0","0","0","0","0","0","1","0","0","0","0","0","0","0","0","0","0","0","0","0","0","0","0","0"
"0x7a6e0b9a40f0","      UIADD3 UR5, UR5, 0x14c00, URZ","0","0","0","3072","98304","98304","32","32","0","-","-","-","0","0","0","0","0","0","0","0","0","0","0","0","0","0","0","0","0","0","0","0","0","0","0","0","0","0","0","0","0","0","0","0","0","0","0","0","0","0","0"
"0x7a6e0b9a4100","      SYNCS.PHASECHK.TRANS64.TRYWAIT P0, [UR18+0x60], R0","0","0","0","3072","98304","98304","32","32","0","-","-","-","0","0","0","0","0","0","0","0","0","0","0","0","0","0","0","0","0","0","0","0","0","0","0","0","0","0","0","0","0","0","0","0","0","0","0","0","0","0","0"
"0x7a6e0b9a4110","      USHF.R.U32.HI UR5, URZ, 0x4, UR5","0","0","0","3072","98304","98304","32","32","0","-","-","-","0","0","0","0","0","0","0","0","0","0","0","0","0","0","0","0","0","0","0","0","0","0","0","0","0","0","0","0","0","0","0","0","0","0","0","0","0","0","0"
"0x7a6e0b9a4120","      ULOP3.LUT UR5, UR5, 0x3fc0, URZ, 0xc0, !UPT","0","0","0","3072","98304","98304","32","32","0","-","-","-","0","0","0","0","0","0","0","0","0","0","0","0","0","0","0","0","0","0","0","0","0","0","0","0","0","0","0","0","0","0","0","0","0","0","0","0","0","0","0"
"0x7a6e0b9a4130","@!P0  BRA 0x7a6e0b9ad880","28","16","28","3072","98304","98304","32","32","0","-","-","-","0","0","0","0","0","0","0","0","0","0","28","0","0","0","0","0","0","0","0","0","0","0","0","0","0","0","0","16","0","0","0","0","0","0","0","0","0","0","0"
"0x7a6e0b9a4140","      R2UR UR10, R11","0","0","0","3072","98304","98304","32","32","0","-","-","-","0","0","0","0","0","0","0","0","0","0","0","0","0","0","0","0","0","0","0","0","0","0","0","0","0","0","0","0","0","0","0","0","0","0","0","0","0","0","0"
"0x7a6e0b9a4150","      IMAD.MOV.U32 R2, RZ, RZ, 0x48","1","0","1","3072","98304","98304","32","32","0","-","-","-","0","0","0","0","0","0","0","0","0","0","0","0","0","0","0","0","0","1","0","0","0","0","0","0","0","0","0","0","0","0","0","0","0","0","0","0","0","0","0"
"0x7a6e0b9a4160","      R2UR UR11, R10","0","0","0","3072","98304","98304","32","32","0","-","-","-","0","0","0","0","0","0","0","0","0","0","0","0","0","0","0","0","0","0","0","0","0","0","0","0","0","0","0","0","0","0","0","0","0","0","0","0","0","0","0"
"0x7a6e0b9a4170","      IMAD.MOV.U32 R0, RZ, RZ, 0x100","0","0","0","3072","98304","98304","32","32","0","-","-","-","0","0","0","0","0","0","0","0","0","0","0","0","0","0","0","0","0","0","0","0","0","0","0","0","0","0","0","0","0","0","0","0","0","0","0","0","0","0","0"
"0x7a6e0b9a4180","      UMOV UR8, 0x0","0","0","0","3072","98304","98304","32","32","0","-","-","-","0","0","0","0","0","0","0","0","0","0","0","0","0","0","0","0","0","0","0","0","0","0","0","0","0","0","0","0","0","0","0","0","0","0","0","0","0","0","0"
"0x7a6e0b9a4190","      UMOV UR9, 0x8210010","1","0","1","3072","98304","98304","32","32","0","-","-","-","0","0","0","0","0","0","0","0","0","0","0","0","0","0","0","0","0","1","0","0","0","0","0","0","0","0","0","0","0","0","0","0","0","0","0","0","0","0","0"
"0x7a6e0b9a41a0","      UMOV UR14, UR5","1","0","1","3072","98304","98304","32","32","0","-","-","-","0","0","0","0","0","0","0","0","0","0","0","0","0","0","0","0","0","1","0","0","0","0","0","0","0","0","0","0","0","0","0","0","0","0","0","0","0","0","0"
"0x7a6e0b9a41b0","      UMOV UR15, 0x40004040","0","0","0","3072","98304","98304","32","32","0","-","-","-","0","0","0","0","0","0","0","0","0","0","0","0","0","0","0","0","0","0","0","0","0","0","0","0","0","0","0","0","0","0","0","0","0","0","0","0","0","0","0"
"0x7a6e0b9a41c0","      UIADD3 UR12, UR5, 0x100, URZ","0","0","0","3072","98304","98304","32","32","0","-","-","-","0","0","0","0","0","0","0","0","0","0","0","0","0","0","0","0","0","0","0","0","0","0","0","0","0","0","0","0","0","0","0","0","0","0","0","0","0","0","0"
"0x7a6e0b9a41d0","      IMAD.MOV.U32 R11, RZ, RZ, 0x50","0","0","0","3072","98304","98304","32","32","0","-","-","-","0","0","0","0","0","0","0","0","0","0","0","0","0","0","0","0","0","0","0","0","0","0","0","0","0","0","0","0","0","0","0","0","0","0","0","0","0","0","0"
"0x7a6e0b9a41e0","      UMOV UR20, 0x0","0","0","0","3072","98304","98304","32","32","0","-","-","-","0","0","0","0","0","0","0","0","0","0","0","0","0","0","0","0","0","0","0","0","0","0","0","0","0","0","0","0","0","0","0","0","0","0","0","0","0","0","0"
"0x7a6e0b9a41f0","      UMOV UR21, 0x8210010","0","0","0","3072","98304","98304","32","32","0","-","-","-","0","0","0","0","0","0","0","0","0","0","0","0","0","0","0","0","0","0","0","0","0","0","0","0","0","0","0","0","0","0","0","0","0","0","0","0","0","0","0"
"0x7a6e0b9a4200","      UMOV UR13, 0x40004040","0","0","0","3072","98304","98304","32","32","0","-","-","-","0","0","0","0","0","0","0","0","0","0","0","0","0","0","0","0","0","0","0","0","0","0","0","0","0","0","0","0","0","0","0","0","0","0","0","0","0","0","0"
"0x7a6e0b9a4210","      MOV R10, 0x100","0","0","0","3072","98304","98304","32","32","0","-","-","-","0","0","0","0","0","0","0","0","0","0","0","0","0","0","0","0","0","0","0","0","0","0","0","0","0","0","0","0","0","0","0","0","0","0","0","0","0","0","0"
"0x7a6e0b9a4220","      UTCQMMA tmem[UR10], gdesc[UR14], tmem[UR11], tmem[UR8], idesc[UR9], UP0","2","0","2","3072","98304","98304","32","32","0","TmemShared","Load,Store","-","0","0","0","0","0","0","0","0","0","0","0","0","0","0","0","0","1","0","0","0","0","1","0","0","0","0","0","0","0","0","0","0","0","0","0","0","0","0","0"
"0x7a6e0b9a4230","      R2UR UR8, R2","0","0","0","3072","98304","98304","32","32","0","-","-","-","0","0","0","0","0","0","0","0","0","0","0","0","0","0","0","0","0","0","0","0","0","0","0","0","0","0","0","0","0","0","0","0","0","0","0","0","0","0","0"
"0x7a6e0b9a4240","      R2UR UR9, R0","0","0","0","3072","98304","98304","32","32","0","-","-","-","0","0","0","0","0","0","0","0","0","0","0","0","0","0","0","0","0","0","0","0","0","0","0","0","0","0","0","0","0","0","0","0","0","0","0","0","0","0","0"
"0x7a6e0b9a4250","      MOV R0, UR4","0","0","0","3072","98304","98304","32","32","0","-","-","-","0","0","0","0","0","0","0","0","0","0","0","0","0","0","0","0","0","0","0","0","0","0","0","0","0","0","0","0","0","0","0","0","0","0","0","0","0","0","0"
"0x7a6e0b9a4260","      UTCQMMA tmem[UR8], gdesc[UR12], tmem[UR9], tmem[UR20], idesc[UR21], UPT","2","1","2","3072","98304","98304","32","32","0","TmemShared","Load,Store","-","0","0","0","0","0","0","0","0","0","0","0","0","0","0","0","0","0","1","0","0","0","1","0","0","0","0","0","0","0","0","0","0","0","0","0","0","0","0","1"
"0x7a6e0b9a4270","      SYNCS.PHASECHK.TRANS64.TRYWAIT P0, [UR18+0x118], R0","0","0","0","3072","98304","98304","32","32","0","-","-","-","0","0","0","0","0","0","0","0","0","0","0","0","0","0","0","0","0","0","0","0","0","0","0","0","0","0","0","0","0","0","0","0","0","0","0","0","0","0","0"
"0x7a6e0b9a4280","@!P0  BRA 0x7a6e0b9ad900","13","6","13","3072","98304","98272","32","31","0","-","-","-","0","0","0","0","0","0","0","0","0","0","12","0","0","0","0","1","0","0","0","0","0","0","0","0","0","0","0","6","0","0","0","0","0","0","0","0","0","0","0"
"0x7a6e0b9a4290","      IMAD.MOV.U32 R2, RZ, RZ, 0x58","0","0","0","3072","98304","98304","32","32","0","-","-","-","0","0","0","0","0","0","0","0","0","0","0","0","0","0","0","0","0","0","0","0","0","0","0","0","0","0","0","0","0","0","0","0","0","0","0","0","0","0","0"
"0x7a6e0b9a42a0","      R2UR UR19, R11","0","0","0","3072","98304","98304","32","32","0","-","-","-","0","0","0","0","0","0","0","0","0","0","0","0","0","0","0","0","0","0","0","0","0","0","0","0","0","0","0","0","0","0","0","0","0","0","0","0","0","0","0"
"0x7a6e0b9a42b0","      IMAD.MOV.U32 R0, RZ, RZ, 0x100","0","0","0","3072","98304","98304","32","32","0","-","-","-","0","0","0","0","0","0","0","0","0","0","0","0","0","0","0","0","0","0","0","0","0","0","0","0","0","0","0","0","0","0","0","0","0","0","0","0","0","0","0"
"0x7a6e0b9a42c0","      R2UR UR20, R10","1","0","1","3072","98304","98304","32","32","0","-","-","-","0","0","0","0","0","0","0","0","0","0","0","0","0","0","0","0","0","1","0","0","0","0","0","0","0","0","0","0","0","0","0","0","0","0","0","0","0","0","0"
"0x7a6e0b9a42d0","      UIADD3 UR10, UR5, 0x200, URZ","0","0","0","3072","98304","98304","32","32","0","-","-","-","0","0","0","0","0","0","0","0","0","0","0","0","0","0","0","0","0","0","0","0","0","0","0","0","0","0","0","0","0","0","0","0","0","0","0","0","0","0","0"
"0x7a6e0b9a42e0","      HFMA2 R10, -RZ, RZ, 0, 2.288818359375e-05","0","0","0","3072","98304","98304","32","32","0","-","-","-","0","0","0","0","0","0","0","0","0","0","0","0","0","0","0","0","0","0","0","0","0","0","0","0","0","0","0","0","0","0","0","0","0","0","0","0","0","0","0"
"0x7a6e0b9a42f0","      UIADD3 UR8, UR5, 0x300, URZ","0","0","0","3072","98304","98304","32","32","0","-","-","-","0","0","0","0","0","0","0","0","0","0","0","0","0","0","0","0","0","0","0","0","0","0","0","0","0","0","0","0","0","0","0","0","0","0","0","0","0","0","0"
"0x7a6e0b9a4300","      R2UR UR5, R2","0","0","0","3072","98304","98304","32","32","0","-","-","-","0","0","0","0","0","0","0","0","0","0","0","0","0","0","0","0","0","0","0","0","0","0","0","0","0","0","0","0","0","0","0","0","0","0","0","0","0","0","0"
"0x7a6e0b9a4310","      UIADD3 UR21, UR18, 0x80, URZ","0","0","0","3072","98304","98304","32","32","0","-","-","-","0","0","0","0","0","0","0","0","0","0","0","0","0","0","0","0","0","0","0","0","0","0","0","0","0","0","0","0","0","0","0","0","0","0","0","0","0","0","0"
"0x7a6e0b9a4320","      R2UR UR17, R0","0","0","0","3072","98304","98304","32","32","0","-","-","-","0","0","0","0","0","0","0","0","0","0","0","0","0","0","0","0","0","0","0","0","0","0","0","0","0","0","0","0","0","0","0","0","0","0","0","0","0","0","0"
"0x7a6e0b9a4330","      UMOV UR22, 0x0","0","0","0","3072","98304","98304","32","32","0","-","-","-","0","0","0","0","0","0","0","0","0","0","0","0","0","0","0","0","0","0","0","0","0","0","0","0","0","0","0","0","0","0","0","0","0","0","0","0","0","0","0"
"0x7a6e0b9a4340","      UMOV UR23, 0x8210010","0","0","0","3072","98304","98304","32","32","0","-","-","-","0","0","0","0","0","0","0","0","0","0","0","0","0","0","0","0","0","0","0","0","0","0","0","0","0","0","0","0","0","0","0","0","0","0","0","0","0","0","0"
"0x7a6e0b9a4350","      UMOV UR11, 0x40004040","0","0","0","3072","98304","98304","32","32","0","-","-","-","0","0","0","0","0","0","0","0","0","0","0","0","0","0","0","0","0","0","0","0","0","0","0","0","0","0","0","0","0","0","0","0","0","0","0","0","0","0","0"
"0x7a6e0b9a4360","      UMOV UR9, 0x40004040","0","0","0","3072","98304","98304","32","32","0","-","-","-","0","0","0","0","0","0","0","0","0","0","0","0","0","0","0","0","0","0","0","0","0","0","0","0","0","0","0","0","0","0","0","0","0","0","0","0","0","0","0"
"0x7a6e0b9a4370","      MOV R0, UR4","0","0","0","3072","98304","98304","32","32","0","-","-","-","0","0","0","0","0","0","0","0","0","0","0","0","0","0","0","0","0","0","0","0","0","0","0","0","0","0","0","0","0","0","0","0","0","0","0","0","0","0","0"
"0x7a6e0b9a4380","      IMAD.MOV.U32 R11, RZ, RZ, 0xc0","0","0","0","3072","98304","98304","32","32","0","-","-","-","0","0","0","0","0","0","0","0","0","0","0","0","0","0","0","0","0","0","0","0","0","0","0","0","0","0","0","0","0","0","0","0","0","0","0","0","0","0","0"
"0x7a6e0b9a4390","      UTCQMMA tmem[UR19], gdesc[UR10], tmem[UR20], tmem[UR22], idesc[UR23], UPT","0","0","0","3072","98304","98304","32","32","0","TmemShared","Load,Store","-","0","0","0","0","0","0","0","0","0","0","0","0","0","0","0","0","0","0","0","0","0","0","0","0","0","0","0","0","0","0","0","0","0","0","0","0","0","0","0"
"0x7a6e0b9a43a0","      UTCQMMA tmem[UR5], gdesc[UR8], tmem[UR17], tmem[UR22], idesc[UR23], UPT","0","0","0","3072","98304","98304","32","32","0","TmemShared","Load,Store","-","0","0","0","0","0","0","0","0","0","0","0","0","0","0","0","0","0","0","0","0","0","0","0","0","0","0","0","0","0","0","0","0","0","0","0","0","0","0","0"
"0x7a6e0b9a43b0","      UTCBAR [UR21], URZ","0","0","0","3072","98304","98304","32","32","0","-","-","-","0","0","0","0","0","0","0","0","0","0","0","0","0","0","0","0","0","0","0","0","0","0","0","0","0","0","0","0","0","0","0","0","0","0","0","0","0","0","0"
"0x7a6e0b9a43c0","      SYNCS.PHASECHK.TRANS64.TRYWAIT P0, [UR18+0x68], R0","0","0","0","3072","98304","98304","32","32","0","-","-","-","0","0","0","0","0","0","0","0","0","0","0","0","0","0","0","0","0","0","0","0","0","0","0","0","0","0","0","0","0","0","0","0","0","0","0","0","0","0","0"
"0x7a6e0b9a43d0","@!P0  BRA 0x7a6e0b9ad980","28","11","28","3072","98304","98304","32","32","0","-","-","-","0","0","0","0","0","0","0","0","0","0","27","0","0","0","0","0","0","1","0","0","0","0","0","0","0","0","0","11","0","0","0","0","0","0","0","0","0","0","0"
"0x7a6e0b9a43e0","      IMAD.MOV.U32 R2, RZ, RZ, 0xc8","0","0","0","3072","98304","98304","32","32","0","-","-","-","0","0","0","0","0","0","0","0","0","0","0","0","0","0","0","0","0","0","0","0","0","0","0","0","0","0","0","0","0","0","0","0","0","0","0","0","0","0","0"
"0x7a6e0b9a43f0","      R2UR UR19, R11","0","0","0","3072","98304","98304","32","32","0","-","-","-","0","0","0","0","0","0","0","0","0","0","0","0","0","0","0","0","0","0","0","0","0","0","0","0","0","0","0","0","0","0","0","0","0","0","0","0","0","0","0"
"0x7a6e0b9a4400","      IMAD.MOV.U32 R0, RZ, RZ, 0x180","0","0","0","3072","98304","98304","32","32","0","-","-","-","0","0","0","0","0","0","0","0","0","0","0","0","0","0","0","0","0","0","0","0","0","0","0","0","0","0","0","0","0","0","0","0","0","0","0","0","0","0","0"
"0x7a6e0b9a4410","      R2UR UR20, R10","0","0","0","3072","98304","98304","32","32","0","-","-","-","0","0","0","0","0","0","0","0","0","0","0","0","0","0","0","0","0","0","0","0","0","0","0","0","0","0","0","0","0","0","0","0","0","0","0","0","0","0","0"
"0x7a6e0b9a4420","      UMOV UR22, 0x0","0","0","0","3072","98304","98304","32","32","0","-","-","-","0","0","0","0","0","0","0","0","0","0","0","0","0","0","0","0","0","0","0","0","0","0","0","0","0","0","0","0","0","0","0","0","0","0","0","0","0","0","0"
"0x7a6e0b9a4430","      R2UR UR5, R2","0","0","0","3072","98304","98304","32","32","0","-","-","-","0","0","0","0","0","0","0","0","0","0","0","0","0","0","0","0","0","0","0","0","0","0","0","0","0","0","0","0","0","0","0","0","0","0","0","0","0","0","0"
"0x7a6e0b9a4440","      UMOV UR23, 0x8210010","0","0","0","3072","98304","98304","32","32","0","-","-","-","0","0","0","0","0","0","0","0","0","0","0","0","0","0","0","0","0","0","0","0","0","0","0","0","0","0","0","0","0","0","0","0","0","0","0","0","0","0","0"
"0x7a6e0b9a4450","      R2UR UR17, R0","0","0","0","3072","98304","98304","32","32","0","-","-","-","0","0","0","0","0","0","0","0","0","0","0","0","0","0","0","0","0","0","0","0","0","0","0","0","0","0","0","0","0","0","0","0","0","0","0","0","0","0","0"
"0x7a6e0b9a4460","      IMAD.U32 R0, RZ, RZ, UR4","0","0","0","3072","98304","98304","32","32","0","-","-","-","0","0","0","0","0","0","0","0","0","0","0","0","0","0","0","0","0","0","0","0","0","0","0","0","0","0","0","0","0","0","0","0","0","0","0","0","0","0","0"
"0x7a6e0b9a4470","      UTCQMMA tmem[UR19], gdesc[UR14], tmem[UR20], tmem[UR22], idesc[UR23], UP0","0","0","0","3072","98304","98304","32","32","0","TmemShared","Load,Store","-","0","0","0","0","0","0","0","0","0","0","0","0","0","0","0","0","0","0","0","0","0","0","0","0","0","0","0","0","0","0","0","0","0","0","0","0","0","0","0"
"0x7a6e0b9a4480","      UTCQMMA tmem[UR5], gdesc[UR12], tmem[UR17], tmem[UR22], idesc[UR23], UPT","0","0","0","3072","98304","98304","32","32","0","TmemShared","Load,Store","-","0","0","0","0","0","0","0","0","0","0","0","0","0","0","0","0","0","0","0","0","0","0","0","0","0","0","0","0","0","0","0","0","0","0","0","0","0","0","0"
"0x7a6e0b9a4490","      SYNCS.PHASECHK.TRANS64.TRYWAIT P0, [UR18+0x120], R0","0","0","0","3072","98304","98304","32","32","0","-","-","-","0","0","0","0","0","0","0","0","0","0","0","0","0","0","0","0","0","0","0","0","0","0","0","0","0","0","0","0","0","0","0","0","0","0","0","0","0","0","0"
"0x7a6e0b9a44a0","@!P0  BRA 0x7a6e0b9ada00","12","9","12","3072","98304","98304","32","32","0","-","-","-","0","0","0","0","0","0","0","0","0","0","12","0","0","0","0","0","0","0","0","0","0","0","0","0","0","0","0","9","0","0","0","0","0","0","0","0","0","0","0"
"0x7a6e0b9a44b0","      IMAD.MOV.U32 R2, RZ, RZ, 0xd0","1","0","1","3072","98304","98304","32","32","0","-","-","-","0","0","0","0","0","0","0","0","0","0","0","0","0","0","0","0","0","1","0","0","0","0","0","0","0","0","0","0","0","0","0","0","0","0","0","0","0","0","0"
"0x7a6e0b9a44c0","      R2UR UR14, R5","0","0","0","3072","98304","98304","32","32","0","-","-","-","0","0","0","0","0","0","0","0","0","0","0","0","0","0","0","0","0","0","0","0","0","0","0","0","0","0","0","0","0","0","0","0","0","0","0","0","0","0","0"
"0x7a6e0b9a44d0","      IMAD.MOV.U32 R0, RZ, RZ, 0x180","0","0","0","3072","98304","98304","32","32","0","-","-","-","0","0","0","0","0","0","0","0","0","0","0","0","0","0","0","0","0","0","0","0","0","0","0","0","0","0","0","0","0","0","0","0","0","0","0","0","0","0","0"
"0x7a6e0b9a44e0","      R2UR UR17, R4","0","0","0","3072","98304","98304","32","32","0","-","-","-","0","0","0","0","0","0","0","0","0","0","0","0","0","0","0","0","0","0","0","0","0","0","0","0","0","0","0","0","0","0","0","0","0","0","0","0","0","0","0"
"0x7a6e0b9a44f0","      UIADD3 UR15, UR18, 0x88, URZ","0","0","0","3072","98304","98304","32","32","0","-","-","-","0","0","0","0","0","0","0","0","0","0","0","0","0","0","0","0","0","0","0","0","0","0","0","0","0","0","0","0","0","0","0","0","0","0","0","0","0","0","0"
"0x7a6e0b9a4500","      R2UR UR4, R2","0","0","0","3072","98304","98304","32","32","0","-","-","-","0","0","0","0","0","0","0","0","0","0","0","0","0","0","0","0","0","0","0","0","0","0","0","0","0","0","0","0","0","0","0","0","0","0","0","0","0","0","0"
"0x7a6e0b9a4510","      IMAD.MOV.U32 R2, RZ, RZ, 0xd8","0","0","0","3072","98304","98304","32","32","0","-","-","-","0","0","0","0","0","0","0","0","0","0","0","0","0","0","0","0","0","0","0","0","0","0","0","0","0","0","0","0","0","0","0","0","0","0","0","0","0","0","0"
"0x7a6e0b9a4520","      R2UR UR13, R0","0","0","0","3072","98304","98304","32","32","0","-","-","-","0","0","0","0","0","0","0","0","0","0","0","0","0","0","0","0","0","0","0","0","0","0","0","0","0","0","0","0","0","0","0","0","0","0","0","0","0","0","0"
"0x7a6e0b9a4530","      UIADD3 UR7, UR7, 0x40, URZ","0","0","0","3072","98304","98304","32","32","0","-","-","-","0","0","0","0","0","0","0","0","0","0","0","0","0","0","0","0","0","0","0","0","0","0","0","0","0","0","0","0","0","0","0","0","0","0","0","0","0","0","0"
"0x7a6e0b9a4540","      R2UR UR12, R0","0","0","0","3072","98304","98304","32","32","0","-","-","-","0","0","0","0","0","0","0","0","0","0","0","0","0","0","0","0","0","0","0","0","0","0","0","0","0","0","0","0","0","0","0","0","0","0","0","0","0","0","0"
"0x7a6e0b9a4550","      UMOV UR20, 0x0","0","0","0","3072","98304","98304","32","32","0","-","-","-","0","0","0","0","0","0","0","0","0","0","0","0","0","0","0","0","0","0","0","0","0","0","0","0","0","0","0","0","0","0","0","0","0","0","0","0","0","0","0"
"0x7a6e0b9a4560","      R2UR UR5, R2","0","0","0","3072","98304","98304","32","32","0","-","-","-","0","0","0","0","0","0","0","0","0","0","0","0","0","0","0","0","0","0","0","0","0","0","0","0","0","0","0","0","0","0","0","0","0","0","0","0","0","0","0"
"0x7a6e0b9a4570","      UMOV UR21, 0x8210010","0","0","0","3072","98304","98304","32","32","0","-","-","-","0","0","0","0","0","0","0","0","0","0","0","0","0","0","0","0","0","0","0","0","0","0","0","0","0","0","0","0","0","0","0","0","0","0","0","0","0","0","0"
"0x7a6e0b9a4580","      UIADD3 UR6, UR6, 0x1, URZ","0","0","0","3072","98304","98304","32","32","0","-","-","-","0","0","0","0","0","0","0","0","0","0","0","0","0","0","0","0","0","0","0","0","0","0","0","0","0","0","0","0","0","0","0","0","0","0","0","0","0","0","0"
"0x7a6e0b9a4590","      ULOP3.LUT UR63, UR63, 0x1, URZ, 0x3c, !UPT","0","0","0","3072","98304","98304","32","32","0","-","-","-","0","0","0","0","0","0","0","0","0","0","0","0","0","0","0","0","0","0","0","0","0","0","0","0","0","0","0","0","0","0","0","0","0","0","0","0","0","0","0"
"0x7a6e0b9a45a0","      UIADD3 UR17, UR17, UR14, URZ","0","0","0","3072","98304","98304","32","32","0","-","-","-","0","0","0","0","0","0","0","0","0","0","0","0","0","0","0","0","0","0","0","0","0","0","0","0","0","0","0","0","0","0","0","0","0","0","0","0","0","0","0"
"0x7a6e0b9a45b0","      LDCU UR14, c[0x0][0x5ec]","0","0","0","3072","98304","98304","32","32","0","-","-","-","0","0","0","0","0","0","0","0","0","0","0","0","0","0","0","0","0","0","0","0","0","0","0","0","0","0","0","0","0","0","0","0","0","0","0","0","0","0","0"
"0x7a6e0b9a45c0","      UTCQMMA tmem[UR4], gdesc[UR10], tmem[UR13], tmem[UR20], idesc[UR21], UPT","0","0","0","3072","98304","98304","32","32","0","TmemShared","Load,Store","-","0","0","0","0","0","0","0","0","0","0","0","0","0","0","0","0","0","0","0","0","0","0","0","0","0","0","0","0","0","0","0","0","0","0","0","0","0","0","0"
"0x7a6e0b9a45d0","      UISETP.NE.AND UP1, UPT, UR6, 0x4, UPT","0","0","0","3072","98304","98304","32","32","0","-","-","-","0","0","0","0","0","0","0","0","0","0","0","0","0","0","0","0","0","0","0","0","0","0","0","0","0","0","0","0","0","0","0","0","0","0","0","0","0","0","0"
"0x7a6e0b9a45e0","      UTCQMMA tmem[UR5], gdesc[UR8], tmem[UR12], tmem[UR20], idesc[UR21], UPT","0","0","0","3072","98304","98304","32","32","0","TmemShared","Load,Store","-","0","0","0","0","0","0","0","0","0","0","0","0","0","0","0","0","0","0","0","0","0","0","0","0","0","0","0","0","0","0","0","0","0","0","0","0","0","0","0"
"0x7a6e0b9a45f0","      UTCBAR [UR15], URZ","0","0","0","3072","98304","98304","32","32","0","-","-","-","0","0","0","0","0","0","0","0","0","0","0","0","0","0","0","0","0","0","0","0","0","0","0","0","0","0","0","0","0","0","0","0","0","0","0","0","0","0","0"
"0x7a6e0b9a4600","      UTCBAR [UR7], URZ","0","0","0","3072","98304","98304","32","32","0","-","-","-","0","0","0","0","0","0","0","0","0","0","0","0","0","0","0","0","0","0","0","0","0","0","0","0","0","0","0","0","0","0","0","0","0","0","0","0","0","0","0"
"0x7a6e0b9a4610","      IMAD.U32 R4, RZ, RZ, UR17","0","0","0","3072","98304","98304","32","32","0","-","-","-","0","0","0","0","0","0","0","0","0","0","0","0","0","0","0","0","0","0","0","0","0","0","0","0","0","0","0","0","0","0","0","0","0","0","0","0","0","0","0"
"0x7a6e0b9a4620","      ULOP3.LUT UR33, UR33, 0x1, URZ, 0x3c, !UPT","0","0","0","3072","98304","98304","32","32","0","-","-","-","0","0","0","0","0","0","0","0","0","0","0","0","0","0","0","0","0","0","0","0","0","0","0","0","0","0","0","0","0","0","0","0","0","0","0","0","0","0","0"
"0x7a6e0b9a4630","      USEL UR19, UR6, URZ, UP1","0","0","0","3072","98304","98304","32","32","0","-","-","-","0","0","0","0","0","0","0","0","0","0","0","0","0","0","0","0","0","0","0","0","0","0","0","0","0","0","0","0","0","0","0","0","0","0","0","0","0","0","0"
"0x7a6e0b9a4640","      UISETP.GE.AND UP0, UPT, UR17, UR14, UPT","0","0","0","3072","98304","98304","32","32","0","-","-","-","0","0","0","0","0","0","0","0","0","0","0","0","0","0","0","0","0","0","0","0","0","0","0","0","0","0","0","0","0","0","0","0","0","0","0","0","0","0","0"
"0x7a6e0b9a4650","      USEL UR4, URZ, 0x1, UP1","1","0","1","3072","98304","98304","32","32","0","-","-","-","0","0","0","0","0","0","0","0","0","0","0","0","0","0","0","0","0","0","0","0","0","1","0","0","0","0","0","0","0","0","0","0","0","0","0","0","0","0","0"
"0x7a6e0b9a4660","      ULOP3.LUT UR23, UR16, UR4, URZ, 0x3c, !UPT","0","0","0","3072","98304","98304","32","32","0","-","-","-","0","0","0","0","0","0","0","0","0","0","0","0","0","0","0","0","0","0","0","0","0","0","0","0","0","0","0","0","0","0","0","0","0","0","0","0","0","0","0"
"0x7a6e0b9a4670","      BRA.U !UP0, 0x7a6e0b9a30b0","1","0","1","3072","98304","98304","32","32","0","-","-","-","0","0","0","0","0","0","0","0","0","0","0","0","0","0","0","0","0","1","0","0","0","0","0","0","0","0","0","0","0","0","0","0","0","0","0","0","0","0","0"
"0x7a6e0b9a4680","      S2UR UR5, SR_CgaCtaId","0","0","0","148","4736","4736","32","32","0","-","-","-","0","0","0","0","0","0","0","0","0","0","0","0","0","0","0","0","0","0","0","0","0","0","0","0","0","0","0","0","0","0","0","0","0","0","0","0","0","0","0"
"0x7a6e0b9a4690","      ELECT P0, URZ, PT","0","0","0","148","4736","4736","32","32","0","-","-","-","0","0","0","0","0","0","0","0","0","0","0","0","0","0","0","0","0","0","0","0","0","0","0","0","0","0","0","0","0","0","0","0","0","0","0","0","0","0","0"
"0x7a6e0b9a46a0","      HFMA2 R0, -RZ, RZ, 0, 5.9604644775390625e-08","0","0","0","148","4736","4736","32","32","0","-","-","-","0","0","0","0","0","0","0","0","0","0","0","0","0","0","0","0","0","0","0","0","0","0","0","0","0","0","0","0","0","0","0","0","0","0","0","0","0","0","0"
"0x7a6e0b9a46b0","      UMOV UR4, 0x40","0","0","0","148","4736","4736","32","32","0","-","-","-","0","0","0","0","0","0","0","0","0","0","0","0","0","0","0","0","0","0","0","0","0","0","0","0","0","0","0","0","0","0","0","0","0","0","0","0","0","0","0"
"0x7a6e0b9a46c0","      UVIRTCOUNT.DEALLOC.SMPOOL 0x80","0","0","0","148","4736","4736","32","32","0","-","-","-","0","0","0","0","0","0","0","0","0","0","0","0","0","0","0","0","0","0","0","0","0","0","0","0","0","0","0","0","0","0","0","0","0","0","0","0","0","0","0"
"0x7a6e0b9a46d0","      S2UR UR6, SR_CgaCtaId","0","0","0","148","4736","4736","32","32","0","-","-","-","0","0","0","0","0","0","0","0","0","0","0","0","0","0","0","0","0","0","0","0","0","0","0","0","0","0","0","0","0","0","0","0","0","0","0","0","0","0","0"
"0x7a6e0b9a46e0","      ULEA UR4, UR5, UR4, 0x18","0","0","0","148","4736","4736","32","32","0","-","-","-","0","0","0","0","0","0","0","0","0","0","0","0","0","0","0","0","0","0","0","0","0","0","0","0","0","0","0","0","0","0","0","0","0","0","0","0","0","0","0"
"0x7a6e0b9a46f0","@P0   STS.U8 [UR4], R0","0","0","0","148","4736","148","32","1","0","Shared","Store","8","1","0","148","148","0","0","0","0","0","0","0","0","0","0","0","0","0","0","0","0","0","0","0","0","0","0","0","0","0","0","0","0","0","0","0","0","0","0","0"
"0x7a6e0b9a4700","      SYNCS.PHASECHK.TRANS64.TRYWAIT P0, [UR18+0x110], RZ","0","0","0","148","4736","4736","32","32","0","-","-","-","0","0","0","0","0","0","0","0","0","0","0","0","0","0","0","0","0","0","0","0","0","0","0","0","0","0","0","0","0","0","0","0","0","0","0","0","0","0","0"
"0x7a6e0b9a4710","      UMOV UR4, 0x400","0","0","0","148","4736","4736","32","32","0","-","-","-","0","0","0","0","0","0","0","0","0","0","0","0","0","0","0","0","0","0","0","0","0","0","0","0","0","0","0","0","0","0","0","0","0","0","0","0","0","0","0"
"0x7a6e0b9a4720","      ULEA UR4, UR6, UR4, 0x18","0","0","0","148","4736","4736","32","32","0","-","-","-","0","0","0","0","0","0","0","0","0","0","0","0","0","0","0","0","0","0","0","0","0","0","0","0","0","0","0","0","0","0","0","0","0","0","0","0","0","0","0"
"0x7a6e0b9a4730","@!P0  BRA 0x7a6e0b9ada80","3","3","3","148","4736","4736","32","32","0","-","-","-","0","0","0","0","0","0","0","0","0","0","3","0","0","0","0","0","0","0","0","0","0","0","0","0","0","0","0","3","0","0","0","0","0","0","0","0","0","0","0"
"0x7a6e0b9a4740","      LDS R0, [UR4+0x148]","0","0","0","148","4736","4736","32","32","0","Shared","Load","32","1","0","148","148","0","0","0","0","0","0","0","0","0","0","0","0","0","0","0","0","0","0","0","0","0","0","0","0","0","0","0","0","0","0","0","0","0","0","0"
"0x7a6e0b9a4750","      NOP","0","0","0","148","4736","4736","32","32","0","-","-","-","0","0","0","0","0","0","0","0","0","0","0","0","0","0","0","0","0","0","0","0","0","0","0","0","0","0","0","0","0","0","0","0","0","0","0","0","0","0","0"
"0x7a6e0b9a4760","      UMOV UR4, 0x50","0","0","0","148","4736","4736","32","32","0","-","-","-","0","0","0","0","0","0","0","0","0","0","0","0","0","0","0","0","0","0","0","0","0","0","0","0","0","0","0","0","0","0","0","0","0","0","0","0","0","0","0"
"0x7a6e0b9a4770","      IMAD.MOV.U32 R3, RZ, RZ, 0xffff","0","0","0","148","4736","4736","32","32","0","-","-","-","0","0","0","0","0","0","0","0","0","0","0","0","0","0","0","0","0","0","0","0","0","0","0","0","0","0","0","0","0","0","0","0","0","0","0","0","0","0","0"
"0x7a6e0b9a4780","      ULEA UR6, UR6, UR4, 0x18","0","0","0","148","4736","4736","32","32","0","-","-","-","0","0","0","0","0","0","0","0","0","0","0","0","0","0","0","0","0","0","0","0","0","0","0","0","0","0","0","0","0","0","0","0","0","0","0","0","0","0","0"
"0x7a6e0b9a4790","      IMAD.MOV.U32 R5, RZ, RZ, 0x1","0","0","0","148","4736","4736","32","32","0","-","-","-","0","0","0","0","0","0","0","0","0","0","0","0","0","0","0","0","0","0","0","0","0","0","0","0","0","0","0","0","0","0","0","0","0","0","0","0","0","0","0"
"0x7a6e0b9a47a0","      LDS R2, [UR6]","0","0","0","148","4736","4736","32","32","0","Shared","Load","32","1","0","148","148","0","0","0","0","0","0","0","0","0","0","0","0","0","0","0","0","0","0","0","0","0","0","0","0","0","0","0","0","0","0","0","0","0","0","0"
"0x7a6e0b9a47b0","      LOP3.LUT R0, R0, 0xffff, RZ, 0xc0, !PT","0","0","0","148","4736","4736","32","32","0","-","-","-","0","0","0","0","0","0","0","0","0","0","0","0","0","0","0","0","0","0","0","0","0","0","0","0","0","0","0","0","0","0","0","0","0","0","0","0","0","0","0"
"0x7a6e0b9a47c0","      SHF.R.U32.HI R0, RZ, 0x5, R0","0","0","0","148","4736","4736","32","32","0","-","-","-","0","0","0","0","0","0","0","0","0","0","0","0","0","0","0","0","0","0","0","0","0","0","0","0","0","0","0","0","0","0","0","0","0","0","0","0","0","0","0"
"0x7a6e0b9a47d0","      SHF.L.U32 R3, R3, R0, RZ","0","0","0","148","4736","4736","32","32","0","-","-","-","0","0","0","0","0","0","0","0","0","0","0","0","0","0","0","0","0","0","0","0","0","0","0","0","0","0","0","0","0","0","0","0","0","0","0","0","0","0","0"
"0x7a6e0b9a47e0","      VIADD R4, R0, 0x10","0","0","0","148","4736","4736","32","32","0","-","-","-","0","0","0","0","0","0","0","0","0","0","0","0","0","0","0","0","0","0","0","0","0","0","0","0","0","0","0","0","0","0","0","0","0","0","0","0","0","0","0"
"0x7a6e0b9a47f0","      SHF.L.U32 R0, R5, R4, RZ","0","0","0","148","4736","4736","32","32","0","-","-","-","0","0","0","0","0","0","0","0","0","0","0","0","0","0","0","0","0","0","0","0","0","0","0","0","0","0","0","0","0","0","0","0","0","0","0","0","0","0","0"
"0x7a6e0b9a4800","      LOP3.LUT R0, R0, R3, RZ, 0xfc, !PT","0","0","0","148","4736","4736","32","32","0","-","-","-","0","0","0","0","0","0","0","0","0","0","0","0","0","0","0","0","0","0","0","0","0","0","0","0","0","0","0","0","0","0","0","0","0","0","0","0","0","0","0"
"0x7a6e0b9a4810","      LOP3.LUT R4, R0, 0xffff, RZ, 0xc0, !PT","0","0","0","148","4736","4736","32","32","0","-","-","-","0","0","0","0","0","0","0","0","0","0","0","0","0","0","0","0","0","0","0","0","0","0","0","0","0","0","0","0","0","0","0","0","0","0","0","0","0","0","0"
"0x7a6e0b9a4820","      LOP3.LUT R3, R0, 0xffff, R2, 0x80, !PT","0","0","0","148","4736","4736","32","32","0","-","-","-","0","0","0","0","0","0","0","0","0","0","0","0","0","0","0","0","0","0","0","0","0","0","0","0","0","0","0","0","0","0","0","0","0","0","0","0","0","0","0"
"0x7a6e0b9a4830","      ISETP.NE.AND P0, PT, R3, R4, PT","0","0","0","148","4736","4736","32","32","0","-","-","-","0","0","0","0","0","0","0","0","0","0","0","0","0","0","0","0","0","0","0","0","0","0","0","0","0","0","0","0","0","0","0","0","0","0","0","0","0","0","0"
"0x7a6e0b9a4840","@P0   BRA 0x7a6e0b9a4990","0","0","0","148","4736","0","32","0","0","-","-","-","0","0","0","0","0","0","0","0","0","0","0","0","0","0","0","0","0","0","0","0","0","0","0","0","0","0","0","0","0","0","0","0","0","0","0","0","0","0","0"
"0x7a6e0b9a4850","      SHF.R.U32.HI R3, RZ, 0x10, R2","1","1","1","148","4736","4736","32","32","0","-","-","-","0","0","0","0","0","0","0","0","0","0","0","0","0","0","0","0","0","0","0","0","0","1","0","0","0","0","0","0","0","0","0","0","0","0","0","0","0","0","1"
"0x7a6e0b9a4860","      SHF.R.U32.HI R2, RZ, 0x10, R0","0","0","0","148","4736","4736","32","32","0","-","-","-","0","0","0","0","0","0","0","0","0","0","0","0","0","0","0","0","0","0","0","0","0","0","0","0","0","0","0","0","0","0","0","0","0","0","0","0","0","0","0"
"0x7a6e0b9a4870","      LOP3.LUT R3, R3, R2, RZ, 0xc0, !PT","0","0","0","148","4736","4736","32","32","0","-","-","-","0","0","0","0","0","0","0","0","0","0","0","0","0","0","0","0","0","0","0","0","0","0","0","0","0","0","0","0","0","0","0","0","0","0","0","0","0","0","0"
"0x7a6e0b9a4880","      ISETP.NE.AND P0, PT, R3, R2, PT","0","0","0","148","4736","4736","32","32","0","-","-","-","0","0","0","0","0","0","0","0","0","0","0","0","0","0","0","0","0","0","0","0","0","0","0","0","0","0","0","0","0","0","0","0","0","0","0","0","0","0","0"
"0x7a6e0b9a4890","@P0   BRA 0x7a6e0b9a4960","0","0","0","148","4736","0","32","0","0","-","-","-","0","0","0","0","0","0","0","0","0","0","0","0","0","0","0","0","0","0","0","0","0","0","0","0","0","0","0","0","0","0","0","0","0","0","0","0","0","0","0"
"0x7a6e0b9a48a0","      R2UR UR4, R0","0","0","0","148","4736","4736","32","32","0","-","-","-","0","0","0","0","0","0","0","0","0","0","0","0","0","0","0","0","0","0","0","0","0","0","0","0","0","0","0","0","0","0","0","0","0","0","0","0","0","0","0"
"0x7a6e0b9a48b0","      S2R R2, SR_LANEID","0","0","0","148","4736","4736","32","32","0","-","-","-","0","0","0","0","0","0","0","0","0","0","0","0","0","0","0","0","0","0","0","0","0","0","0","0","0","0","0","0","0","0","0","0","0","0","0","0","0","0","0"
"0x7a6e0b9a48c0","      ULOP3.LUT UR5, URZ, UR4, URZ, 0x33, !UPT","0","0","0","148","4736","4736","32","32","0","-","-","-","0","0","0","0","0","0","0","0","0","0","0","0","0","0","0","0","0","0","0","0","0","0","0","0","0","0","0","0","0","0","0","0","0","0","0","0","0","0","0"
"0x7a6e0b9a48d0","      VOTEU.ANY UR4, UPT, PT","0","0","0","148","4736","4736","32","32","0","-","-","-","0","0","0","0","0","0","0","0","0","0","0","0","0","0","0","0","0","0","0","0","0","0","0","0","0","0","0","0","0","0","0","0","0","0","0","0","0","0","0"
"0x7a6e0b9a48e0","      UFLO.U32 UR4, UR4","0","0","0","148","4736","4736","32","32","0","-","-","-","0","0","0","0","0","0","0","0","0","0","0","0","0","0","0","0","0","0","0","0","0","0","0","0","0","0","0","0","0","0","0","0","0","0","0","0","0","0","0"
"0x7a6e0b9a48f0","      IMAD.U32 R0, RZ, RZ, UR5","0","0","0","148","4736","4736","32","32","0","-","-","-","0","0","0","0","0","0","0","0","0","0","0","0","0","0","0","0","0","0","0","0","0","0","0","0","0","0","0","0","0","0","0","0","0","0","0","0","0","0","0"
"0x7a6e0b9a4900","      REDUX UR7, R0","0","0","0","148","4736","4736","32","32","0","-","-","-","0","0","0","0","0","0","0","0","0","0","0","0","0","0","0","0","0","0","0","0","0","0","0","0","0","0","0","0","0","0","0","0","0","0","0","0","0","0","0"
"0x7a6e0b9a4910","      UTCATOMSWS.AND URZ, UR5","0","0","0","148","4736","4736","32","32","0","-","-","-","0","0","0","0","0","0","0","0","0","0","0","0","0","0","0","0","0","0","0","0","0","0","0","0","0","0","0","0","0","0","0","0","0","0","0","0","0","0","0"
"0x7a6e0b9a4920","      ISETP.EQ.U32.AND P0, PT, R2, UR4, PT","0","0","0","148","4736","4736","32","32","0","-","-","-","0","0","0","0","0","0","0","0","0","0","0","0","0","0","0","0","0","0","0","0","0","0","0","0","0","0","0","0","0","0","0","0","0","0","0","0","0","0","0"
"0x7a6e0b9a4930","      IMAD.U32 R0, RZ, RZ, UR7","1","1","1","148","4736","4736","32","32","0","-","-","-","0","0","0","0","0","0","0","0","0","0","0","0","0","0","0","0","0","0","1","0","0","0","0","0","0","0","0","0","0","0","0","0","0","0","0","1","0","0","0"
"0x7a6e0b9a4940","@P0   ATOMS.AND RZ, [UR6], R0","1","1","1","148","4736","148","32","1","0","Shared","Atomic","32","1","0","148","148","0","0","0","0","0","0","0","0","0","0","0","0","0","0","0","0","0","1","0","0","0","0","0","0","0","0","0","0","0","0","0","0","0","0","1"
"0x7a6e0b9a4950","      BRA 0x7a6e0b9a49b0","0","0","0","148","4736","4736","32","32","0","-","-","-","0","0","0","0","0","0","0","0","0","0","0","0","0","0","0","0","0","0","0","0","0","0","0","0","0","0","0","0","0","0","0","0","0","0","0","0","0","0","0"
"0x7a6e0b9a4960","      MOV R2, 0x3380","0","0","0","0","0","0","0","0","0","-","-","-","0","0","0","0","0","0","0","0","0","0","0","0","0","0","0","0","0","0","0","0","0","0","0","0","0","0","0","0","0","0","0","0","0","0","0","0","0","0","0"
"0x7a6e0b9a4970","      CALL.REL.NOINC 0x7a6e0b9ae540","0","0","0","0","0","0","0","0","0","-","-","-","0","0","0","0","0","0","0","0","0","0","0","0","0","0","0","0","0","0","0","0","0","0","0","0","0","0","0","0","0","0","0","0","0","0","0","0","0","0","0"
"0x7a6e0b9a4980","      BRA 0x7a6e0b9a49b0","0","0","0","0","0","0","0","0","0","-","-","-","0","0","0","0","0","0","0","0","0","0","0","0","0","0","0","0","0","0","0","0","0","0","0","0","0","0","0","0","0","0","0","0","0","0","0","0","0","0","0"
"0x7a6e0b9a4990","      MOV R2, 0x33b0","0","0","0","0","0","0","0","0","0","-","-","-","0","0","0","0","0","0","0","0","0","0","0","0","0","0","0","0","0","0","0","0","0","0","0","0","0","0","0","0","0","0","0","0","0","0","0","0","0","0","0"
"0x7a6e0b9a49a0","      CALL.REL.NOINC 0x7a6e0b9ae5a0","0","0","0","0","0","0","0","0","0","-","-","-","0","0","0","0","0","0","0","0","0","0","0","0","0","0","0","0","0","0","0","0","0","0","0","0","0","0","0","0","0","0","0","0","0","0","0","0","0","0","0"
"0x7a6e0b9a49b0","      NOP","0","0","0","148","4736","4736","32","32","0","-","-","-","0","0","0","0","0","0","0","0","0","0","0","0","0","0","0","0","0","0","0","0","0","0","0","0","0","0","0","0","0","0","0","0","0","0","0","0","0","0","0"
"0x7a6e0b9a49c0","      BRA 0x7a6e0b9a5990","0","0","0","148","4736","4736","32","32","0","-","-","-","0","0","0","0","0","0","0","0","0","0","0","0","0","0","0","0","0","0","0","0","0","0","0","0","0","0","0","0","0","0","0","0","0","0","0","0","0","0","0"
"0x7a6e0b9a49d0","      SHF.R.U32.HI R0, RZ, 0x5, R14","0","0","0","296","9472","9472","32","32","0","-","-","-","0","0","0","0","0","0","0","0","0","0","0","0","0","0","0","0","0","0","0","0","0","0","0","0","0","0","0","0","0","0","0","0","0","0","0","0","0","0","0"
"0x7a6e0b9a49e0","      R2UR UR4, R0","0","0","0","296","9472","9472","32","32","0","-","-","-","0","0","0","0","0","0","0","0","0","0","0","0","0","0","0","0","0","0","0","0","0","0","0","0","0","0","0","0","0","0","0","0","0","0","0","0","0","0","0"
"0x7a6e0b9a49f0","      UISETP.NE.AND UP0, UPT, UR4, 0xe, UPT","0","0","0","296","9472","9472","32","32","0","-","-","-","0","0","0","0","0","0","0","0","0","0","0","0","0","0","0","0","0","0","0","0","0","0","0","0","0","0","0","0","0","0","0","0","0","0","0","0","0","0","0"
"0x7a6e0b9a4a00","      BRA.U !UP0, 0x7a6e0b9a4a70","0","0","0","296","9472","9472","32","32","0","-","-","-","0","0","0","0","0","0","0","0","0","0","0","0","0","0","0","0","0","0","0","0","0","0","0","0","0","0","0","0","0","0","0","0","0","0","0","0","0","0","0"
"0x7a6e0b9a4a10","      R2UR UR4, R0","0","0","0","148","4736","4736","32","32","0","-","-","-","0","0","0","0","0","0","0","0","0","0","0","0","0","0","0","0","0","0","0","0","0","0","0","0","0","0","0","0","0","0","0","0","0","0","0","0","0","0","0"
"0x7a6e0b9a4a20","      UISETP.NE.AND UP0, UPT, UR4, 0xf, UPT","0","0","0","148","4736","4736","32","32","0","-","-","-","0","0","0","0","0","0","0","0","0","0","0","0","0","0","0","0","0","0","0","0","0","0","0","0","0","0","0","0","0","0","0","0","0","0","0","0","0","0","0"
"0x7a6e0b9a4a30","      BRA.U UP0, 0x7a6e0b9a5990","0","0","0","148","4736","4736","32","32","0","-","-","-","0","0","0","0","0","0","0","0","0","0","0","0","0","0","0","0","0","0","0","0","0","0","0","0","0","0","0","0","0","0","0","0","0","0","0","0","0","0","0"
"0x7a6e0b9a4a40","      NOP","0","0","0","148","4736","4736","32","32","0","-","-","-","0","0","0","0","0","0","0","0","0","0","0","0","0","0","0","0","0","0","0","0","0","0","0","0","0","0","0","0","0","0","0","0","0","0","0","0","0","0","0"
"0x7a6e0b9a4a50","      USETMAXREG.DEALLOC.CTAPOOL 0x18","0","0","0","148","4736","4736","32","32","0","-","-","-","0","0","0","0","0","0","0","0","0","0","0","0","0","0","0","0","0","0","0","0","0","0","0","0","0","0","0","0","0","0","0","0","0","0","0","0","0","0","0"
"0x7a6e0b9a4a60","      BRA 0x7a6e0b9aa6a0","0","0","0","148","4736","4736","32","32","0","-","-","-","0","0","0","0","0","0","0","0","0","0","0","0","0","0","0","0","0","0","0","0","0","0","0","0","0","0","0","0","0","0","0","0","0","0","0","0","0","0","0"
"0x7a6e0b9a4a70","      NOP","0","0","0","148","4736","4736","32","32","0","-","-","-","0","0","0","0","0","0","0","0","0","0","0","0","0","0","0","0","0","0","0","0","0","0","0","0","0","0","0","0","0","0","0","0","0","0","0","0","0","0","0"
"0x7a6e0b9a4a80","      USETMAXREG.DEALLOC.CTAPOOL 0x18","0","0","0","148","4736","4736","32","32","0","-","-","-","0","0","0","0","0","0","0","0","0","0","0","0","0","0","0","0","0","0","0","0","0","0","0","0","0","0","0","0","0","0","0","0","0","0","0","0","0","0","0"
"0x7a6e0b9a4a90","      LDCU UR14, c[0x0][0x5d4]","0","0","0","148","4736","4736","32","32","0","-","-","-","0","0","0","0","0","0","0","0","0","0","0","0","0","0","0","0","0","0","0","0","0","0","0","0","0","0","0","0","0","0","0","0","0","0","0","0","0","0","0"
"0x7a6e0b9a4aa0","      S2UR UR39, SR_CTAID.X","0","0","0","148","4736","4736","32","32","0","-","-","-","0","0","0","0","0","0","0","0","0","0","0","0","0","0","0","0","0","0","0","0","0","0","0","0","0","0","0","0","0","0","0","0","0","0","0","0","0","0","0"
"0x7a6e0b9a4ab0","      LDCU UR15, c[0x0][0x5e0]","0","0","0","148","4736","4736","32","32","0","-","-","-","0","0","0","0","0","0","0","0","0","0","0","0","0","0","0","0","0","0","0","0","0","0","0","0","0","0","0","0","0","0","0","0","0","0","0","0","0","0","0"
"0x7a6e0b9a4ac0","      LDCU UR12, c[0x0][0x390]","0","0","0","148","4736","4736","32","32","0","-","-","-","0","0","0","0","0","0","0","0","0","0","0","0","0","0","0","0","0","0","0","0","0","0","0","0","0","0","0","0","0","0","0","0","0","0","0","0","0","0","0"
"0x7a6e0b9a4ad0","      LDCU UR16, c[0x0][0x5ec]","0","0","0","148","4736","4736","32","32","0","-","-","-","0","0","0","0","0","0","0","0","0","0","0","0","0","0","0","0","0","0","0","0","0","0","0","0","0","0","0","0","0","0","0","0","0","0","0","0","0","0","0"
"0x7a6e0b9a4ae0","      UISETP.NE.AND UP0, UPT, UR14, 0x1, UPT","0","0","0","148","4736","4736","32","32","0","-","-","-","0","0","0","0","0","0","0","0","0","0","0","0","0","0","0","0","0","0","0","0","0","0","0","0","0","0","0","0","0","0","0","0","0","0","0","0","0","0","0"
"0x7a6e0b9a4af0","      UISETP.NE.AND UP1, UPT, UR15, 0x1, UPT","0","0","0","148","4736","4736","32","32","0","-","-","-","0","0","0","0","0","0","0","0","0","0","0","0","0","0","0","0","0","0","0","0","0","0","0","0","0","0","0","0","0","0","0","0","0","0","0","0","0","0","0"
"0x7a6e0b9a4b00","      UIADD3 UR8, -UR12, URZ, URZ","0","0","0","148","4736","4736","32","32","0","-","-","-","0","0","0","0","0","0","0","0","0","0","0","0","0","0","0","0","0","0","0","0","0","0","0","0","0","0","0","0","0","0","0","0","0","0","0","0","0","0","0"
"0x7a6e0b9a4b10","      UIADD3 UR11, UR12, -0x1, URZ","0","0","0","148","4736","4736","32","32","0","-","-","-","0","0","0","0","0","0","0","0","0","0","0","0","0","0","0","0","0","0","0","0","0","0","0","0","0","0","0","0","0","0","0","0","0","0","0","0","0","0","0"
"0x7a6e0b9a4b20","@UP0  LDCU.64 UR6, c[0x0][0x5d8]","0","0","0","148","4736","4736","32","32","0","-","-","-","0","0","0","0","0","0","0","0","0","0","0","0","0","0","0","0","0","0","0","0","0","0","0","0","0","0","0","0","0","0","0","0","0","0","0","0","0","0","0"
"0x7a6e0b9a4b30","@UP1  LDCU UR10, c[0x0][0x5e4]","0","0","0","148","4736","4736","32","32","0","-","-","-","0","0","0","0","0","0","0","0","0","0","0","0","0","0","0","0","0","0","0","0","0","0","0","0","0","0","0","0","0","0","0","0","0","0","0","0","0","0","0"
"0x7a6e0b9a4b40","@UP1  LDCU UR13, c[0x0][0x5e8]","0","0","0","148","4736","4736","32","32","0","-","-","-","0","0","0","0","0","0","0","0","0","0","0","0","0","0","0","0","0","0","0","0","0","0","0","0","0","0","0","0","0","0","0","0","0","0","0","0","0","0","0"
"0x7a6e0b9a4b50","      USHF.R.S32.HI UR9, URZ, 0x1f, UR11","0","0","0","148","4736","4736","32","32","0","-","-","-","0","0","0","0","0","0","0","0","0","0","0","0","0","0","0","0","0","0","0","0","0","0","0","0","0","0","0","0","0","0","0","0","0","0","0","0","0","0","0"
"0x7a6e0b9a4b60","      UIMAD.WIDE.U32 UR4, UR39, UR6, URZ","0","0","0","148","4736","4736","32","32","0","-","-","-","0","0","0","0","0","0","0","0","0","0","0","0","0","0","0","0","0","0","0","0","0","0","0","0","0","0","0","0","0","0","0","0","0","0","0","0","0","0","0"
"0x7a6e0b9a4b70","      USHF.R.S32.HI UR6, URZ, 0x1f, UR8","0","0","0","148","4736","4736","32","32","0","-","-","-","0","0","0","0","0","0","0","0","0","0","0","0","0","0","0","0","0","0","0","0","0","0","0","0","0","0","0","0","0","0","0","0","0","0","0","0","0","0","0"
"0x7a6e0b9a4b80","      UMOV UR8, UR39","0","0","0","148","4736","4736","32","32","0","-","-","-","0","0","0","0","0","0","0","0","0","0","0","0","0","0","0","0","0","0","0","0","0","0","0","0","0","0","0","0","0","0","0","0","0","0","0","0","0","0","0"
"0x7a6e0b9a4b90","      ULEA.HI UR6, UR6, -UR12, URZ, 0x7","0","0","0","148","4736","4736","32","32","0","-","-","-","0","0","0","0","0","0","0","0","0","0","0","0","0","0","0","0","0","0","0","0","0","0","0","0","0","0","0","0","0","0","0","0","0","0","0","0","0","0","0"
"0x7a6e0b9a4ba0","@UP0  UMOV UR4, UR5","0","0","0","148","4736","4736","32","32","0","-","-","-","0","0","0","0","0","0","0","0","0","0","0","0","0","0","0","0","0","0","0","0","0","0","0","0","0","0","0","0","0","0","0","0","0","0","0","0","0","0","0"
"0x7a6e0b9a4bb0","@UP0  USHF.R.U32.HI UR8, URZ, UR7, UR4","0","0","0","148","4736","4736","32","32","0","-","-","-","0","0","0","0","0","0","0","0","0","0","0","0","0","0","0","0","0","0","0","0","0","0","0","0","0","0","0","0","0","0","0","0","0","0","0","0","0","0","0"
"0x7a6e0b9a4bc0","      ULEA.HI UR7, UR9, UR11, URZ, 0x7","0","0","0","148","4736","4736","32","32","0","-","-","-","0","0","0","0","0","0","0","0","0","0","0","0","0","0","0","0","0","0","0","0","0","0","0","0","0","0","0","0","0","0","0","0","0","0","0","0","0","0","0"
"0x7a6e0b9a4bd0","      UIMAD.WIDE.U32 UR4, UR8, UR10, URZ","0","0","0","148","4736","4736","32","32","0","-","-","-","0","0","0","0","0","0","0","0","0","0","0","0","0","0","0","0","0","0","0","0","0","0","0","0","0","0","0","0","0","0","0","0","0","0","0","0","0","0","0"
"0x7a6e0b9a4be0","      USHF.R.S32.HI UR6, URZ, 0x7, UR6","0","0","0","148","4736","4736","32","32","0","-","-","-","0","0","0","0","0","0","0","0","0","0","0","0","0","0","0","0","0","0","0","0","0","0","0","0","0","0","0","0","0","0","0","0","0","0","0","0","0","0","0"
"0x7a6e0b9a4bf0","      UMOV UR37, UR8","0","0","0","148","4736","4736","32","32","0","-","-","-","0","0","0","0","0","0","0","0","0","0","0","0","0","0","0","0","0","0","0","0","0","0","0","0","0","0","0","0","0","0","0","0","0","0","0","0","0","0","0"
"0x7a6e0b9a4c00","      UISETP.GT.AND UP0, UPT, UR12, URZ, UPT","0","0","0","148","4736","4736","32","32","0","-","-","-","0","0","0","0","0","0","0","0","0","0","0","0","0","0","0","0","0","0","0","0","0","0","0","0","0","0","0","0","0","0","0","0","0","0","0","0","0","0","0"
"0x7a6e0b9a4c10","@UP1  UMOV UR4, UR5","0","0","0","148","4736","4736","32","32","0","-","-","-","0","0","0","0","0","0","0","0","0","0","0","0","0","0","0","0","0","0","0","0","0","0","0","0","0","0","0","0","0","0","0","0","0","0","0","0","0","0","0"
"0x7a6e0b9a4c20","      ULEA.HI.SX32 UR55, UR7, 0x1, 0x19","0","0","0","148","4736","4736","32","32","0","-","-","-","0","0","0","0","0","0","0","0","0","0","0","0","0","0","0","0","0","0","0","0","0","0","0","0","0","0","0","0","0","0","0","0","0","0","0","0","0","0","0"
"0x7a6e0b9a4c30","@UP1  USHF.R.U32.HI UR37, URZ, UR13, UR4","0","0","0","148","4736","4736","32","32","0","-","-","-","0","0","0","0","0","0","0","0","0","0","0","0","0","0","0","0","0","0","0","0","0","0","0","0","0","0","0","0","0","0","0","0","0","0","0","0","0","0","0"
"0x7a6e0b9a4c40","      UISETP.GE.AND UP1, UPT, UR39, UR16, UPT","0","0","0","148","4736","4736","32","32","0","-","-","-","0","0","0","0","0","0","0","0","0","0","0","0","0","0","0","0","0","0","0","0","0","0","0","0","0","0","0","0","0","0","0","0","0","0","0","0","0","0","0"
"0x7a6e0b9a4c50","      UIADD3 UR6, -UR6, URZ, URZ","0","0","0","148","4736","4736","32","32","0","-","-","-","0","0","0","0","0","0","0","0","0","0","0","0","0","0","0","0","0","0","0","0","0","0","0","0","0","0","0","0","0","0","0","0","0","0","0","0","0","0","0"
"0x7a6e0b9a4c60","@!UP0 UMOV UR55, UR6","0","0","0","148","4736","0","32","0","0","-","-","-","0","0","0","0","0","0","0","0","0","0","0","0","0","0","0","0","0","0","0","0","0","0","0","0","0","0","0","0","0","0","0","0","0","0","0","0","0","0","0"
"0x7a6e0b9a4c70","      BRA.U UP1, 0x7a6e0b9a5990","0","0","0","148","4736","4736","32","32","0","-","-","-","0","0","0","0","0","0","0","0","0","0","0","0","0","0","0","0","0","0","0","0","0","0","0","0","0","0","0","0","0","0","0","0","0","0","0","0","0","0","0"
"0x7a6e0b9a4c80","      S2UR UR33, SR_CgaCtaId","0","0","0","148","4736","4736","32","32","0","-","-","-","0","0","0","0","0","0","0","0","0","0","0","0","0","0","0","0","0","0","0","0","0","0","0","0","0","0","0","0","0","0","0","0","0","0","0","0","0","0","0"
"0x7a6e0b9a4c90","      UIADD3 UR36, -UR37, URZ, URZ","0","0","0","148","4736","4736","32","32","0","-","-","-","0","0","0","0","0","0","0","0","0","0","0","0","0","0","0","0","0","0","0","0","0","0","0","0","0","0","0","0","0","0","0","0","0","0","0","0","0","0","0"
"0x7a6e0b9a4ca0","      UIADD3 UR35, -UR8, URZ, URZ","0","0","0","148","4736","4736","32","32","0","-","-","-","0","0","0","0","0","0","0","0","0","0","0","0","0","0","0","0","0","0","0","0","0","0","0","0","0","0","0","0","0","0","0","0","0","0","0","0","0","0","0"
"0x7a6e0b9a4cb0","      UIADD3 UR20, UR55, -0x1, URZ","0","0","0","148","4736","4736","32","32","0","-","-","-","0","0","0","0","0","0","0","0","0","0","0","0","0","0","0","0","0","0","0","0","0","0","0","0","0","0","0","0","0","0","0","0","0","0","0","0","0","0","0"
"0x7a6e0b9a4cc0","      UMOV UR4, 0x400","0","0","0","148","4736","4736","32","32","0","-","-","-","0","0","0","0","0","0","0","0","0","0","0","0","0","0","0","0","0","0","0","0","0","0","0","0","0","0","0","0","0","0","0","0","0","0","0","0","0","0","0"
"0x7a6e0b9a4cd0","      UIMAD UR36, UR15, UR36, UR8","0","0","0","148","4736","4736","32","32","0","-","-","-","0","0","0","0","0","0","0","0","0","0","0","0","0","0","0","0","0","0","0","0","0","0","0","0","0","0","0","0","0","0","0","0","0","0","0","0","0","0","0"
"0x7a6e0b9a4ce0","      LDCU UR56, c[0x0][0x370]","0","0","0","148","4736","4736","32","32","0","-","-","-","0","0","0","0","0","0","0","0","0","0","0","0","0","0","0","0","0","0","0","0","0","0","0","0","0","0","0","0","0","0","0","0","0","0","0","0","0","0","0"
"0x7a6e0b9a4cf0","      UIADD3 UR38, UR55, -0x2, URZ","0","0","0","148","4736","4736","32","32","0","-","-","-","0","0","0","0","0","0","0","0","0","0","0","0","0","0","0","0","0","0","0","0","0","0","0","0","0","0","0","0","0","0","0","0","0","0","0","0","0","0","0"
"0x7a6e0b9a4d00","      LDCU.64 UR46, c[0x0][0x348]","0","0","0","148","4736","4736","32","32","0","-","-","-","0","0","0","0","0","0","0","0","0","0","0","0","0","0","0","0","0","0","0","0","0","0","0","0","0","0","0","0","0","0","0","0","0","0","0","0","0","0","0"
"0x7a6e0b9a4d10","      UIMAD UR35, UR14, UR35, UR39","0","0","0","148","4736","4736","32","32","0","-","-","-","0","0","0","0","0","0","0","0","0","0","0","0","0","0","0","0","0","0","0","0","0","0","0","0","0","0","0","0","0","0","0","0","0","0","0","0","0","0","0"
"0x7a6e0b9a4d20","      USHF.L.U32 UR51, UR20, 0x7, URZ","0","0","0","148","4736","4736","32","32","0","-","-","-","0","0","0","0","0","0","0","0","0","0","0","0","0","0","0","0","0","0","0","0","0","0","0","0","0","0","0","0","0","0","0","0","0","0","0","0","0","0","0"
"0x7a6e0b9a4d30","      ULEA UR33, UR33, UR4, 0x18","0","0","0","148","4736","4736","32","32","0","-","-","-","0","0","0","0","0","0","0","0","0","0","0","0","0","0","0","0","0","0","0","0","0","0","0","0","0","0","0","0","0","0","0","0","0","0","0","0","0","0","0"
"0x7a6e0b9a4d40","      UMOV UR6, URZ","0","0","0","148","4736","4736","32","32","0","-","-","-","0","0","0","0","0","0","0","0","0","0","0","0","0","0","0","0","0","0","0","0","0","0","0","0","0","0","0","0","0","0","0","0","0","0","0","0","0","0","0"
"0x7a6e0b9a4d50","      UMOV UR15, 0x1","0","0","0","148","4736","4736","32","32","0","-","-","-","0","0","0","0","0","0","0","0","0","0","0","0","0","0","0","0","0","0","0","0","0","0","0","0","0","0","0","0","0","0","0","0","0","0","0","0","0","0","0"
"0x7a6e0b9a4d60","      UMOV UR54, 0x1","0","0","0","148","4736","4736","32","32","0","-","-","-","0","0","0","0","0","0","0","0","0","0","0","0","0","0","0","0","0","0","0","0","0","0","0","0","0","0","0","0","0","0","0","0","0","0","0","0","0","0","0"
"0x7a6e0b9a4d70","      USHF.L.U32 UR4, UR54, 0x1f, URZ","1","0","1","3072","98304","98304","32","32","0","-","-","-","0","0","0","0","0","0","0","0","0","0","0","0","0","0","0","1","0","0","0","0","0","0","0","0","0","0","0","0","0","0","0","0","0","0","0","0","0","0","0"
"0x7a6e0b9a4d80","      MOV R0, UR4","6","2","6","3072","98304","98304","32","32","0","-","-","-","0","0","0","0","0","0","0","0","0","0","0","2","0","0","0","0","4","0","0","0","0","0","0","0","0","0","0","0","2","0","0","0","0","0","0","0","0","0","0"
"0x7a6e0b9a4d90","      SYNCS.PHASECHK.TRANS64.TRYWAIT P0, [UR33+0x10], R0","0","0","0","3072","98304","98304","32","32","0","-","-","-","0","0","0","0","0","0","0","0","0","0","0","0","0","0","0","0","0","0","0","0","0","0","0","0","0","0","0","0","0","0","0","0","0","0","0","0","0","0","0"
"0x7a6e0b9a4da0","@!P0  BRA 0x7a6e0b9adae0","106","64","106","3072","98304","93568","32","30","0","-","-","-","0","0","0","0","0","0","0","0","0","0","106","0","0","0","0","0","0","0","0","0","0","0","0","0","0","0","0","64","0","0","0","0","0","0","0","0","0","0","0"
"0x7a6e0b9a4db0","      ELECT P0, URZ, PT","1","1","1","3072","98304","98304","32","32","0","-","-","-","0","0","0","0","0","0","0","0","0","0","0","1","0","0","0","0","0","0","0","0","0","0","0","0","0","0","0","0","1","0","0","0","0","0","0","0","0","0","0"
"0x7a6e0b9a4dc0","      UIADD3 UR18, UP1, UR46, 0x40, URZ","0","0","0","3072","98304","98304","32","32","0","-","-","-","0","0","0","0","0","0","0","0","0","0","0","0","0","0","0","0","0","0","0","0","0","0","0","0","0","0","0","0","0","0","0","0","0","0","0","0","0","0","0"
"0x7a6e0b9a4dd0","      UIADD3 UR16, UP0, UR46, 0x280, URZ","0","0","0","3072","98304","98304","32","32","0","-","-","-","0","0","0","0","0","0","0","0","0","0","0","0","0","0","0","0","0","0","0","0","0","0","0","0","0","0","0","0","0","0","0","0","0","0","0","0","0","0","0"
"0x7a6e0b9a4de0","      UIADD3 UR12, UR35, UR35, URZ","0","0","0","3072","98304","98304","32","32","0","-","-","-","0","0","0","0","0","0","0","0","0","0","0","0","0","0","0","0","0","0","0","0","0","0","0","0","0","0","0","0","0","0","0","0","0","0","0","0","0","0","0"
"0x7a6e0b9a4df0","      USHF.L.U32 UR35, UR35, 0x8, URZ","0","0","0","3072","98304","98304","32","32","0","-","-","-","0","0","0","0","0","0","0","0","0","0","0","0","0","0","0","0","0","0","0","0","0","0","0","0","0","0","0","0","0","0","0","0","0","0","0","0","0","0","0"
"0x7a6e0b9a4e00","      UIADD3 UR32, UR33, 0x10c00, URZ","0","0","0","3072","98304","98304","32","32","0","-","-","-","0","0","0","0","0","0","0","0","0","0","0","0","0","0","0","0","0","0","0","0","0","0","0","0","0","0","0","0","0","0","0","0","0","0","0","0","0","0","0"
"0x7a6e0b9a4e10","      UIADD3.X UR19, URZ, UR47, URZ, UP1, !UPT","0","0","0","3072","98304","98304","32","32","0","-","-","-","0","0","0","0","0","0","0","0","0","0","0","0","0","0","0","0","0","0","0","0","0","0","0","0","0","0","0","0","0","0","0","0","0","0","0","0","0","0","0"
"0x7a6e0b9a4e20","@P0   IMAD.MOV.U32 R0, RZ, RZ, 0x2400","0","0","0","3072","98304","3072","32","1","0","-","-","-","0","0","0","0","0","0","0","0","0","0","0","0","0","0","0","0","0","0","0","0","0","0","0","0","0","0","0","0","0","0","0","0","0","0","0","0","0","0","0"
"0x7a6e0b9a4e30","      USHF.L.U32 UR7, UR15, 0x1f, URZ","0","0","0","3072","98304","98304","32","32","0","-","-","-","0","0","0","0","0","0","0","0","0","0","0","0","0","0","0","0","0","0","0","0","0","0","0","0","0","0","0","0","0","0","0","0","0","0","0","0","0","0","0"
"0x7a6e0b9a4e40","      UIADD3 UR8, UR33, 0x24c00, URZ","0","0","0","3072","98304","98304","32","32","0","-","-","-","0","0","0","0","0","0","0","0","0","0","0","0","0","0","0","0","0","0","0","0","0","0","0","0","0","0","0","0","0","0","0","0","0","0","0","0","0","0","0"
"0x7a6e0b9a4e50","@P0   SYNCS.ARRIVE.TRANS64 RZ, [UR33], R0","0","0","0","3072","98304","3072","32","1","0","-","-","-","0","0","0","0","0","0","0","0","0","0","0","0","0","0","0","0","0","0","0","0","0","0","0","0","0","0","0","0","0","0","0","0","0","0","0","0","0","0","0"
"0x7a6e0b9a4e60","      UIADD3.X UR17, URZ, UR47, URZ, UP0, !UPT","0","0","0","3072","98304","98304","32","32","0","-","-","-","0","0","0","0","0","0","0","0","0","0","0","0","0","0","0","0","0","0","0","0","0","0","0","0","0","0","0","0","0","0","0","0","0","0","0","0","0","0","0"
"0x7a6e0b9a4e70","      ULEA UR5, UR6, UR33, 0x3","0","0","0","3072","98304","98304","32","32","0","-","-","-","0","0","0","0","0","0","0","0","0","0","0","0","0","0","0","0","0","0","0","0","0","0","0","0","0","0","0","0","0","0","0","0","0","0","0","0","0","0","0"
"0x7a6e0b9a4e80","      UMOV UR34, URZ","0","0","0","3072","98304","98304","32","32","0","-","-","-","0","0","0","0","0","0","0","0","0","0","0","0","0","0","0","0","0","0","0","0","0","0","0","0","0","0","0","0","0","0","0","0","0","0","0","0","0","0","0"
"0x7a6e0b9a4e90","      UMOV UR10, URZ","0","0","0","3072","98304","98304","32","32","0","-","-","-","0","0","0","0","0","0","0","0","0","0","0","0","0","0","0","0","0","0","0","0","0","0","0","0","0","0","0","0","0","0","0","0","0","0","0","0","0","0","0"
"0x7a6e0b9a4ea0","      UMOV UR11, URZ","0","0","0","3072","98304","98304","32","32","0","-","-","-","0","0","0","0","0","0","0","0","0","0","0","0","0","0","0","0","0","0","0","0","0","0","0","0","0","0","0","0","0","0","0","0","0","0","0","0","0","0","0"
"0x7a6e0b9a4eb0","      UMOV UR9, UR33","0","0","0","3072","98304","98304","32","32","0","-","-","-","0","0","0","0","0","0","0","0","0","0","0","0","0","0","0","0","0","0","0","0","0","0","0","0","0","0","0","0","0","0","0","0","0","0","0","0","0","0","0"
"0x7a6e0b9a4ec0","      UMOV UR13, UR36","0","0","0","3072","98304","98304","32","32","0","-","-","-","0","0","0","0","0","0","0","0","0","0","0","0","0","0","0","0","0","0","0","0","0","0","0","0","0","0","0","0","0","0","0","0","0","0","0","0","0","0","0"
"0x7a6e0b9a4ed0","      UMOV UR14, UR37","1","0","1","3072","98304","98304","32","32","0","-","-","-","0","0","0","0","0","0","0","1","0","0","0","0","0","0","0","0","0","0","0","0","0","0","0","0","0","0","0","0","0","0","0","0","0","0","0","0","0","0","0"
"0x7a6e0b9a4ee0","      UTMALDG.4D desc[URZ], [UR32], [UR18]","0","0","0","3072","98304","98304","32","32","0","Global,Shared","-","-","0","0","0","0","0","0","0","0","0","0","0","0","0","0","0","0","0","0","0","0","0","0","0","0","0","0","0","0","0","0","0","0","0","0","0","0","0","0","0"
"0x7a6e0b9a4ef0","      UTMALDG.5D desc[URZ], [UR8], [UR16]","0","0","0","3072","98304","98304","32","32","0","Global,Shared","-","-","0","0","0","0","0","0","0","0","0","0","0","0","0","0","0","0","0","0","0","0","0","0","0","0","0","0","0","0","0","0","0","0","0","0","0","0","0","0","0"
"0x7a6e0b9a4f00","      MOV R0, UR7","0","0","0","3072","98304","98304","32","32","0","-","-","-","0","0","0","0","0","0","0","0","0","0","0","0","0","0","0","0","0","0","0","0","0","0","0","0","0","0","0","0","0","0","0","0","0","0","0","0","0","0","0"
"0x7a6e0b9a4f10","      SYNCS.PHASECHK.TRANS64.TRYWAIT P0, [UR5+0x40], R0","0","0","0","3072","98304","98304","32","32","0","-","-","-","0","0","0","0","0","0","0","0","0","0","0","0","0","0","0","0","0","0","0","0","0","0","0","0","0","0","0","0","0","0","0","0","0","0","0","0","0","0","0"
"0x7a6e0b9a4f20","      USHF.L.U32 UR9, UR6, 0xf, URZ","1","0","1","3072","98304","98304","32","32","0","-","-","-","0","0","0","0","0","0","0","0","0","0","1","0","0","0","0","0","0","0","0","0","0","0","0","0","0","0","0","0","0","0","0","0","0","0","0","0","0","0","0"
"0x7a6e0b9a4f30","@!P0  BRA 0x7a6e0b9adb60","0","0","0","3072","98304","0","32","0","0","-","-","-","0","0","0","0","0","0","0","0","0","0","0","0","0","0","0","0","0","0","0","0","0","0","0","0","0","0","0","0","0","0","0","0","0","0","0","0","0","0","0"
"0x7a6e0b9a4f40","      ELECT P0, URZ, PT","3","3","3","3072","98304","98304","32","32","0","-","-","-","0","0","0","0","0","0","0","0","0","0","0","3","0","0","0","0","0","0","0","0","0","0","0","0","0","0","0","0","3","0","0","0","0","0","0","0","0","0","0"
"0x7a6e0b9a4f50","      UIADD3 UR10, UP1, UR46, 0xc0, URZ","0","0","0","3072","98304","98304","32","32","0","-","-","-","0","0","0","0","0","0","0","0","0","0","0","0","0","0","0","0","0","0","0","0","0","0","0","0","0","0","0","0","0","0","0","0","0","0","0","0","0","0","0"
"0x7a6e0b9a4f60","      ULEA.HI.SX32 UR9, UR9, UR33, 0x1f","0","0","0","3072","98304","98304","32","32","0","-","-","-","0","0","0","0","0","0","0","0","0","0","0","0","0","0","0","0","0","0","0","0","0","0","0","0","0","0","0","0","0","0","0","0","0","0","0","0","0","0","0"
"0x7a6e0b9a4f70","      ULEA UR16, UR6, UR33, 0xa","0","0","0","3072","98304","98304","32","32","0","-","-","-","0","0","0","0","0","0","0","0","0","0","0","0","0","0","0","0","0","0","0","0","0","0","0","0","0","0","0","0","0","0","0","0","0","0","0","0","0","0","0"
"0x7a6e0b9a4f80","      UIADD3 UR8, UP0, UR46, 0x340, URZ","1","0","1","3072","98304","98304","32","32","0","-","-","-","0","0","0","0","0","0","0","0","0","0","0","0","0","0","0","0","0","0","0","0","0","1","0","0","0","0","0","0","0","0","0","0","0","0","0","0","0","0","0"
"0x7a6e0b9a4f90","      UIADD3.X UR11, URZ, UR47, URZ, UP1, !UPT","0","0","0","3072","98304","98304","32","32","0","-","-","-","0","0","0","0","0","0","0","0","0","0","0","0","0","0","0","0","0","0","0","0","0","0","0","0","0","0","0","0","0","0","0","0","0","0","0","0","0","0","0"
"0x7a6e0b9a4fa0","      UIADD3 UR49, UR5, 0x20, URZ","0","0","0","3072","98304","98304","32","32","0","-","-","-","0","0","0","0","0","0","0","0","0","0","0","0","0","0","0","0","0","0","0","0","0","0","0","0","0","0","0","0","0","0","0","0","0","0","0","0","0","0","0"
"0x7a6e0b9a4fb0","@P0   IMAD.MOV.U32 R0, RZ, RZ, 0x2400","0","0","0","3072","98304","3072","32","1","0","-","-","-","0","0","0","0","0","0","0","0","0","0","0","0","0","0","0","0","0","0","0","0","0","0","0","0","0","0","0","0","0","0","0","0","0","0","0","0","0","0","0"
"0x7a6e0b9a4fc0","      UIADD3 UR48, UR9, 0x14c00, URZ","0","0","0","3072","98304","98304","32","32","0","-","-","-","0","0","0","0","0","0","0","0","0","0","0","0","0","0","0","0","0","0","0","0","0","0","0","0","0","0","0","0","0","0","0","0","0","0","0","0","0","0","0"
"0x7a6e0b9a4fd0","      UIADD3 UR16, UR16, 0x25400, URZ","0","0","0","3072","98304","98304","32","32","0","-","-","-","0","0","0","0","0","0","0","0","0","0","0","0","0","0","0","0","0","0","0","0","0","0","0","0","0","0","0","0","0","0","0","0","0","0","0","0","0","0","0"
"0x7a6e0b9a4fe0","@P0   SYNCS.ARRIVE.TRANS64 RZ, [UR5+0x20], R0","0","0","0","3072","98304","3072","32","1","0","-","-","-","0","0","0","0","0","0","0","0","0","0","0","0","0","0","0","0","0","0","0","0","0","0","0","0","0","0","0","0","0","0","0","0","0","0","0","0","0","0","0"
"0x7a6e0b9a4ff0","      UIADD3 UR17, UR5, 0x20, URZ","0","0","0","3072","98304","98304","32","32","0","-","-","-","0","0","0","0","0","0","0","0","0","0","0","0","0","0","0","0","0","0","0","0","0","0","0","0","0","0","0","0","0","0","0","0","0","0","0","0","0","0","0"
"0x7a6e0b9a5000","      UIADD3.X UR9, URZ, UR47, URZ, UP0, !UPT","0","0","0","3072","98304","98304","32","32","0","-","-","-","0","0","0","0","0","0","0","0","0","0","0","0","0","0","0","0","0","0","0","0","0","0","0","0","0","0","0","0","0","0","0","0","0","0","0","0","0","0","0"
"0x7a6e0b9a5010","      UMOV UR50, URZ","0","0","0","3072","98304","98304","32","32","0","-","-","-","0","0","0","0","0","0","0","0","0","0","0","0","0","0","0","0","0","0","0","0","0","0","0","0","0","0","0","0","0","0","0","0","0","0","0","0","0","0","0"
"0x7a6e0b9a5020","      UMOV UR52, UR36","0","0","0","3072","98304","98304","32","32","0","-","-","-","0","0","0","0","0","0","0","0","0","0","0","0","0","0","0","0","0","0","0","0","0","0","0","0","0","0","0","0","0","0","0","0","0","0","0","0","0","0","0"
"0x7a6e0b9a5030","      UMOV UR53, UR37","0","0","0","3072","98304","98304","32","32","0","-","-","-","0","0","0","0","0","0","0","0","0","0","0","0","0","0","0","0","0","0","0","0","0","0","0","0","0","0","0","0","0","0","0","0","0","0","0","0","0","0","0"
"0x7a6e0b9a5040","      UMOV UR18, URZ","0","0","0","3072","98304","98304","32","32","0","-","-","-","0","0","0","0","0","0","0","0","0","0","0","0","0","0","0","0","0","0","0","0","0","0","0","0","0","0","0","0","0","0","0","0","0","0","0","0","0","0","0"
"0x7a6e0b9a5050","      UMOV UR19, URZ","0","0","0","3072","98304","98304","32","32","0","-","-","-","0","0","0","0","0","0","0","0","0","0","0","0","0","0","0","0","0","0","0","0","0","0","0","0","0","0","0","0","0","0","0","0","0","0","0","0","0","0","0"
"0x7a6e0b9a5060","      UMOV UR21, UR36","0","0","0","3072","98304","98304","32","32","0","-","-","-","0","0","0","0","0","0","0","0","0","0","0","0","0","0","0","0","0","0","0","0","0","0","0","0","0","0","0","0","0","0","0","0","0","0","0","0","0","0","0"
"0x7a6e0b9a5070","      UMOV UR22, UR37","0","0","0","3072","98304","98304","32","32","0","-","-","-","0","0","0","0","0","0","0","0","0","0","0","0","0","0","0","0","0","0","0","0","0","0","0","0","0","0","0","0","0","0","0","0","0","0","0","0","0","0","0"
"0x7a6e0b9a5080","      UTMALDG.4D desc[URZ], [UR48], [UR10]","0","0","0","3072","98304","98304","32","32","0","Global,Shared","-","-","0","0","0","0","0","0","0","0","0","0","0","0","0","0","0","0","0","0","0","0","0","0","0","0","0","0","0","0","0","0","0","0","0","0","0","0","0","0","0"
"0x7a6e0b9a5090","      UIADD3 UR6, UR6, 0x1, URZ","0","0","0","3072","98304","98304","32","32","0","-","-","-","0","0","0","0","0","0","0","0","0","0","0","0","0","0","0","0","0","0","0","0","0","0","0","0","0","0","0","0","0","0","0","0","0","0","0","0","0","0","0"
"0x7a6e0b9a50a0","      UIADD3 UR24, UR33, 0x12c00, URZ","0","0","0","3072","98304","98304","32","32","0","-","-","-","0","0","0","0","0","0","0","0","0","0","0","0","0","0","0","0","0","0","0","0","0","0","0","0","0","0","0","0","0","0","0","0","0","0","0","0","0","0","0"
"0x7a6e0b9a50b0","      UTMALDG.5D desc[URZ], [UR16], [UR8]","0","0","0","3072","98304","98304","32","32","0","Global,Shared","-","-","0","0","0","0","0","0","0","0","0","0","0","0","0","0","0","0","0","0","0","0","0","0","0","0","0","0","0","0","0","0","0","0","0","0","0","0","0","0","0"
"0x7a6e0b9a50c0","      MOV R0, UR4","0","0","0","3072","98304","98304","32","32","0","-","-","-","0","0","0","0","0","0","0","0","0","0","0","0","0","0","0","0","0","0","0","0","0","0","0","0","0","0","0","0","0","0","0","0","0","0","0","0","0","0","0"
"0x7a6e0b9a50d0","      SYNCS.PHASECHK.TRANS64.TRYWAIT P0, [UR33+0x18], R0","0","0","0","3072","98304","98304","32","32","0","-","-","-","0","0","0","0","0","0","0","0","0","0","0","0","0","0","0","0","0","0","0","0","0","0","0","0","0","0","0","0","0","0","0","0","0","0","0","0","0","0","0"
"0x7a6e0b9a50e0","      UIADD3 UR10, UP1, UR46, 0x40, URZ","1","0","1","3072","98304","98304","32","32","0","-","-","-","0","0","0","0","0","0","0","0","0","0","1","0","0","0","0","0","0","0","0","0","0","0","0","0","0","0","0","0","0","0","0","0","0","0","0","0","0","0","0"
"0x7a6e0b9a50f0","      UIADD3 UR17, UP0, UR46, 0x280, URZ","0","0","0","3072","98304","98304","32","32","0","-","-","-","0","0","0","0","0","0","0","0","0","0","0","0","0","0","0","0","0","0","0","0","0","0","0","0","0","0","0","0","0","0","0","0","0","0","0","0","0","0","0"
"0x7a6e0b9a5100","@!P0  BRA 0x7a6e0b9adbe0","2","2","2","3072","98304","0","32","0","0","-","-","-","0","0","0","0","0","0","0","0","0","0","2","0","0","0","0","0","0","0","0","0","0","0","0","0","0","0","0","2","0","0","0","0","0","0","0","0","0","0","0"
"0x7a6e0b9a5110","      ELECT P0, URZ, PT","0","0","0","3072","98304","98304","32","32","0","-","-","-","0","0","0","0","0","0","0","0","0","0","0","0","0","0","0","0","0","0","0","0","0","0","0","0","0","0","0","0","0","0","0","0","0","0","0","0","0","0","0"
"0x7a6e0b9a5120","      UISETP.NE.AND UP2, UPT, UR6, 0x4, UPT","0","0","0","3072","98304","98304","32","32","0","-","-","-","0","0","0","0","0","0","0","0","0","0","0","0","0","0","0","0","0","0","0","0","0","0","0","0","0","0","0","0","0","0","0","0","0","0","0","0","0","0","0"
"0x7a6e0b9a5130","      UIADD3 UR12, UR12, 0x1, URZ","0","0","0","3072","98304","98304","32","32","0","-","-","-","0","0","0","0","0","0","0","0","0","0","0","0","0","0","0","0","0","0","0","0","0","0","0","0","0","0","0","0","0","0","0","0","0","0","0","0","0","0","0"
"0x7a6e0b9a5140","      UIADD3 UR25, UR33, 0x8, URZ","0","0","0","3072","98304","98304","32","32","0","-","-","-","0","0","0","0","0","0","0","0","0","0","0","0","0","0","0","0","0","0","0","0","0","0","0","0","0","0","0","0","0","0","0","0","0","0","0","0","0","0","0"
"0x7a6e0b9a5150","      UIADD3.X UR5, URZ, UR47, URZ, UP1, !UPT","0","0","0","3072","98304","98304","32","32","0","-","-","-","0","0","0","0","0","0","0","0","0","0","0","0","0","0","0","0","0","0","0","0","0","0","0","0","0","0","0","0","0","0","0","0","0","0","0","0","0","0","0"
"0x7a6e0b9a5160","      USEL UR4, URZ, 0x1, UP2","0","0","0","3072","98304","98304","32","32","0","-","-","-","0","0","0","0","0","0","0","0","0","0","0","0","0","0","0","0","0","0","0","0","0","0","0","0","0","0","0","0","0","0","0","0","0","0","0","0","0","0","0"
"0x7a6e0b9a5170","      USHF.L.U32 UR27, UR12, 0x7, URZ","0","0","0","3072","98304","98304","32","32","0","-","-","-","0","0","0","0","0","0","0","0","0","0","0","0","0","0","0","0","0","0","0","0","0","0","0","0","0","0","0","0","0","0","0","0","0","0","0","0","0","0","0"
"0x7a6e0b9a5180","@P0   IMAD.MOV.U32 R0, RZ, RZ, 0x2400","0","0","0","3072","98304","3072","32","1","0","-","-","-","0","0","0","0","0","0","0","0","0","0","0","0","0","0","0","0","0","0","0","0","0","0","0","0","0","0","0","0","0","0","0","0","0","0","0","0","0","0","0"
"0x7a6e0b9a5190","      ULOP3.LUT UR16, UR15, UR4, URZ, 0x3c, !UPT","0","0","0","3072","98304","98304","32","32","0","-","-","-","0","0","0","0","0","0","0","0","0","0","0","0","0","0","0","0","0","0","0","0","0","0","0","0","0","0","0","0","0","0","0","0","0","0","0","0","0","0","0"
"0x7a6e0b9a51a0","      UMOV UR26, URZ","0","0","0","3072","98304","98304","32","32","0","-","-","-","0","0","0","0","0","0","0","0","0","0","0","0","0","0","0","0","0","0","0","0","0","0","0","0","0","0","0","0","0","0","0","0","0","0","0","0","0","0","0"
"0x7a6e0b9a51b0","      UMOV UR28, UR36","0","0","0","3072","98304","98304","32","32","0","-","-","-","0","0","0","0","0","0","0","0","0","0","0","0","0","0","0","0","0","0","0","0","0","0","0","0","0","0","0","0","0","0","0","0","0","0","0","0","0","0","0"
"0x7a6e0b9a51c0","      UMOV UR29, UR37","0","0","0","3072","98304","98304","32","32","0","-","-","-","0","0","0","0","0","0","0","0","0","0","0","0","0","0","0","0","0","0","0","0","0","0","0","0","0","0","0","0","0","0","0","0","0","0","0","0","0","0","0"
"0x7a6e0b9a51d0","      USEL UR7, UR6, URZ, UP2","0","0","0","3072","98304","98304","32","32","0","-","-","-","0","0","0","0","0","0","0","0","0","0","0","0","0","0","0","0","0","0","0","0","0","0","0","0","0","0","0","0","0","0","0","0","0","0","0","0","0","0","0"
"0x7a6e0b9a51e0","@P0   SYNCS.ARRIVE.TRANS64 RZ, [UR33+0x8], R0","0","0","0","3072","98304","3072","32","1","0","-","-","-","0","0","0","0","0","0","0","0","0","0","0","0","0","0","0","0","0","0","0","0","0","0","0","0","0","0","0","0","0","0","0","0","0","0","0","0","0","0","0"
"0x7a6e0b9a51f0","      UMOV UR4, UR10","0","0","0","3072","98304","98304","32","32","0","-","-","-","0","0","0","0","0","0","0","0","0","0","0","0","0","0","0","0","0","0","0","0","0","0","0","0","0","0","0","0","0","0","0","0","0","0","0","0","0","0","0"
"0x7a6e0b9a5200","      UIADD3 UR8, UR33, 0x25000, URZ","0","0","0","3072","98304","98304","32","32","0","-","-","-","0","0","0","0","0","0","0","0","0","0","0","0","0","0","0","0","0","0","0","0","0","0","0","0","0","0","0","0","0","0","0","0","0","0","0","0","0","0","0"
"0x7a6e0b9a5210","      UTMALDG.4D desc[URZ], [UR24], [UR4]","0","0","0","3072","98304","98304","32","32","0","Global,Shared","-","-","0","0","0","0","0","0","0","0","0","0","0","0","0","0","0","0","0","0","0","0","0","0","0","0","0","0","0","0","0","0","0","0","0","0","0","0","0","0","0"
"0x7a6e0b9a5220","      UIADD3 UR9, UR33, 0x8, URZ","0","0","0","3072","98304","98304","32","32","0","-","-","-","0","0","0","0","0","0","0","0","0","0","0","0","0","0","0","0","0","0","0","0","0","0","0","0","0","0","0","0","0","0","0","0","0","0","0","0","0","0","0"
"0x7a6e0b9a5230","      USHF.L.U32 UR15, UR16, 0x1f, URZ","0","0","0","3072","98304","98304","32","32","0","-","-","-","0","0","0","0","0","0","0","0","0","0","0","0","0","0","0","0","0","0","0","0","0","0","0","0","0","0","0","0","0","0","0","0","0","0","0","0","0","0","0"
"0x7a6e0b9a5240","      ULEA UR6, UR7, UR33, 0x3","0","0","0","3072","98304","98304","32","32","0","-","-","-","0","0","0","0","0","0","0","0","0","0","0","0","0","0","0","0","0","0","0","0","0","0","0","0","0","0","0","0","0","0","0","0","0","0","0","0","0","0","0"
"0x7a6e0b9a5250","      UMOV UR10, URZ","0","0","0","3072","98304","98304","32","32","0","-","-","-","0","0","0","0","0","0","0","0","0","0","0","0","0","0","0","0","0","0","0","0","0","0","0","0","0","0","0","0","0","0","0","0","0","0","0","0","0","0","0"
"0x7a6e0b9a5260","      UMOV UR11, URZ","0","0","0","3072","98304","98304","32","32","0","-","-","-","0","0","0","0","0","0","0","0","0","0","0","0","0","0","0","0","0","0","0","0","0","0","0","0","0","0","0","0","0","0","0","0","0","0","0","0","0","0","0"
"0x7a6e0b9a5270","      UMOV UR13, UR36","0","0","0","3072","98304","98304","32","32","0","-","-","-","0","0","0","0","0","0","0","0","0","0","0","0","0","0","0","0","0","0","0","0","0","0","0","0","0","0","0","0","0","0","0","0","0","0","0","0","0","0","0"
"0x7a6e0b9a5280","      UMOV UR14, UR37","1","0","1","3072","98304","98304","32","32","0","-","-","-","0","0","0","0","0","0","0","0","0","0","0","0","0","0","0","0","0","1","0","0","0","0","0","0","0","0","0","0","0","0","0","0","0","0","0","0","0","0","0"
"0x7a6e0b9a5290","      MOV R0, UR15","0","0","0","3072","98304","98304","32","32","0","-","-","-","0","0","0","0","0","0","0","0","0","0","0","0","0","0","0","0","0","0","0","0","0","0","0","0","0","0","0","0","0","0","0","0","0","0","0","0","0","0","0"
"0x7a6e0b9a52a0","      UIADD3.X UR5, URZ, UR47, URZ, UP0, !UPT","0","0","0","3072","98304","98304","32","32","0","-","-","-","0","0","0","0","0","0","0","0","0","0","0","0","0","0","0","0","0","0","0","0","0","0","0","0","0","0","0","0","0","0","0","0","0","0","0","0","0","0","0"
"0x7a6e0b9a52b0","      UMOV UR4, UR17","0","0","0","3072","98304","98304","32","32","0","-","-","-","0","0","0","0","0","0","0","0","0","0","0","0","0","0","0","0","0","0","0","0","0","0","0","0","0","0","0","0","0","0","0","0","0","0","0","0","0","0","0"
"0x7a6e0b9a52c0","      UTMALDG.5D desc[URZ], [UR8], [UR4]","0","0","0","3072","98304","98304","32","32","0","Global,Shared","-","-","0","0","0","0","0","0","0","0","0","0","0","0","0","0","0","0","0","0","0","0","0","0","0","0","0","0","0","0","0","0","0","0","0","0","0","0","0","0","0"
"0x7a6e0b9a52d0","      SYNCS.PHASECHK.TRANS64.TRYWAIT P0, [UR6+0x40], R0","0","0","0","3072","98304","98304","32","32","0","-","-","-","0","0","0","0","0","0","0","0","0","0","0","0","0","0","0","0","0","0","0","0","0","0","0","0","0","0","0","0","0","0","0","0","0","0","0","0","0","0","0"
"0x7a6e0b9a52e0","@!P0  BRA 0x7a6e0b9adc60","0","0","0","3072","98304","0","32","0","0","-","-","-","0","0","0","0","0","0","0","0","0","0","0","0","0","0","0","0","0","0","0","0","0","0","0","0","0","0","0","0","0","0","0","0","0","0","0","0","0","0","0"
"0x7a6e0b9a52f0","      ELECT P0, URZ, PT","0","0","0","3072","98304","98304","32","32","0","-","-","-","0","0","0","0","0","0","0","0","0","0","0","0","0","0","0","0","0","0","0","0","0","0","0","0","0","0","0","0","0","0","0","0","0","0","0","0","0","0","0"
"0x7a6e0b9a5300","      ULEA UR8, UR7, UR33, 0xe","0","0","0","3072","98304","98304","32","32","0","-","-","-","0","0","0","0","0","0","0","0","0","0","0","0","0","0","0","0","0","0","0","0","0","0","0","0","0","0","0","0","0","0","0","0","0","0","0","0","0","0","0"
"0x7a6e0b9a5310","      UIADD3 UR4, UP0, UR46, 0x140, URZ","0","0","0","3072","98304","98304","32","32","0","-","-","-","0","0","0","0","0","0","0","0","0","0","0","0","0","0","0","0","0","0","0","0","0","0","0","0","0","0","0","0","0","0","0","0","0","0","0","0","0","0","0"
"0x7a6e0b9a5320","      UIADD3 UR8, UR8, 0x14c00, URZ","0","0","0","3072","98304","98304","32","32","0","-","-","-","0","0","0","0","0","0","0","0","0","0","0","0","0","0","0","0","0","0","0","0","0","0","0","0","0","0","0","0","0","0","0","0","0","0","0","0","0","0","0"
"0x7a6e0b9a5330","      UIADD3 UR9, UR6, 0x20, URZ","0","0","0","3072","98304","98304","32","32","0","-","-","-","0","0","0","0","0","0","0","0","0","0","0","0","0","0","0","0","0","0","0","0","0","0","0","0","0","0","0","0","0","0","0","0","0","0","0","0","0","0","0"
"0x7a6e0b9a5340","      UIADD3.X UR5, URZ, UR47, URZ, UP0, !UPT","0","0","0","3072","98304","98304","32","32","0","-","-","-","0","0","0","0","0","0","0","0","0","0","0","0","0","0","0","0","0","0","0","0","0","0","0","0","0","0","0","0","0","0","0","0","0","0","0","0","0","0","0"
"0x7a6e0b9a5350","      UMOV UR10, URZ","0","0","0","3072","98304","98304","32","32","0","-","-","-","0","0","0","0","0","0","0","0","0","0","0","0","0","0","0","0","0","0","0","0","0","0","0","0","0","0","0","0","0","0","0","0","0","0","0","0","0","0","0"
"0x7a6e0b9a5360","@P0   MOV R0, 0x4000","0","0","0","3072","98304","3072","32","1","0","-","-","-","0","0","0","0","0","0","0","0","0","0","0","0","0","0","0","0","0","0","0","0","0","0","0","0","0","0","0","0","0","0","0","0","0","0","0","0","0","0","0"
"0x7a6e0b9a5370","      UMOV UR11, UR51","0","0","0","3072","98304","98304","32","32","0","-","-","-","0","0","0","0","0","0","0","0","0","0","0","0","0","0","0","0","0","0","0","0","0","0","0","0","0","0","0","0","0","0","0","0","0","0","0","0","0","0","0"
"0x7a6e0b9a5380","      UMOV UR12, UR36","0","0","0","3072","98304","98304","32","32","0","-","-","-","0","0","0","0","0","0","0","0","0","0","0","0","0","0","0","0","0","0","0","0","0","0","0","0","0","0","0","0","0","0","0","0","0","0","0","0","0","0","0"
"0x7a6e0b9a5390","      UMOV UR13, UR37","0","0","0","3072","98304","98304","32","32","0","-","-","-","0","0","0","0","0","0","0","0","0","0","0","0","0","0","0","0","0","0","0","0","0","0","0","0","0","0","0","0","0","0","0","0","0","0","0","0","0","0","0"
"0x7a6e0b9a53a0","@P0   SYNCS.ARRIVE.TRANS64 RZ, [UR6+0x20], R0","0","0","0","3072","98304","3072","32","1","0","-","-","-","0","0","0","0","0","0","0","0","0","0","0","0","0","0","0","0","0","0","0","0","0","0","0","0","0","0","0","0","0","0","0","0","0","0","0","0","0","0","0"
"0x7a6e0b9a53b0","      UIADD3 UR6, UR7, 0x1, URZ","1","0","1","3072","98304","98304","32","32","0","-","-","-","0","0","0","0","0","0","0","0","0","0","0","0","0","0","0","0","0","1","0","0","0","0","0","0","0","0","0","0","0","0","0","0","0","0","0","0","0","0","0"
"0x7a6e0b9a53c0","      UTMALDG.4D desc[URZ], [UR8], [UR4]","0","0","0","3072","98304","98304","32","32","0","Global,Shared","-","-","0","0","0","0","0","0","0","0","0","0","0","0","0","0","0","0","0","0","0","0","0","0","0","0","0","0","0","0","0","0","0","0","0","0","0","0","0","0","0"
"0x7a6e0b9a53d0","      UISETP.NE.AND UP0, UPT, UR6, 0x4, UPT","0","0","0","3072","98304","98304","32","32","0","-","-","-","0","0","0","0","0","0","0","0","0","0","0","0","0","0","0","0","0","0","0","0","0","0","0","0","0","0","0","0","0","0","0","0","0","0","0","0","0","0","0"
"0x7a6e0b9a53e0","      USEL UR15, URZ, 0x1, UP0","0","0","0","3072","98304","98304","32","32","0","-","-","-","0","0","0","0","0","0","0","0","0","0","0","0","0","0","0","0","0","0","0","0","0","0","0","0","0","0","0","0","0","0","0","0","0","0","0","0","0","0","0"
"0x7a6e0b9a53f0","      USEL UR6, UR6, URZ, UP0","0","0","0","3072","98304","98304","32","32","0","-","-","-","0","0","0","0","0","0","0","0","0","0","0","0","0","0","0","0","0","0","0","0","0","0","0","0","0","0","0","0","0","0","0","0","0","0","0","0","0","0","0"
"0x7a6e0b9a5400","      UISETP.GE.AND UP0, UPT, UR55, 0x2, UPT","1","0","1","3072","98304","98304","32","32","0","-","-","-","0","0","0","0","0","0","0","0","0","0","0","0","0","0","0","0","0","0","0","0","0","1","0","0","0","0","0","0","0","0","0","0","0","0","0","0","0","0","0"
"0x7a6e0b9a5410","      ULOP3.LUT UR15, UR16, UR15, URZ, 0x3c, !UPT","1","0","1","3072","98304","98304","32","32","0","-","-","-","0","0","0","0","0","0","0","0","0","0","0","0","0","0","0","0","0","0","0","0","0","1","0","0","0","0","0","0","0","0","0","0","0","0","0","0","0","0","0"
"0x7a6e0b9a5420","      BRA.U !UP0, 0x7a6e0b9a5810","0","0","0","3072","98304","98304","32","32","0","-","-","-","0","0","0","0","0","0","0","0","0","0","0","0","0","0","0","0","0","0","0","0","0","0","0","0","0","0","0","0","0","0","0","0","0","0","0","0","0","0","0"
"0x7a6e0b9a5430","      HFMA2 R4, -RZ, RZ, 0, 2","0","0","0","3072","98304","98304","32","32","0","-","-","-","0","0","0","0","0","0","0","0","0","0","0","0","0","0","0","0","0","0","0","0","0","0","0","0","0","0","0","0","0","0","0","0","0","0","0","0","0","0","0"
"0x7a6e0b9a5440","      UIADD3 UR30, UP2, UR46, 0xc0, URZ","0","0","0","3072","98304","98304","32","32","0","-","-","-","0","0","0","0","0","0","0","0","0","0","0","0","0","0","0","0","0","0","0","0","0","0","0","0","0","0","0","0","0","0","0","0","0","0","0","0","0","0","0"
"0x7a6e0b9a5450","      UIADD3 UR22, UP1, UR46, 0x340, URZ","0","0","0","3072","98304","98304","32","32","0","-","-","-","0","0","0","0","0","0","0","0","0","0","0","0","0","0","0","0","0","0","0","0","0","0","0","0","0","0","0","0","0","0","0","0","0","0","0","0","0","0","0"
"0x7a6e0b9a5460","      UIADD3 UR18, UP0, UR46, 0x140, URZ","0","0","0","3072","98304","98304","32","32","0","-","-","-","0","0","0","0","0","0","0","0","0","0","0","0","0","0","0","0","0","0","0","0","0","0","0","0","0","0","0","0","0","0","0","0","0","0","0","0","0","0","0"
"0x7a6e0b9a5470","      UIADD3.X UR31, URZ, UR47, URZ, UP2, !UPT","0","0","0","3072","98304","98304","32","32","0","-","-","-","0","0","0","0","0","0","0","0","0","0","0","0","0","0","0","0","0","0","0","0","0","0","0","0","0","0","0","0","0","0","0","0","0","0","0","0","0","0","0"
"0x7a6e0b9a5480","      UIADD3.X UR23, URZ, UR47, URZ, UP1, !UPT","0","0","0","3072","98304","98304","32","32","0","-","-","-","0","0","0","0","0","0","0","0","0","0","0","0","0","0","0","0","0","0","0","0","0","0","0","0","0","0","0","0","0","0","0","0","0","0","0","0","0","0","0"
"0x7a6e0b9a5490","      UIADD3.X UR19, URZ, UR47, URZ, UP0, !UPT","0","0","0","3072","98304","98304","32","32","0","-","-","-","0","0","0","0","0","0","0","0","0","0","0","0","0","0","0","0","0","0","0","0","0","0","0","0","0","0","0","0","0","0","0","0","0","0","0","0","0","0","0"
"0x7a6e0b9a54a0","      UMOV UR16, URZ","0","0","0","3072","98304","98304","32","32","0","-","-","-","0","0","0","0","0","0","0","0","0","0","0","0","0","0","0","0","0","0","0","0","0","0","0","0","0","0","0","0","0","0","0","0","0","0","0","0","0","0","0"
"0x7a6e0b9a54b0","      UMOV UR42, URZ","0","0","0","3072","98304","98304","32","32","0","-","-","-","0","0","0","0","0","0","0","0","0","0","0","0","0","0","0","0","0","0","0","0","0","0","0","0","0","0","0","0","0","0","0","0","0","0","0","0","0","0","0"
"0x7a6e0b9a54c0","      UMOV UR10, URZ","0","0","0","3072","98304","98304","32","32","0","-","-","-","0","0","0","0","0","0","0","0","0","0","0","0","0","0","0","0","0","0","0","0","0","0","0","0","0","0","0","0","0","0","0","0","0","0","0","0","0","0","0"
"0x7a6e0b9a54d0","      UMOV UR11, URZ","0","0","0","3072","98304","98304","32","32","0","-","-","-","0","0","0","0","0","0","0","0","0","0","0","0","0","0","0","0","0","0","0","0","0","0","0","0","0","0","0","0","0","0","0","0","0","0","0","0","0","0","0"
"0x7a6e0b9a54e0","      UMOV UR26, URZ","0","0","0","3072","98304","98304","32","32","0","-","-","-","0","0","0","0","0","0","0","0","0","0","0","0","0","0","0","0","0","0","0","0","0","0","0","0","0","0","0","0","0","0","0","0","0","0","0","0","0","0","0"
"0x7a6e0b9a54f0","      USHF.L.U32 UR5, UR15, 0x1f, URZ","303","163","303","783360","25067520","25067520","32","32","0","-","-","-","0","0","0","0","0","0","43","0","0","0","0","0","0","0","0","218","5","0","0","0","0","37","0","16","0","0","0","0","0","0","0","0","120","0","0","0","0","0","27"
"0x7a6e0b9a5500","      ULEA UR4, UR6, UR33, 0x3","52","26","52","783360","25067520","25067520","32","32","0","-","-","-","0","0","0","0","0","0","0","1","0","0","0","0","0","0","0","26","4","11","0","0","0","10","0","0","0","0","0","0","0","0","0","0","20","0","0","0","0","0","6"
"0x7a6e0b9a5510","      USHF.L.U32 UR7, UR6, 0xf, URZ","33","9","33","783360","25067520","25067520","32","32","0","-","-","-","0","0","0","0","0","0","0","0","0","0","0","0","0","0","0","0","2","15","0","0","0","16","0","0","0","0","0","0","0","0","0","0","0","0","0","0","0","0","9"
"0x7a6e0b9a5520","      MOV R0, UR5","27","7","27","783360","25067520","25067520","32","32","0","-","-","-","0","0","0","0","0","0","0","1","0","0","0","2","0","0","0","0","2","9","0","0","0","13","0","0","0","0","0","0","0","0","0","0","0","0","0","0","0","0","7"
"0x7a6e0b9a5530","      ULEA UR8, UR6, UR33, 0xa","14","0","14","783360","25067520","25067520","32","32","0","-","-","-","0","0","0","0","0","0","0","2","0","0","0","0","0","0","0","0","0","12","0","0","0","0","0","0","0","0","0","0","0","0","0","0","0","0","0","0","0","0","0"
"0x7a6e0b9a5540","      UIADD3 UR6, UR6, 0x1, URZ","30","9","30","783360","25067520","25067520","32","32","0","-","-","-","0","0","0","0","0","0","0","1","0","0","0","0","0","0","0","0","3","13","0","0","0","13","0","0","1","0","0","0","0","0","0","0","0","0","0","0","0","0","8"
"0x7a6e0b9a5550","      SYNCS.PHASECHK.TRANS64.TRYWAIT P0, [UR4+0x40], R0","25","5","25","783360","25067520","25067520","32","32","0","-","-","-","0","0","0","0","0","0","0","0","0","0","0","0","0","0","0","0","2","12","0","0","0","11","0","0","0","0","0","0","0","0","0","0","0","0","0","0","0","0","5"
"0x7a6e0b9a5560","      UIADD3 UR12, UR38, -UR16, URZ","18","0","18","783360","25067520","25067520","32","32","0","-","-","-","0","0","0","0","0","0","0","0","0","0","0","0","0","0","0","0","0","18","0","0","0","0","0","0","0","0","0","0","0","0","0","0","0","0","0","0","0","0","0"
"0x7a6e0b9a5570","@!P0  BRA 0x7a6e0b9adce0","760","550","760","783360","25067520","24875424","32","31","0","-","-","-","0","0","0","0","0","0","0","0","0","0","746","0","0","0","0","0","6","8","0","0","0","0","0","0","0","0","0","550","0","0","0","0","0","0","0","0","0","0","0"
"0x7a6e0b9a5580","      ELECT P0, URZ, PT","139","91","139","783360","25067520","25067520","32","32","0","-","-","-","0","0","0","0","0","0","0","0","0","0","0","11","0","0","0","0","5","11","0","0","0","112","0","0","0","0","0","0","6","0","0","0","0","0","0","0","0","0","85"
"0x7a6e0b9a5590","      UISETP.NE.AND UP0, UPT, UR6, 0x4, UPT","9","0","9","783360","25067520","25067520","32","32","0","-","-","-","0","0","0","0","0","0","0","0","0","0","0","0","0","0","0","0","0","9","0","0","0","0","0","0","0","0","0","0","0","0","0","0","0","0","0","0","0","0","0"
"0x7a6e0b9a55a0","      ULEA.HI.SX32 UR7, UR7, UR33, 0x1f","29","2","29","783360","25067520","25067520","32","32","0","-","-","-","0","0","0","0","0","0","0","0","0","0","0","0","0","0","0","0","10","13","0","0","0","6","0","0","0","0","0","0","0","0","0","0","0","0","0","0","0","0","2"
"0x7a6e0b9a55b0","      USEL UR5, URZ, 0x1, UP0","21","2","21","783360","25067520","25067520","32","32","0","-","-","-","0","0","0","0","0","0","0","0","0","0","0","0","0","0","0","0","4","11","0","0","0","6","0","0","0","0","0","0","0","0","0","0","0","0","0","0","0","0","2"
"0x7a6e0b9a55c0","      USEL UR6, UR6, URZ, UP0","23","9","23","783360","25067520","25067520","32","32","0","-","-","-","0","0","0","0","0","0","0","2","0","0","0","0","0","0","0","0","0","12","0","0","0","9","0","0","2","0","0","0","0","0","0","0","0","0","0","0","0","0","7"
"0x7a6e0b9a55d0","      ULOP3.LUT UR15, UR15, UR5, URZ, 0x3c, !UPT","23","5","23","783360","25067520","25067520","32","32","0","-","-","-","0","0","0","0","0","0","0","2","0","0","0","0","0","0","0","0","1","11","0","0","0","9","0","0","1","0","0","0","0","0","0","0","0","0","0","0","0","0","4"
"0x7a6e0b9a55e0","      USHF.L.U32 UR43, UR12, 0x7, URZ","29","6","29","783360","25067520","25067520","32","32","0","-","-","-","0","0","0","0","0","0","0","0","0","0","0","0","0","0","0","0","4","14","0","0","0","11","0","0","0","0","0","0","0","0","0","0","0","0","0","0","0","0","6"
"0x7a6e0b9a55f0","@P0   IMAD.MOV.U32 R0, RZ, RZ, 0x2400","35","9","35","783360","25067520","783360","32","1","0","-","-","-","0","0","0","0","0","0","0","0","0","0","0","0","0","0","0","0","8","9","0","0","0","18","0","0","0","0","0","0","0","0","0","0","0","0","0","0","0","0","9"
"0x7a6e0b9a5600","      UIADD3 UR41, UR4, 0x20, URZ","10","0","10","783360","25067520","25067520","32","32","0","-","-","-","0","0","0","0","0","0","0","1","0","0","0","0","0","0","0","0","0","9","0","0","0","0","0","0","0","0","0","0","0","0","0","0","0","0","0","0","0","0","0"
"0x7a6e0b9a5610","      UIADD3 UR40, UR7, 0x14c00, URZ","28","6","28","783360","25067520","25067520","32","32","0","-","-","-","0","0","0","0","0","0","0","0","0","0","0","0","0","0","0","0","5","9","0","0","0","14","0","0","0","0","0","0","0","0","0","0","0","0","0","0","0","0","6"
"0x7a6e0b9a5620","@P0   SYNCS.ARRIVE.TRANS64 RZ, [UR4+0x20], R0","9","0","9","783360","25067520","783360","32","1","0","-","-","-","0","0","0","0","0","0","0","1","0","0","0","0","0","0","0","0","0","8","0","0","0","0","0","0","0","0","0","0","0","0","0","0","0","0","0","0","0","0","0"
"0x7a6e0b9a5630","      UIADD3 UR8, UR8, 0x25400, URZ","18","0","18","783360","25067520","25067520","32","32","0","-","-","-","0","0","0","0","0","0","0","2","0","0","0","0","0","0","0","0","0","16","0","0","0","0","0","0","0","0","0","0","0","0","0","0","0","0","0","0","0","0","0"
"0x7a6e0b9a5640","      UIADD3 UR9, UR4, 0x20, URZ","32","0","32","783360","25067520","25067520","32","32","0","-","-","-","0","0","0","0","0","0","0","3","0","0","0","0","0","0","0","0","3","10","0","0","0","16","0","0","0","0","0","0","0","0","0","0","0","0","0","0","0","0","0"
"0x7a6e0b9a5650","      USHF.L.U32 UR7, UR15, 0x1f, URZ","34","8","34","783360","25067520","25067520","32","32","0","-","-","-","0","0","0","0","0","0","0","1","0","0","0","0","0","0","0","0","4","11","0","0","0","18","0","0","0","0","0","0","0","0","0","0","0","0","0","0","0","0","8"
"0x7a6e0b9a5660","      ULEA UR5, UR6, UR33, 0x3","13","5","13","783360","25067520","25067520","32","32","0","-","-","-","0","0","0","0","0","0","0","0","0","0","0","0","0","0","0","0","1","3","0","0","0","9","0","0","0","0","0","0","0","0","0","0","0","0","0","0","0","0","5"
"0x7a6e0b9a5670","      UMOV UR44, UR36","24","0","24","783360","25067520","25067520","32","32","0","-","-","-","0","0","0","0","0","0","0","0","0","0","0","0","0","0","0","0","0","24","0","0","0","0","0","0","0","0","0","0","0","0","0","0","0","0","0","0","0","0","0"
"0x7a6e0b9a5680","      UMOV UR45, UR37","11","0","11","783360","25067520","25067520","32","32","0","-","-","-","0","0","0","0","0","0","0","0","0","0","0","0","0","0","0","0","0","11","0","0","0","0","0","0","0","0","0","0","0","0","0","0","0","0","0","0","0","0","0"
"0x7a6e0b9a5690","      UMOV UR13, UR36","12","0","12","783360","25067520","25067520","32","32","0","-","-","-","0","0","0","0","0","0","0","0","0","0","0","0","0","0","0","0","0","12","0","0","0","0","0","0","0","0","0","0","0","0","0","0","0","0","0","0","0","0","0"
"0x7a6e0b9a56a0","      UMOV UR14, UR37","18","0","18","783360","25067520","25067520","32","32","0","-","-","-","0","0","0","0","0","0","0","0","0","0","0","0","0","0","0","0","0","18","0","0","0","0","0","0","0","0","0","0","0","0","0","0","0","0","0","0","0","0","0"
"0x7a6e0b9a56b0","      UTMALDG.4D desc[URZ], [UR40], [UR30]","20","0","20","783360","25067520","25067520","32","32","0","Global,Shared","-","-","0","0","0","0","0","0","0","11","0","0","0","0","0","0","0","0","0","9","0","0","0","0","0","0","0","0","0","0","0","0","0","0","0","0","0","0","0","0","0"
"0x7a6e0b9a56c0","      UIADD3 UR16, UR16, 0x1, URZ","23","0","23","783360","25067520","25067520","32","32","0","-","-","-","0","0","0","0","0","0","0","13","0","0","0","0","0","0","0","0","0","10","0","0","0","0","0","0","0","0","0","0","0","0","0","0","0","0","0","0","0","0","0"
"0x7a6e0b9a56d0","      UISETP.NE.AND UP0, UPT, UR16, UR20, UPT","77","5","77","783360","25067520","25067520","32","32","0","-","-","-","0","0","0","0","0","0","0","0","0","0","0","0","0","0","0","0","11","12","0","0","0","54","0","0","0","0","0","0","0","0","0","0","0","0","0","0","0","0","5"
"0x7a6e0b9a56e0","      UTMALDG.5D desc[URZ], [UR8], [UR22]","11","0","11","783360","25067520","25067520","32","32","0","Global,Shared","-","-","0","0","0","0","0","0","0","1","0","0","0","0","0","0","0","0","0","10","0","0","0","0","0","0","0","0","0","0","0","0","0","0","0","0","0","0","0","0","0"
"0x7a6e0b9a56f0","      MOV R0, UR7","6","0","6","783360","25067520","25067520","32","32","0","-","-","-","0","0","0","0","0","0","0","0","0","0","0","0","0","0","0","0","0","6","0","0","0","0","0","0","0","0","0","0","0","0","0","0","0","0","0","0","0","0","0"
"0x7a6e0b9a5700","      SYNCS.PHASECHK.TRANS64.TRYWAIT P0, [UR5+0x40], R0","65","11","65","783360","25067520","25067520","32","32","0","-","-","-","0","0","0","0","0","0","0","2","0","0","0","0","0","0","0","0","23","14","0","0","0","26","0","0","0","0","0","0","0","0","0","0","0","0","0","0","0","0","11"
"0x7a6e0b9a5710","@!P0  BRA 0x7a6e0b9add60","28987","18311","28987","783360","25067520","25062784","32","31","0","-","-","-","0","0","0","0","0","0","0","4","0","0","28961","0","0","0","0","0","4","10","0","0","0","8","0","0","0","0","0","18311","0","0","0","0","0","0","0","0","0","0","0"
"0x7a6e0b9a5720","      ELECT P0, URZ, PT","67","12","67","783360","25067520","25067520","32","32","0","-","-","-","0","0","0","0","0","0","0","1","0","0","0","1","0","0","0","0","8","13","0","0","0","44","0","0","0","0","0","0","0","0","0","0","0","0","0","0","0","0","12"
"0x7a6e0b9a5730","      ULEA UR24, UR6, UR33, 0xe","12","0","12","783360","25067520","25067520","32","32","0","-","-","-","0","0","0","0","0","0","0","1","0","0","0","0","0","0","0","0","0","11","0","0","0","0","0","0","0","0","0","0","0","0","0","0","0","0","0","0","0","0","0"
"0x7a6e0b9a5740","      UIADD3 UR25, UR5, 0x20, URZ","23","1","23","783360","25067520","25067520","32","32","0","-","-","-","0","0","0","0","0","0","0","1","0","0","0","0","0","0","0","0","0","12","0","0","0","10","0","0","0","0","0","0","0","0","0","0","0","0","0","0","0","0","1"
"0x7a6e0b9a5750","      UIADD3 UR24, UR24, 0x14c00, URZ","31","3","31","783360","25067520","25067520","32","32","0","-","-","-","0","0","0","0","0","0","0","0","0","0","0","0","0","0","0","0","2","13","0","0","0","16","0","0","0","0","0","0","0","0","0","0","0","0","0","0","0","0","3"
"0x7a6e0b9a5760","      UMOV UR27, UR43","10","0","10","783360","25067520","25067520","32","32","0","-","-","-","0","0","0","0","0","0","0","0","0","0","0","0","0","0","0","0","0","10","0","0","0","0","0","0","0","0","0","0","0","0","0","0","0","0","0","0","0","0","0"
"0x7a6e0b9a5770","      UMOV UR28, UR36","12","0","12","783360","25067520","25067520","32","32","0","-","-","-","0","0","0","0","0","0","0","0","0","0","0","0","0","0","0","0","0","12","0","0","0","0","0","0","0","0","0","0","0","0","0","0","0","0","0","0","0","0","0"
"0x7a6e0b9a5780","      UMOV UR29, UR37","7","0","7","783360","25067520","25067520","32","32","0","-","-","-","0","0","0","0","0","0","0","0","0","0","0","0","0","0","0","0","0","7","0","0","0","0","0","0","0","0","0","0","0","0","0","0","0","0","0","0","0","0","0"
"0x7a6e0b9a5790","      UIADD3 UR6, UR6, 0x1, URZ","13","0","13","783360","25067520","25067520","32","32","0","-","-","-","0","0","0","0","0","0","0","3","0","0","0","0","0","0","0","0","0","10","0","0","0","0","0","0","0","0","0","0","0","0","0","0","0","0","0","0","0","0","0"
"0x7a6e0b9a57a0","@P0   SYNCS.ARRIVE.TRANS64 RZ, [UR5+0x20], R4","80","17","80","783360","25067520","783360","32","1","0","-","-","-","0","0","0","0","0","0","0","8","0","0","0","0","0","0","0","0","10","16","0","0","0","46","0","0","3","0","0","0","0","0","0","0","0","0","0","0","0","0","14"
"0x7a6e0b9a57b0","      UTMALDG.4D desc[URZ], [UR24], [UR18]","17","0","17","783360","25067520","25067520","32","32","0","Global,Shared","-","-","0","0","0","0","0","0","0","0","0","0","0","0","0","0","0","0","0","17","0","0","0","0","0","0","0","0","0","0","0","0","0","0","0","0","0","0","0","0","0"
"0x7a6e0b9a57c0","      UISETP.NE.AND UP1, UPT, UR6, 0x4, UPT","11","0","11","783360","25067520","25067520","32","32","0","-","-","-","0","0","0","0","0","0","0","0","0","0","0","0","0","0","0","0","0","11","0","0","0","0","0","0","0","0","0","0","0","0","0","0","0","0","0","0","0","0","0"
"0x7a6e0b9a57d0","      USEL UR4, URZ, 0x1, UP1","49","18","49","783360","25067520","25067520","32","32","0","-","-","-","0","0","0","0","0","0","0","0","0","0","0","1","0","0","0","0","2","10","0","0","0","36","0","0","0","0","0","0","0","0","0","0","0","0","0","0","0","0","18"
"0x7a6e0b9a57e0","      USEL UR6, UR6, URZ, UP1","31","1","31","783360","25067520","25067520","32","32","0","-","-","-","0","0","0","0","0","0","0","7","0","0","0","0","0","0","0","0","6","12","0","0","0","6","0","0","0","0","0","0","0","0","0","0","0","0","0","0","0","0","1"
"0x7a6e0b9a57f0","      ULOP3.LUT UR15, UR15, UR4, URZ, 0x3c, !UPT","24","0","24","783360","25067520","25067520","32","32","0","-","-","-","0","0","0","0","0","0","0","0","0","0","0","0","0","0","0","0","3","11","0","0","0","10","0","0","0","0","0","0","0","0","0","0","0","0","0","0","0","0","0"
"0x7a6e0b9a5800","      BRA.U UP0, 0x7a6e0b9a54f0","9","0","9","783360","25067520","25067520","32","32","0","-","-","-","0","0","0","0","0","0","0","0","0","0","0","0","0","0","0","0","0","9","0","0","0","0","0","0","0","0","0","0","0","0","0","0","0","0","0","0","0","0","0"
"0x7a6e0b9a5810","      LDCU UR12, c[0x0][0x5d4]","71","33","71","3072","98304","98304","32","32","0","-","-","-","0","0","0","0","0","0","0","0","0","0","0","0","0","0","0","0","0","15","0","0","0","56","0","0","0","0","0","0","0","0","0","0","0","0","0","0","0","0","33"
"0x7a6e0b9a5820","      LDCU UR11, c[0x0][0x5e0]","0","0","0","3072","98304","98304","32","32","0","-","-","-","0","0","0","0","0","0","0","0","0","0","0","0","0","0","0","0","0","0","0","0","0","0","0","0","0","0","0","0","0","0","0","0","0","0","0","0","0","0","0"
"0x7a6e0b9a5830","      UIADD3 UR39, UR56, UR39, URZ","0","0","0","3072","98304","98304","32","32","0","-","-","-","0","0","0","0","0","0","0","0","0","0","0","0","0","0","0","0","0","0","0","0","0","0","0","0","0","0","0","0","0","0","0","0","0","0","0","0","0","0","0"
"0x7a6e0b9a5840","      ULOP3.LUT UR54, UR54, 0x1, URZ, 0x3c, !UPT","0","0","0","3072","98304","98304","32","32","0","-","-","-","0","0","0","0","0","0","0","0","0","0","0","0","0","0","0","0","0","0","0","0","0","0","0","0","0","0","0","0","0","0","0","0","0","0","0","0","0","0","0"
"0x7a6e0b9a5850","      UISETP.NE.AND UP1, UPT, UR12, 0x1, UPT","0","0","0","3072","98304","98304","32","32","0","-","-","-","0","0","0","0","0","0","0","0","0","0","0","0","0","0","0","0","0","0","0","0","0","0","0","0","0","0","0","0","0","0","0","0","0","0","0","0","0","0","0"
"0x7a6e0b9a5860","      UISETP.NE.AND UP0, UPT, UR11, 0x1, UPT","0","0","0","3072","98304","98304","32","32","0","-","-","-","0","0","0","0","0","0","0","0","0","0","0","0","0","0","0","0","0","0","0","0","0","0","0","0","0","0","0","0","0","0","0","0","0","0","0","0","0","0","0"
"0x7a6e0b9a5870","@UP1  LDCU.64 UR4, c[0x0][0x5d8]","0","0","0","3072","98304","98304","32","32","0","-","-","-","0","0","0","0","0","0","0","0","0","0","0","0","0","0","0","0","0","0","0","0","0","0","0","0","0","0","0","0","0","0","0","0","0","0","0","0","0","0","0"
"0x7a6e0b9a5880","@UP0  LDCU UR7, c[0x0][0x5e4]","0","0","0","3072","98304","98304","32","32","0","-","-","-","0","0","0","0","0","0","0","0","0","0","0","0","0","0","0","0","0","0","0","0","0","0","0","0","0","0","0","0","0","0","0","0","0","0","0","0","0","0","0"
"0x7a6e0b9a5890","@UP0  LDCU UR10, c[0x0][0x5e8]","0","0","0","3072","98304","98304","32","32","0","-","-","-","0","0","0","0","0","0","0","0","0","0","0","0","0","0","0","0","0","0","0","0","0","0","0","0","0","0","0","0","0","0","0","0","0","0","0","0","0","0","0"
"0x7a6e0b9a58a0","      UIMAD.WIDE.U32 UR8, UR39, UR4, URZ","1","1","1","3072","98304","98304","32","32","0","-","-","-","0","0","0","0","0","0","0","0","0","0","0","0","0","0","0","0","0","0","1","0","0","0","0","0","0","0","0","0","0","0","0","0","0","0","0","1","0","0","0"
"0x7a6e0b9a58b0","      UMOV UR4, UR39","0","0","0","3072","98304","98304","32","32","0","-","-","-","0","0","0","0","0","0","0","0","0","0","0","0","0","0","0","0","0","0","0","0","0","0","0","0","0","0","0","0","0","0","0","0","0","0","0","0","0","0","0"
"0x7a6e0b9a58c0","@UP1  UMOV UR8, UR9","0","0","0","3072","98304","98304","32","32","0","-","-","-","0","0","0","0","0","0","0","0","0","0","0","0","0","0","0","0","0","0","0","0","0","0","0","0","0","0","0","0","0","0","0","0","0","0","0","0","0","0","0"
"0x7a6e0b9a58d0","@UP1  USHF.R.U32.HI UR4, URZ, UR5, UR8","0","0","0","3072","98304","98304","32","32","0","-","-","-","0","0","0","0","0","0","0","0","0","0","0","0","0","0","0","0","0","0","0","0","0","0","0","0","0","0","0","0","0","0","0","0","0","0","0","0","0","0","0"
"0x7a6e0b9a58e0","      LDCU UR5, c[0x0][0x5ec]","0","0","0","3072","98304","98304","32","32","0","-","-","-","0","0","0","0","0","0","0","0","0","0","0","0","0","0","0","0","0","0","0","0","0","0","0","0","0","0","0","0","0","0","0","0","0","0","0","0","0","0","0"
"0x7a6e0b9a58f0","      UIMAD.WIDE.U32 UR8, UR4, UR7, URZ","0","0","0","3072","98304","98304","32","32","0","-","-","-","0","0","0","0","0","0","0","0","0","0","0","0","0","0","0","0","0","0","0","0","0","0","0","0","0","0","0","0","0","0","0","0","0","0","0","0","0","0","0"
"0x7a6e0b9a5900","      UMOV UR37, UR4","0","0","0","3072","98304","98304","32","32","0","-","-","-","0","0","0","0","0","0","0","0","0","0","0","0","0","0","0","0","0","0","0","0","0","0","0","0","0","0","0","0","0","0","0","0","0","0","0","0","0","0","0"
"0x7a6e0b9a5910","      UIADD3 UR35, -UR4, URZ, URZ","0","0","0","3072","98304","98304","32","32","0","-","-","-","0","0","0","0","0","0","0","0","0","0","0","0","0","0","0","0","0","0","0","0","0","0","0","0","0","0","0","0","0","0","0","0","0","0","0","0","0","0","0"
"0x7a6e0b9a5920","@UP0  UMOV UR8, UR9","1","0","1","3072","98304","98304","32","32","0","-","-","-","0","0","0","0","0","0","0","0","0","0","0","0","0","0","0","0","1","0","0","0","0","0","0","0","0","0","0","0","0","0","0","0","0","0","0","0","0","0","0"
"0x7a6e0b9a5930","      UIMAD UR35, UR12, UR35, UR39","0","0","0","3072","98304","98304","32","32","0","-","-","-","0","0","0","0","0","0","0","0","0","0","0","0","0","0","0","0","0","0","0","0","0","0","0","0","0","0","0","0","0","0","0","0","0","0","0","0","0","0","0"
"0x7a6e0b9a5940","@UP0  USHF.R.U32.HI UR37, URZ, UR10, UR8","0","0","0","3072","98304","98304","32","32","0","-","-","-","0","0","0","0","0","0","0","0","0","0","0","0","0","0","0","0","0","0","0","0","0","0","0","0","0","0","0","0","0","0","0","0","0","0","0","0","0","0","0"
"0x7a6e0b9a5950","      UISETP.GE.AND UP0, UPT, UR39, UR5, UPT","0","0","0","3072","98304","98304","32","32","0","-","-","-","0","0","0","0","0","0","0","0","0","0","0","0","0","0","0","0","0","0","0","0","0","0","0","0","0","0","0","0","0","0","0","0","0","0","0","0","0","0","0"
"0x7a6e0b9a5960","      UIADD3 UR36, -UR37, URZ, URZ","0","0","0","3072","98304","98304","32","32","0","-","-","-","0","0","0","0","0","0","0","0","0","0","0","0","0","0","0","0","0","0","0","0","0","0","0","0","0","0","0","0","0","0","0","0","0","0","0","0","0","0","0"
"0x7a6e0b9a5970","      UIMAD UR36, UR11, UR36, UR4","0","0","0","3072","98304","98304","32","32","0","-","-","-","0","0","0","0","0","0","0","0","0","0","0","0","0","0","0","0","0","0","0","0","0","0","0","0","0","0","0","0","0","0","0","0","0","0","0","0","0","0","0"
"0x7a6e0b9a5980","      BRA.U !UP0, 0x7a6e0b9a4d70","0","0","0","3072","98304","98304","32","32","0","-","-","-","0","0","0","0","0","0","0","0","0","0","0","0","0","0","0","0","0","0","0","0","0","0","0","0","0","0","0","0","0","0","0","0","0","0","0","0","0","0","0"
"0x7a6e0b9a5990","      SHF.R.U32.HI R0, RZ, 0x5, R14","8","8","8","2220","71040","71040","32","32","0","-","-","-","0","0","0","0","0","0","1","0","0","0","0","0","0","0","0","7","0","0","0","0","0","0","0","1","0","0","0","0","0","0","0","0","7","0","0","0","0","0","0"
"0x7a6e0b9a59a0","      R2UR UR4, R0","0","0","0","2220","71040","71040","32","32","0","-","-","-","0","0","0","0","0","0","0","0","0","0","0","0","0","0","0","0","0","0","0","0","0","0","0","0","0","0","0","0","0","0","0","0","0","0","0","0","0","0","0"
"0x7a6e0b9a59b0","      UISETP.GT.AND UP0, UPT, UR4, 0x7, UPT","3","3","3","2220","71040","71040","32","32","0","-","-","-","0","0","0","0","0","0","0","0","0","0","0","0","0","0","0","0","0","0","0","0","0","3","0","0","0","0","0","0","0","0","0","0","0","0","0","0","0","0","3"
"0x7a6e0b9a59c0","      BRA.U UP0, 0x7a6e0b9aa6a0","0","0","0","2220","71040","71040","32","32","0","-","-","-","0","0","0","0","0","0","0","0","0","0","0","0","0","0","0","0","0","0","0","0","0","0","0","0","0","0","0","0","0","0","0","0","0","0","0","0","0","0","0"
"0x7a6e0b9a59d0","      NOP","0","0","0","2885","92320","92320","32","32","0","-","-","-","0","0","0","0","0","0","0","0","0","0","0","0","0","0","0","0","0","0","0","0","0","0","0","0","0","0","0","0","0","0","0","0","0","0","0","0","0","0","0"
"0x7a6e0b9a59e0","      USETMAXREG.TRY_ALLOC.CTAPOOL UP0, 0xd8","2","2","2","2885","92320","92320","32","32","0","-","-","-","0","0","0","0","0","0","0","0","0","0","0","0","0","0","0","0","0","0","0","0","0","2","0","0","0","0","0","0","0","0","0","0","0","0","0","0","0","0","2"
"0x7a6e0b9a59f0","      BRA.U !UP0, 0x7a6e0b9a59d0","1","1","1","2885","92320","92320","32","32","0","-","-","-","0","0","0","0","0","0","0","0","0","0","0","0","0","0","0","0","0","0","1","0","0","0","0","0","0","0","0","0","0","0","0","0","0","0","0","1","0","0","0"
"0x7a6e0b9a5a00","      SHF.R.U32.HI R2, RZ, 0x5, R14","2","1","2","1184","37888","37888","32","32","0","-","-","-","0","0","0","0","0","0","0","0","0","0","0","0","0","0","0","0","0","1","0","0","0","1","0","0","0","0","0","0","0","0","0","0","0","0","0","0","0","0","1"
"0x7a6e0b9a5a10","      LDCU UR9, c[0x0][0x390]","0","0","0","1184","37888","37888","32","32","0","-","-","-","0","0","0","0","0","0","0","0","0","0","0","0","0","0","0","0","0","0","0","0","0","0","0","0","0","0","0","0","0","0","0","0","0","0","0","0","0","0","0"
"0x7a6e0b9a5a20","      S2UR UR15, SR_CTAID.X","0","0","0","1184","37888","37888","32","32","0","-","-","-","0","0","0","0","0","0","0","0","0","0","0","0","0","0","0","0","0","0","0","0","0","0","0","0","0","0","0","0","0","0","0","0","0","0","0","0","0","0","0"
"0x7a6e0b9a5a30","      IMAD.MOV.U32 R0, RZ, RZ, 0x1","0","0","0","1184","37888","37888","32","32","0","-","-","-","0","0","0","0","0","0","0","0","0","0","0","0","0","0","0","0","0","0","0","0","0","0","0","0","0","0","0","0","0","0","0","0","0","0","0","0","0","0","0"
"0x7a6e0b9a5a40","      R2UR UR4, R2","0","0","0","1184","37888","37888","32","32","0","-","-","-","0","0","0","0","0","0","0","0","0","0","0","0","0","0","0","0","0","0","0","0","0","0","0","0","0","0","0","0","0","0","0","0","0","0","0","0","0","0","0"
"0x7a6e0b9a5a50","      LDCU UR8, c[0x0][0x5ec]","0","0","0","1184","37888","37888","32","32","0","-","-","-","0","0","0","0","0","0","0","0","0","0","0","0","0","0","0","0","0","0","0","0","0","0","0","0","0","0","0","0","0","0","0","0","0","0","0","0","0","0","0"
"0x7a6e0b9a5a60","      UISETP.GE.AND UP1, UPT, UR4, 0x4, UPT","0","0","0","1184","37888","37888","32","32","0","-","-","-","0","0","0","0","0","0","0","0","0","0","0","0","0","0","0","0","0","0","0","0","0","0","0","0","0","0","0","0","0","0","0","0","0","0","0","0","0","0","0"
"0x7a6e0b9a5a70","      UIADD3 UR7, UR9, -0x1, URZ","7","5","7","1184","37888","37888","32","32","0","-","-","-","0","0","0","0","0","0","0","0","0","0","0","0","0","0","0","0","0","1","6","0","0","0","0","0","0","0","0","0","0","0","0","0","0","0","0","5","0","0","0"
"0x7a6e0b9a5a80","      UIADD3 UR6, -UR9, URZ, URZ","0","0","0","1184","37888","37888","32","32","0","-","-","-","0","0","0","0","0","0","0","0","0","0","0","0","0","0","0","0","0","0","0","0","0","0","0","0","0","0","0","0","0","0","0","0","0","0","0","0","0","0","0"
"0x7a6e0b9a5a90","      PLOP3.LUT P0, PT, PT, PT, UP1, 0x80, 0x8","0","0","0","1184","37888","37888","32","32","0","-","-","-","0","0","0","0","0","0","0","0","0","0","0","0","0","0","0","0","0","0","0","0","0","0","0","0","0","0","0","0","0","0","0","0","0","0","0","0","0","0","0"
"0x7a6e0b9a5aa0","      UISETP.GT.AND UP0, UPT, UR9, URZ, UPT","0","0","0","1184","37888","37888","32","32","0","-","-","-","0","0","0","0","0","0","0","0","0","0","0","0","0","0","0","0","0","0","0","0","0","0","0","0","0","0","0","0","0","0","0","0","0","0","0","0","0","0","0"
"0x7a6e0b9a5ab0","      USHF.R.S32.HI UR6, URZ, 0x1f, UR6","0","0","0","1184","37888","37888","32","32","0","-","-","-","0","0","0","0","0","0","0","0","0","0","0","0","0","0","0","0","0","0","0","0","0","0","0","0","0","0","0","0","0","0","0","0","0","0","0","0","0","0","0"
"0x7a6e0b9a5ac0","@UP1  S2UR UR4, SR_CgaCtaId","0","0","0","1184","37888","18944","32","16","0","-","-","-","0","0","0","0","0","0","0","0","0","0","0","0","0","0","0","0","0","0","0","0","0","0","0","0","0","0","0","0","0","0","0","0","0","0","0","0","0","0","0"
"0x7a6e0b9a5ad0","@UP1  UMOV UR5, 0x400","0","0","0","1184","37888","18944","32","16","0","-","-","-","0","0","0","0","0","0","0","0","0","0","0","0","0","0","0","0","0","0","0","0","0","0","0","0","0","0","0","0","0","0","0","0","0","0","0","0","0","0","0"
"0x7a6e0b9a5ae0","@UP1  ULEA UR5, UR4, UR5, 0x18","0","0","0","1184","37888","18944","32","16","0","-","-","-","0","0","0","0","0","0","0","0","0","0","0","0","0","0","0","0","0","0","0","0","0","0","0","0","0","0","0","0","0","0","0","0","0","0","0","0","0","0","0"
"0x7a6e0b9a5af0","      USHF.R.S32.HI UR4, URZ, 0x1f, UR7","0","0","0","1184","37888","37888","32","32","0","-","-","-","0","0","0","0","0","0","0","0","0","0","0","0","0","0","0","0","0","0","0","0","0","0","0","0","0","0","0","0","0","0","0","0","0","0","0","0","0","0","0"
"0x7a6e0b9a5b00","      ULEA.HI UR4, UR4, UR7, URZ, 0x7","0","0","0","1184","37888","37888","32","32","0","-","-","-","0","0","0","0","0","0","0","0","0","0","0","0","0","0","0","0","0","0","0","0","0","0","0","0","0","0","0","0","0","0","0","0","0","0","0","0","0","0","0"
"0x7a6e0b9a5b10","@P0   SYNCS.ARRIVE.TRANS64.ART0 RZ, [UR5+0x128], R0","0","0","0","1184","37888","18944","32","16","0","-","-","-","0","0","0","0","0","0","0","0","0","0","0","0","0","0","0","0","0","0","0","0","0","0","0","0","0","0","0","0","0","0","0","0","0","0","0","0","0","0","0"
"0x7a6e0b9a5b20","      ULEA.HI UR5, UR6, -UR9, URZ, 0x7","0","0","0","1184","37888","37888","32","32","0","-","-","-","0","0","0","0","0","0","0","0","0","0","0","0","0","0","0","0","0","0","0","0","0","0","0","0","0","0","0","0","0","0","0","0","0","0","0","0","0","0","0"
"0x7a6e0b9a5b30","      USHF.R.S32.HI UR12, URZ, 0x7, UR4","1","0","1","1184","37888","37888","32","32","0","-","-","-","0","0","0","0","0","0","0","0","0","0","0","0","0","0","0","0","0","1","0","0","0","0","0","0","0","0","0","0","0","0","0","0","0","0","0","0","0","0","0"
"0x7a6e0b9a5b40","      USHF.R.S32.HI UR4, URZ, 0x7, UR5","0","0","0","1184","37888","37888","32","32","0","-","-","-","0","0","0","0","0","0","0","0","0","0","0","0","0","0","0","0","0","0","0","0","0","0","0","0","0","0","0","0","0","0","0","0","0","0","0","0","0","0","0"
"0x7a6e0b9a5b50","      UMOV UR5, URZ","1","0","1","1184","37888","37888","32","32","0","-","-","-","0","0","0","0","0","0","0","0","0","0","0","0","0","0","0","0","0","1","0","0","0","0","0","0","0","0","0","0","0","0","0","0","0","0","0","0","0","0","0"
"0x7a6e0b9a5b60","@!UP0 ULOP3.LUT UR12, URZ, UR4, URZ, 0x33, !UPT","0","0","0","1184","37888","0","32","0","0","-","-","-","0","0","0","0","0","0","0","0","0","0","0","0","0","0","0","0","0","0","0","0","0","0","0","0","0","0","0","0","0","0","0","0","0","0","0","0","0","0","0"
"0x7a6e0b9a5b70","      UISETP.GE.AND UP0, UPT, UR15, UR8, UPT","1","1","1","1184","37888","37888","32","32","0","-","-","-","0","0","0","0","0","0","0","0","0","0","0","0","0","0","0","0","0","0","1","0","0","0","0","0","0","0","0","0","0","0","0","0","0","0","0","1","0","0","0"
"0x7a6e0b9a5b80","@UP1  UMOV UR5, 0x80","1","0","1","1184","37888","18944","32","16","0","-","-","-","0","0","0","0","0","0","0","0","0","0","0","0","0","0","0","0","0","1","0","0","0","0","0","0","0","0","0","0","0","0","0","0","0","0","0","0","0","0","0"
"0x7a6e0b9a5b90","      BRA.U UP0, 0x7a6e0b9aa650","2","1","2","1184","37888","37888","32","32","0","-","-","-","0","0","0","0","0","0","0","0","0","0","0","0","0","0","0","0","0","0","0","0","0","2","0","0","0","0","0","0","0","0","0","0","0","0","0","0","0","0","1"
"0x7a6e0b9a5ba0","      R2UR UR4, R2","1","0","1","1184","37888","37888","32","32","0","-","-","-","0","0","0","0","0","0","0","0","0","0","0","0","0","0","0","0","0","1","0","0","0","0","0","0","0","0","0","0","0","0","0","0","0","0","0","0","0","0","0"
"0x7a6e0b9a5bb0","      S2UR UR6, SR_CgaCtaId","0","0","0","1184","37888","37888","32","32","0","-","-","-","0","0","0","0","0","0","0","0","0","0","0","0","0","0","0","0","0","0","0","0","0","0","0","0","0","0","0","0","0","0","0","0","0","0","0","0","0","0","0"
"0x7a6e0b9a5bc0","      UISETP.LT.AND UP0, UPT, URZ, UR12, UPT","0","0","0","1184","37888","37888","32","32","0","-","-","-","0","0","0","0","0","0","0","0","0","0","0","0","0","0","0","0","0","0","0","0","0","0","0","0","0","0","0","0","0","0","0","0","0","0","0","0","0","0","0"
"0x7a6e0b9a5bd0","      LOP3.LUT R164, R14, 0x7f, RZ, 0xc0, !PT","0","0","0","1184","37888","37888","32","32","0","-","-","-","0","0","0","0","0","0","0","0","0","0","0","0","0","0","0","0","0","0","0","0","0","0","0","0","0","0","0","0","0","0","0","0","0","0","0","0","0","0","0"
"0x7a6e0b9a5be0","      UMOV UR7, 0x400","0","0","0","1184","37888","37888","32","32","0","-","-","-","0","0","0","0","0","0","0","0","0","0","0","0","0","0","0","0","0","0","0","0","0","0","0","0","0","0","0","0","0","0","0","0","0","0","0","0","0","0","0"
"0x7a6e0b9a5bf0","      IMAD.MOV.U32 R165, RZ, RZ, -0x1","0","0","0","1184","37888","37888","32","32","0","-","-","-","0","0","0","0","0","0","0","0","0","0","0","0","0","0","0","0","0","0","0","0","0","0","0","0","0","0","0","0","0","0","0","0","0","0","0","0","0","0","0"
"0x7a6e0b9a5c00","      UMOV UR11, 0x400","1","1","1","1184","37888","37888","32","32","0","-","-","-","0","0","0","0","0","0","0","0","0","0","0","0","0","0","0","1","0","0","0","0","0","0","0","0","0","0","0","0","0","0","0","0","1","0","0","0","0","0","0"
"0x7a6e0b9a5c10","      UMOV UR13, 0x400","0","0","0","1184","37888","37888","32","32","0","-","-","-","0","0","0","0","0","0","0","0","0","0","0","0","0","0","0","0","0","0","0","0","0","0","0","0","0","0","0","0","0","0","0","0","0","0","0","0","0","0","0"
"0x7a6e0b9a5c20","      VIADD R164, R164, UR5","0","0","0","1184","37888","37888","32","32","0","-","-","-","0","0","0","0","0","0","0","0","0","0","0","0","0","0","0","0","0","0","0","0","0","0","0","0","0","0","0","0","0","0","0","0","0","0","0","0","0","0","0"
"0x7a6e0b9a5c30","      S2UR UR10, SR_CgaCtaId","0","0","0","1184","37888","37888","32","32","0","-","-","-","0","0","0","0","0","0","0","0","0","0","0","0","0","0","0","0","0","0","0","0","0","0","0","0","0","0","0","0","0","0","0","0","0","0","0","0","0","0","0"
"0x7a6e0b9a5c40","      UMOV UR14, URZ","0","0","0","1184","37888","37888","32","32","0","-","-","-","0","0","0","0","0","0","0","0","0","0","0","0","0","0","0","0","0","0","0","0","0","0","0","0","0","0","0","0","0","0","0","0","0","0","0","0","0","0","0"
"0x7a6e0b9a5c50","      UISETP.GT.AND UP2, UPT, UR4, 0x3, UPT","1","0","1","1184","37888","37888","32","32","0","-","-","-","0","0","0","0","0","0","0","0","0","0","0","0","0","0","0","0","1","0","0","0","0","0","0","0","0","0","0","0","0","0","0","0","0","0","0","0","0","0","0"
"0x7a6e0b9a5c60","      UISETP.GT.AND UP1, UPT, UR4, 0x3, UPT","0","0","0","1184","37888","37888","32","32","0","-","-","-","0","0","0","0","0","0","0","0","0","0","0","0","0","0","0","0","0","0","0","0","0","0","0","0","0","0","0","0","0","0","0","0","0","0","0","0","0","0","0"
"0x7a6e0b9a5c70","      S2UR UR16, SR_CgaCtaId","0","0","0","1184","37888","37888","32","32","0","-","-","-","0","0","0","0","0","0","0","0","0","0","0","0","0","0","0","0","0","0","0","0","0","0","0","0","0","0","0","0","0","0","0","0","0","0","0","0","0","0","0"
"0x7a6e0b9a5c80","      USEL UR4, URZ, UR12, !UP0","4","4","4","1184","37888","37888","32","32","0","-","-","-","0","0","0","0","0","0","0","0","0","0","0","0","0","0","0","4","0","0","0","0","0","0","0","0","0","0","0","0","0","0","0","0","4","0","0","0","0","0","0"
"0x7a6e0b9a5c90","      USEL UR8, URZ, 0x8, !UP2","0","0","0","1184","37888","37888","32","32","0","-","-","-","0","0","0","0","0","0","0","0","0","0","0","0","0","0","0","0","0","0","0","0","0","0","0","0","0","0","0","0","0","0","0","0","0","0","0","0","0","0","0"
"0x7a6e0b9a5ca0","      UIMAD UR4, UR4, -0x80, UR9","0","0","0","1184","37888","37888","32","32","0","-","-","-","0","0","0","0","0","0","0","0","0","0","0","0","0","0","0","0","0","0","0","0","0","0","0","0","0","0","0","0","0","0","0","0","0","0","0","0","0","0","0"
"0x7a6e0b9a5cb0","      USEL UR19, URZ, 0x80, !UP2","0","0","0","1184","37888","37888","32","32","0","-","-","-","0","0","0","0","0","0","0","0","0","0","0","0","0","0","0","0","0","0","0","0","0","0","0","0","0","0","0","0","0","0","0","0","0","0","0","0","0","0","0"
"0x7a6e0b9a5cc0","      ULEA UR6, UR6, UR7, 0x18","0","0","0","1184","37888","37888","32","32","0","-","-","-","0","0","0","0","0","0","0","0","0","0","0","0","0","0","0","0","0","0","0","0","0","0","0","0","0","0","0","0","0","0","0","0","0","0","0","0","0","0","0"
"0x7a6e0b9a5cd0","      IMAD.U32 R0, RZ, RZ, UR4","0","0","0","1184","37888","37888","32","32","0","-","-","-","0","0","0","0","0","0","0","0","0","0","0","0","0","0","0","0","0","0","0","0","0","0","0","0","0","0","0","0","0","0","0","0","0","0","0","0","0","0","0"
"0x7a6e0b9a5ce0","      VIMNMX R3, PT, PT, RZ, UR4, !PT","0","0","0","1184","37888","37888","32","32","0","-","-","-","0","0","0","0","0","0","0","0","0","0","0","0","0","0","0","0","0","0","0","0","0","0","0","0","0","0","0","0","0","0","0","0","0","0","0","0","0","0","0"
"0x7a6e0b9a5cf0","      ULOP3.LUT UR18, UR8, 0x8, URZ, 0x3c, !UPT","0","0","0","1184","37888","37888","32","32","0","-","-","-","0","0","0","0","0","0","0","0","0","0","0","0","0","0","0","0","0","0","0","0","0","0","0","0","0","0","0","0","0","0","0","0","0","0","0","0","0","0","0"
"0x7a6e0b9a5d00","      LEA R164, R164, UR6, 0x2","5","5","5","1184","37888","37888","32","32","0","-","-","-","0","0","0","0","0","0","0","0","0","0","0","0","0","0","0","5","0","0","0","0","0","0","0","0","0","0","0","0","0","0","0","0","5","0","0","0","0","0","0"
"0x7a6e0b9a5d10","      ULEA UR7, UR10, UR11, 0x18","0","0","0","1184","37888","37888","32","32","0","-","-","-","0","0","0","0","0","0","0","0","0","0","0","0","0","0","0","0","0","0","0","0","0","0","0","0","0","0","0","0","0","0","0","0","0","0","0","0","0","0","0"
"0x7a6e0b9a5d20","      VIADDMNMX R2, R0, 0xffffffe8, RZ, !PT","0","0","0","1184","37888","37888","32","32","0","-","-","-","0","0","0","0","0","0","0","0","0","0","0","0","0","0","0","0","0","0","0","0","0","0","0","0","0","0","0","0","0","0","0","0","0","0","0","0","0","0","0"
"0x7a6e0b9a5d30","      UMOV UR9, URZ","0","0","0","1184","37888","37888","32","32","0","-","-","-","0","0","0","0","0","0","0","0","0","0","0","0","0","0","0","0","0","0","0","0","0","0","0","0","0","0","0","0","0","0","0","0","0","0","0","0","0","0","0"
"0x7a6e0b9a5d40","      VIADDMNMX R161, R0, 0xffffffd0, RZ, !PT","0","0","0","1184","37888","37888","32","32","0","-","-","-","0","0","0","0","0","0","0","0","0","0","0","0","0","0","0","0","0","0","0","0","0","0","0","0","0","0","0","0","0","0","0","0","0","0","0","0","0","0","0"
"0x7a6e0b9a5d50","      UIADD3 UR20, UR7, UR8, URZ","0","0","0","1184","37888","37888","32","32","0","-","-","-","0","0","0","0","0","0","0","0","0","0","0","0","0","0","0","0","0","0","0","0","0","0","0","0","0","0","0","0","0","0","0","0","0","0","0","0","0","0","0"
"0x7a6e0b9a5d60","      VIADDMNMX R160, R0, 0xffffffb8, RZ, !PT","0","0","0","1184","37888","37888","32","32","0","-","-","-","0","0","0","0","0","0","0","0","0","0","0","0","0","0","0","0","0","0","0","0","0","0","0","0","0","0","0","0","0","0","0","0","0","0","0","0","0","0","0"
"0x7a6e0b9a5d70","      UMOV UR10, 0x1","0","0","0","1184","37888","37888","32","32","0","-","-","-","0","0","0","0","0","0","0","0","0","0","0","0","0","0","0","0","0","0","0","0","0","0","0","0","0","0","0","0","0","0","0","0","0","0","0","0","0","0","0"
"0x7a6e0b9a5d80","      VIADDMNMX R159, R0, 0xffffffa0, RZ, !PT","6","5","6","1184","37888","37888","32","32","0","-","-","-","0","0","0","0","0","0","0","0","0","0","0","0","0","0","0","6","0","0","0","0","0","0","0","0","0","0","0","0","0","0","0","0","5","0","0","0","0","0","0"
"0x7a6e0b9a5d90","      ULEA UR16, UR16, UR13, 0x18","0","0","0","1184","37888","37888","32","32","0","-","-","-","0","0","0","0","0","0","0","0","0","0","0","0","0","0","0","0","0","0","0","0","0","0","0","0","0","0","0","0","0","0","0","0","0","0","0","0","0","0","0"
"0x7a6e0b9a5da0","      VIADDMNMX R0, R0, 0xffffff88, RZ, !PT","1","0","1","1184","37888","37888","32","32","0","-","-","-","0","0","0","0","0","0","0","0","0","0","0","0","0","0","0","0","0","1","0","0","0","0","0","0","0","0","0","0","0","0","0","0","0","0","0","0","0","0","0"
"0x7a6e0b9a5db0","      ULOP3.LUT UR13, UR8, 0x8, URZ, 0x3c, !UPT","0","0","0","1184","37888","37888","32","32","0","-","-","-","0","0","0","0","0","0","0","0","0","0","0","0","0","0","0","0","0","0","0","0","0","0","0","0","0","0","0","0","0","0","0","0","0","0","0","0","0","0","0"
"0x7a6e0b9a5dc0","      SHF.L.U32 R163, R165, R3, RZ","0","0","0","1184","37888","37888","32","32","0","-","-","-","0","0","0","0","0","0","0","0","0","0","0","0","0","0","0","0","0","0","0","0","0","0","0","0","0","0","0","0","0","0","0","0","0","0","0","0","0","0","0"
"0x7a6e0b9a5dd0","      UIADD3 UR17, UR16, 0x8, URZ","0","0","0","1184","37888","37888","32","32","0","-","-","-","0","0","0","0","0","0","0","0","0","0","0","0","0","0","0","0","0","0","0","0","0","0","0","0","0","0","0","0","0","0","0","0","0","0","0","0","0","0","0"
"0x7a6e0b9a5de0","      SHF.L.U32 R162, R165, R2, RZ","0","0","0","1184","37888","37888","32","32","0","-","-","-","0","0","0","0","0","0","0","0","0","0","0","0","0","0","0","0","0","0","0","0","0","0","0","0","0","0","0","0","0","0","0","0","0","0","0","0","0","0","0"
"0x7a6e0b9a5df0","      SHF.L.U32 R161, R165, R161, RZ","0","0","0","1184","37888","37888","32","32","0","-","-","-","0","0","0","0","0","0","0","0","0","0","0","0","0","0","0","0","0","0","0","0","0","0","0","0","0","0","0","0","0","0","0","0","0","0","0","0","0","0","0"
"0x7a6e0b9a5e00","      SHF.L.U32 R160, R165, R160, RZ","4","3","4","1184","37888","37888","32","32","0","-","-","-","0","0","0","0","0","0","0","0","0","0","0","0","0","0","0","4","0","0","0","0","0","0","0","0","0","0","0","0","0","0","0","0","3","0","0","0","0","0","0"
"0x7a6e0b9a5e10","      SHF.L.U32 R159, R165, R159, RZ","0","0","0","1184","37888","37888","32","32","0","-","-","-","0","0","0","0","0","0","0","0","0","0","0","0","0","0","0","0","0","0","0","0","0","0","0","0","0","0","0","0","0","0","0","0","0","0","0","0","0","0","0"
"0x7a6e0b9a5e20","      SHF.L.U32 R165, R165, R0, RZ","0","0","0","1184","37888","37888","32","32","0","-","-","-","0","0","0","0","0","0","0","0","0","0","0","0","0","0","0","0","0","0","0","0","0","0","0","0","0","0","0","0","0","0","0","0","0","0","0","0","0","0","0"
"0x7a6e0b9a5e30","      USHF.L.U32 UR5, UR10, 0x1f, URZ","5","3","5","24576","786432","786432","32","32","0","-","-","-","0","0","0","0","0","0","0","0","0","0","0","0","0","0","0","5","0","0","0","0","0","0","0","0","0","0","0","0","0","0","0","0","3","0","0","0","0","0","0"
"0x7a6e0b9a5e40","      MOV R0, UR8","0","0","0","24576","786432","786432","32","32","0","-","-","-","0","0","0","0","0","0","0","0","0","0","0","0","0","0","0","0","0","0","0","0","0","0","0","0","0","0","0","0","0","0","0","0","0","0","0","0","0","0","0"
"0x7a6e0b9a5e50","      USHF.L.U32 UR4, UR9, 0x1f, URZ","1","0","1","24576","786432","786432","32","32","0","-","-","-","0","0","0","0","0","0","0","0","0","0","0","0","0","0","0","0","0","1","0","0","0","0","0","0","0","0","0","0","0","0","0","0","0","0","0","0","0","0","0"
"0x7a6e0b9a5e60","      MOV R2, UR5","0","0","0","24576","786432","786432","32","32","0","-","-","-","0","0","0","0","0","0","0","0","0","0","0","0","0","0","0","0","0","0","0","0","0","0","0","0","0","0","0","0","0","0","0","0","0","0","0","0","0","0","0"
"0x7a6e0b9a5e70","      MOV R4, UR4","0","0","0","24576","786432","786432","32","32","0","-","-","-","0","0","0","0","0","0","0","0","0","0","0","0","0","0","0","0","0","0","0","0","0","0","0","0","0","0","0","0","0","0","0","0","0","0","0","0","0","0","0"
"0x7a6e0b9a5e80","      SYNCS.PHASECHK.TRANS64.TRYWAIT P0, [R0+UR7+0xa0], R2","3","2","3","24576","786432","786432","32","32","0","-","-","-","0","0","0","0","0","0","0","0","0","0","0","0","0","0","0","2","1","0","0","0","0","0","0","0","0","0","0","0","0","0","0","0","2","0","0","0","0","0","0"
"0x7a6e0b9a5e90","@!P0  BRA 0x7a6e0b9adde0","52","40","52","24576","786432","379840","32","15","0","-","-","-","0","0","0","0","0","0","0","0","0","0","51","0","0","0","0","0","0","1","0","0","0","0","0","0","0","0","0","40","0","0","0","0","0","0","0","0","0","0","0"
"0x7a6e0b9a5ea0","      SYNCS.PHASECHK.TRANS64.TRYWAIT P0, [R0+UR7+0x70], R4","3","2","3","24576","786432","786432","32","32","0","-","-","-","0","0","0","0","0","0","0","0","0","0","0","0","0","0","0","0","0","0","0","0","0","3","0","0","0","0","0","0","0","0","0","0","0","0","0","0","0","0","2"
"0x7a6e0b9a5eb0","      IMAD.U32 R136, RZ, RZ, UR19","2","0","2","24576","786432","786432","32","32","0","-","-","-","0","0","0","0","0","0","0","0","0","0","0","0","0","0","0","0","0","2","0","0","0","0","0","0","0","0","0","0","0","0","0","0","0","0","0","0","0","0","0"
"0x7a6e0b9a5ec0","      S2R R0, SR_TID.X","4","4","4","24576","786432","786432","32","32","0","-","-","-","0","0","0","0","0","0","0","0","0","0","4","0","0","0","0","0","0","0","0","0","0","0","0","0","0","0","0","4","0","0","0","0","0","0","0","0","0","0","0"
"0x7a6e0b9a5ed0","      IMAD.U32 R0, R0, 0x10000, RZ","15","6","15","24576","786432","786432","32","32","0","-","-","-","0","0","0","0","0","0","0","0","0","0","0","0","0","0","0","0","0","1","14","0","0","0","0","0","0","0","0","0","0","0","0","0","0","0","0","6","0","0","0"
"0x7a6e0b9a5ee0","      LOP3.LUT R136, R136, 0x600000, R0, 0xf8, !PT","3","3","3","24576","786432","786432","32","32","0","-","-","-","0","0","0","0","0","0","0","0","0","0","0","0","0","0","0","0","0","0","0","0","0","3","0","0","0","0","0","0","0","0","0","0","0","0","0","0","0","0","3"
"0x7a6e0b9a5ef0","      R2UR UR5, R136","0","0","0","24576","786432","786432","32","32","0","-","-","-","0","0","0","0","0","0","0","0","0","0","0","0","0","0","0","0","0","0","0","0","0","0","0","0","0","0","0","0","0","0","0","0","0","0","0","0","0","0","0"
"0x7a6e0b9a5f00","@!P0  BRA 0x7a6e0b9ade50","562","353","562","24576","786432","786432","32","32","0","-","-","-","0","0","0","0","0","0","0","0","0","0","562","0","0","0","0","0","0","0","0","0","0","0","0","0","0","0","0","353","0","0","0","0","0","0","0","0","0","0","0"
"0x7a6e0b9a5f10","      LDTM.x32 R40, tmem[UR5]","2","2","2","24576","786432","786432","32","32","0","Tmem","Load","-","0","0","0","0","0","0","0","0","0","0","0","0","0","0","0","0","0","0","0","0","0","2","0","0","0","0","0","0","0","0","0","0","0","0","0","0","0","0","2"
"0x7a6e0b9a5f20","      LOP3.LUT P1, RZ, R163, 0x2, RZ, 0xc0, !PT","0","0","0","24576","786432","786432","32","32","0","-","-","-","0","0","0","0","0","0","0","0","0","0","0","0","0","0","0","0","0","0","0","0","0","0","0","0","0","0","0","0","0","0","0","0","0","0","0","0","0","0","0"
"0x7a6e0b9a5f30","      IMAD.MOV.U32 R172, RZ, RZ, 0x1","1","0","1","24576","786432","786432","32","32","0","-","-","-","0","0","0","0","0","0","0","0","0","0","0","0","0","0","0","0","0","1","0","0","0","0","0","0","0","0","0","0","0","0","0","0","0","0","0","0","0","0","0"
"0x7a6e0b9a5f40","      LOP3.LUT P2, RZ, R163, 0x4, RZ, 0xc0, !PT","0","0","0","24576","786432","786432","32","32","0","-","-","-","0","0","0","0","0","0","0","0","0","0","0","0","0","0","0","0","0","0","0","0","0","0","0","0","0","0","0","0","0","0","0","0","0","0","0","0","0","0","0"
"0x7a6e0b9a5f50","      ULOP3.LUT UR9, UR9, 0x1, URZ, 0x3c, !UPT","0","0","0","24576","786432","786432","32","32","0","-","-","-","0","0","0","0","0","0","0","0","0","0","0","0","0","0","0","0","0","0","0","0","0","0","0","0","0","0","0","0","0","0","0","0","0","0","0","0","0","0","0"
"0x7a6e0b9a5f60","      LOP3.LUT P0, RZ, R163, 0x1, RZ, 0xc0, !PT","1","0","1","24576","786432","786432","32","32","0","-","-","-","0","0","0","0","0","0","0","0","0","0","0","0","0","0","0","0","0","1","0","0","0","0","0","0","0","0","0","0","0","0","0","0","0","0","0","0","0","0","0"
"0x7a6e0b9a5f70","      UISETP.GE.AND UP0, UPT, UR12, 0x1, UPT","0","0","0","24576","786432","786432","32","32","0","-","-","-","0","0","0","0","0","0","0","0","0","0","0","0","0","0","0","0","0","0","0","0","0","0","0","0","0","0","0","0","0","0","0","0","0","0","0","0","0","0","0"
"0x7a6e0b9a5f80","      LOP3.LUT R138, R136, 0x20, RZ, 0xfc, !PT","0","0","0","24576","786432","786432","32","32","0","-","-","-","0","0","0","0","0","0","0","0","0","0","0","0","0","0","0","0","0","0","0","0","0","0","0","0","0","0","0","0","0","0","0","0","0","0","0","0","0","0","0"
"0x7a6e0b9a5f90","      LOP3.LUT R137, R136, 0x40, RZ, 0xfc, !PT","1","0","1","24576","786432","786432","32","32","0","-","-","-","0","0","0","0","0","0","0","0","0","0","0","1","0","0","0","0","0","0","0","0","0","0","0","0","0","0","0","0","0","0","0","0","0","0","0","0","0","0","0"
"0x7a6e0b9a5fa0","      R2UR UR4, R138","0","0","0","24576","786432","786432","32","32","0","-","-","-","0","0","0","0","0","0","0","0","0","0","0","0","0","0","0","0","0","0","0","0","0","0","0","0","0","0","0","0","0","0","0","0","0","0","0","0","0","0","0"
"0x7a6e0b9a5fb0","      LOP3.LUT P4, RZ, R162, 0x20, RZ, 0xc0, !PT","1","0","1","24576","786432","786432","32","32","0","-","-","-","0","0","0","0","0","0","0","0","0","0","0","0","0","0","0","0","1","0","0","0","0","0","0","0","0","0","0","0","0","0","0","0","0","0","0","0","0","0","0"
"0x7a6e0b9a5fc0","      LOP3.LUT P6, RZ, R162, 0x80, RZ, 0xc0, !PT","0","0","0","24576","786432","786432","32","32","0","-","-","-","0","0","0","0","0","0","0","0","0","0","0","0","0","0","0","0","0","0","0","0","0","0","0","0","0","0","0","0","0","0","0","0","0","0","0","0","0","0","0"
"0x7a6e0b9a5fd0","      LOP3.LUT P5, RZ, R162, 0x40, RZ, 0xc0, !PT","0","0","0","24576","786432","786432","32","32","0","-","-","-","0","0","0","0","0","0","0","0","0","0","0","0","0","0","0","0","0","0","0","0","0","0","0","0","0","0","0","0","0","0","0","0","0","0","0","0","0","0","0"
"0x7a6e0b9a5fe0","      LOP3.LUT P3, RZ, R162, 0x8, RZ, 0xc0, !PT","1","1","1","24576","786432","786432","32","32","0","-","-","-","0","0","0","0","0","0","0","0","0","0","0","0","0","0","0","0","0","0","0","0","0","1","0","0","0","0","0","0","0","0","0","0","0","0","0","0","0","0","1"
"0x7a6e0b9a5ff0","      LOP3.LUT R135, R136, 0x60, RZ, 0xfc, !PT","1","0","1","24576","786432","786432","32","32","0","-","-","-","0","0","0","0","0","0","0","0","0","0","0","0","0","0","0","0","0","1","0","0","0","0","0","0","0","0","0","0","0","0","0","0","0","0","0","0","0","0","0"
"0x7a6e0b9a6000","      LOP3.LUT R158, R136, 0x48, RZ, 0xfc, !PT","3","1","3","24576","786432","786432","32","32","0","-","-","-","0","0","0","0","0","0","0","0","0","0","0","0","0","0","0","0","0","1","0","0","0","2","0","0","0","0","0","0","0","0","0","0","0","0","0","0","0","0","1"
"0x7a6e0b9a6010","      SEL R133, R41, 0xff800000, !P1","1","1","1","24576","786432","786432","32","32","0","-","-","-","0","0","0","0","0","0","0","0","0","0","0","0","0","0","0","0","0","0","1","0","0","0","0","0","0","0","0","0","0","0","0","0","0","0","0","1","0","0","0"
"0x7a6e0b9a6020","      SEL R130, R42, 0xff800000, !P2","1","0","1","24576","786432","786432","32","32","0","-","-","-","0","0","0","0","0","0","0","0","0","0","0","0","0","0","0","0","0","1","0","0","0","0","0","0","0","0","0","0","0","0","0","0","0","0","0","0","0","0","0"
"0x7a6e0b9a6030","      LOP3.LUT P1, RZ, R163, 0x10, RZ, 0xc0, !PT","1","1","1","24576","786432","786432","32","32","0","-","-","-","0","0","0","0","0","0","0","0","0","0","0","0","0","0","0","0","0","0","0","0","0","1","0","0","0","0","0","0","0","0","0","0","0","0","0","0","0","0","1"
"0x7a6e0b9a6040","      LOP3.LUT P2, RZ, R163, 0x20, RZ, 0xc0, !PT","0","0","0","24576","786432","786432","32","32","0","-","-","-","0","0","0","0","0","0","0","0","0","0","0","0","0","0","0","0","0","0","0","0","0","0","0","0","0","0","0","0","0","0","0","0","0","0","0","0","0","0","0"
"0x7a6e0b9a6050","      SEL R132, R40, 0xff800000, !P0","2","0","2","24576","786432","786432","32","32","0","-","-","-","0","0","0","0","0","0","0","0","0","0","0","0","0","0","0","0","0","2","0","0","0","0","0","0","0","0","0","0","0","0","0","0","0","0","0","0","0","0","0"
"0x7a6e0b9a6060","      SEL R128, R44, 0xff800000, !P1","2","0","2","24576","786432","786432","32","32","0","-","-","-","0","0","0","0","0","0","0","0","0","0","0","0","0","0","0","0","0","1","0","0","0","1","0","0","0","0","0","0","0","0","0","0","0","0","0","0","0","0","0"
"0x7a6e0b9a6070","      SEL R129, R45, 0xff800000, !P2","0","0","0","24576","786432","786432","32","32","0","-","-","-","0","0","0","0","0","0","0","0","0","0","0","0","0","0","0","0","0","0","0","0","0","0","0","0","0","0","0","0","0","0","0","0","0","0","0","0","0","0","0"
"0x7a6e0b9a6080","      LOP3.LUT P0, RZ, R163, 0x8, RZ, 0xc0, !PT","2","0","2","24576","786432","786432","32","32","0","-","-","-","0","0","0","0","0","0","0","0","0","0","0","0","0","0","0","1","0","1","0","0","0","0","0","0","0","0","0","0","0","0","0","0","0","0","0","0","0","0","0"
"0x7a6e0b9a6090","      LOP3.LUT P1, RZ, R163, 0x80, RZ, 0xc0, !PT","4","1","4","24576","786432","786432","32","32","0","-","-","-","0","0","0","0","0","0","0","0","0","0","0","1","0","0","0","0","0","2","0","0","0","1","0","0","0","0","0","0","0","0","0","0","0","0","0","0","0","0","1"
"0x7a6e0b9a60a0","      LOP3.LUT P2, RZ, R163, 0x100, RZ, 0xc0, !PT","1","0","1","24576","786432","786432","32","32","0","-","-","-","0","0","0","0","0","0","0","0","0","0","0","0","0","0","0","0","0","1","0","0","0","0","0","0","0","0","0","0","0","0","0","0","0","0","0","0","0","0","0"
"0x7a6e0b9a60b0","      SEL R131, R43, 0xff800000, !P0","0","0","0","24576","786432","786432","32","32","0","-","-","-","0","0","0","0","0","0","0","0","0","0","0","0","0","0","0","0","0","0","0","0","0","0","0","0","0","0","0","0","0","0","0","0","0","0","0","0","0","0","0"
"0x7a6e0b9a60c0","      SEL R127, R47, 0xff800000, !P1","1","0","1","24576","786432","786432","32","32","0","-","-","-","0","0","0","0","0","0","0","0","0","0","0","0","0","0","0","0","0","1","0","0","0","0","0","0","0","0","0","0","0","0","0","0","0","0","0","0","0","0","0"
"0x7a6e0b9a60d0","      SEL R124, R48, 0xff800000, !P2","0","0","0","24576","786432","786432","32","32","0","-","-","-","0","0","0","0","0","0","0","0","0","0","0","0","0","0","0","0","0","0","0","0","0","0","0","0","0","0","0","0","0","0","0","0","0","0","0","0","0","0","0"
"0x7a6e0b9a60e0","      LOP3.LUT P0, RZ, R163, 0x40, RZ, 0xc0, !PT","1","1","1","24576","786432","786432","32","32","0","-","-","-","0","0","0","0","0","0","0","0","0","0","0","0","0","0","0","0","0","0","0","0","0","1","0","0","0","0","0","0","0","0","0","0","0","0","0","0","0","0","1"
"0x7a6e0b9a60f0","      LOP3.LUT P1, RZ, R163, 0x400, RZ, 0xc0, !PT","2","1","2","24576","786432","786432","32","32","0","-","-","-","0","0","0","0","0","0","0","0","0","0","0","1","0","0","0","0","0","1","0","0","0","0","0","0","0","0","0","0","1","0","0","0","0","0","0","0","0","0","0"
"0x7a6e0b9a6100","      LOP3.LUT P2, RZ, R163, 0x800, RZ, 0xc0, !PT","2","1","2","24576","786432","786432","32","32","0","-","-","-","0","0","0","0","0","0","0","0","0","0","0","0","0","0","0","1","0","1","0","0","0","0","0","0","0","0","0","0","0","0","0","0","1","0","0","0","0","0","0"
"0x7a6e0b9a6110","      SEL R126, R46, 0xff800000, !P0","0","0","0","24576","786432","786432","32","32","0","-","-","-","0","0","0","0","0","0","0","0","0","0","0","0","0","0","0","0","0","0","0","0","0","0","0","0","0","0","0","0","0","0","0","0","0","0","0","0","0","0","0"
"0x7a6e0b9a6120","      SEL R122, R50, 0xff800000, !P1","0","0","0","24576","786432","786432","32","32","0","-","-","-","0","0","0","0","0","0","0","0","0","0","0","0","0","0","0","0","0","0","0","0","0","0","0","0","0","0","0","0","0","0","0","0","0","0","0","0","0","0","0"
"0x7a6e0b9a6130","      SEL R123, R51, 0xff800000, !P2","1","1","1","24576","786432","786432","32","32","0","-","-","-","0","0","0","0","0","0","0","0","0","0","0","0","0","0","0","0","0","0","0","0","0","1","0","0","0","0","0","0","0","0","0","0","0","0","0","0","0","0","1"
"0x7a6e0b9a6140","      LOP3.LUT P0, RZ, R163, 0x200, RZ, 0xc0, !PT","0","0","0","24576","786432","786432","32","32","0","-","-","-","0","0","0","0","0","0","0","0","0","0","0","0","0","0","0","0","0","0","0","0","0","0","0","0","0","0","0","0","0","0","0","0","0","0","0","0","0","0","0"
"0x7a6e0b9a6150","      LOP3.LUT P1, RZ, R163, 0x1000, RZ, 0xc0, !PT","2","0","2","24576","786432","786432","32","32","0","-","-","-","0","0","0","0","0","0","0","1","0","0","0","0","0","0","0","0","0","0","0","0","0","1","0","0","0","0","0","0","0","0","0","0","0","0","0","0","0","0","0"
"0x7a6e0b9a6160","      LOP3.LUT P2, RZ, R163, 0x2000, RZ, 0xc0, !PT","2","2","2","24576","786432","786432","32","32","0","-","-","-","0","0","0","0","0","0","0","1","0","0","0","0","0","0","0","0","0","0","0","0","0","1","0","0","1","0","0","0","0","0","0","0","0","0","0","0","0","0","1"
"0x7a6e0b9a6170","      SEL R125, R49, 0xff800000, !P0","0","0","0","24576","786432","786432","32","32","0","-","-","-","0","0","0","0","0","0","0","0","0","0","0","0","0","0","0","0","0","0","0","0","0","0","0","0","0","0","0","0","0","0","0","0","0","0","0","0","0","0","0"
"0x7a6e0b9a6180","      SEL R120, R52, 0xff800000, !P1","0","0","0","24576","786432","786432","32","32","0","-","-","-","0","0","0","0","0","0","0","0","0","0","0","0","0","0","0","0","0","0","0","0","0","0","0","0","0","0","0","0","0","0","0","0","0","0","0","0","0","0","0"
"0x7a6e0b9a6190","      SEL R121, R53, 0xff800000, !P2","4","1","4","24576","786432","786432","32","32","0","-","-","-","0","0","0","0","0","0","0","0","0","0","0","1","0","0","0","0","1","1","0","0","0","1","0","0","0","0","0","0","0","0","0","0","0","0","0","0","0","0","1"
"0x7a6e0b9a61a0","      LOP3.LUT P0, RZ, R163, 0x10000, RZ, 0xc0, !PT","0","0","0","24576","786432","786432","32","32","0","-","-","-","0","0","0","0","0","0","0","0","0","0","0","0","0","0","0","0","0","0","0","0","0","0","0","0","0","0","0","0","0","0","0","0","0","0","0","0","0","0","0"
"0x7a6e0b9a61b0","      LOP3.LUT P1, RZ, R163, 0x4000, RZ, 0xc0, !PT","2","0","2","24576","786432","786432","32","32","0","-","-","-","0","0","0","0","0","0","0","0","0","0","0","0","0","0","0","0","0","2","0","0","0","0","0","0","0","0","0","0","0","0","0","0","0","0","0","0","0","0","0"
"0x7a6e0b9a61c0","      LOP3.LUT P2, RZ, R163, 0x8000, RZ, 0xc0, !PT","3","1","3","24576","786432","786432","32","32","0","-","-","-","0","0","0","0","0","0","0","0","0","0","0","0","0","0","0","0","0","2","0","0","0","1","0","0","0","0","0","0","0","0","0","0","0","0","0","0","0","0","1"
"0x7a6e0b9a61d0","      SEL R118, R54, 0xff800000, !P1","1","0","1","24576","786432","786432","32","32","0","-","-","-","0","0","0","0","0","0","0","0","0","0","0","0","0","0","0","0","0","1","0","0","0","0","0","0","0","0","0","0","0","0","0","0","0","0","0","0","0","0","0"
"0x7a6e0b9a61e0","      SEL R119, R55, 0xff800000, !P2","0","0","0","24576","786432","786432","32","32","0","-","-","-","0","0","0","0","0","0","0","0","0","0","0","0","0","0","0","0","0","0","0","0","0","0","0","0","0","0","0","0","0","0","0","0","0","0","0","0","0","0","0"
"0x7a6e0b9a61f0","      SEL R116, R56, 0xff800000, !P0","1","1","1","24576","786432","786432","32","32","0","-","-","-","0","0","0","0","0","0","0","0","0","0","0","0","0","0","0","0","0","0","0","0","0","1","0","0","0","0","0","0","0","0","0","0","0","0","0","0","0","0","1"
"0x7a6e0b9a6200","      LOP3.LUT P1, RZ, R163, 0x20000, RZ, 0xc0, !PT","1","1","1","24576","786432","786432","32","32","0","-","-","-","0","0","0","0","0","0","0","0","0","0","0","0","0","0","0","0","0","0","0","0","0","1","0","0","0","0","0","0","0","0","0","0","0","0","0","0","0","0","1"
"0x7a6e0b9a6210","      LOP3.LUT P2, RZ, R163, 0x40000, RZ, 0xc0, !PT","1","1","1","24576","786432","786432","32","32","0","-","-","-","0","0","0","0","0","0","0","0","0","0","0","0","0","0","0","0","0","0","0","0","0","1","0","0","0","0","0","0","0","0","0","0","0","0","0","0","0","0","1"
"0x7a6e0b9a6220","      LOP3.LUT P0, RZ, R163, 0x80000, RZ, 0xc0, !PT","2","1","2","24576","786432","786432","32","32","0","-","-","-","0","0","0","0","0","0","0","0","0","0","0","0","0","0","0","0","0","1","0","0","0","1","0","0","0","0","0","0","0","0","0","0","0","0","0","0","0","0","1"
"0x7a6e0b9a6230","      SEL R117, R57, 0xff800000, !P1","3","1","3","24576","786432","786432","32","32","0","-","-","-","0","0","0","0","0","0","0","0","0","0","0","0","0","0","0","0","0","2","0","0","0","1","0","0","0","0","0","0","0","0","0","0","0","0","0","0","0","0","1"
"0x7a6e0b9a6240","      SEL R114, R58, 0xff800000, !P2","0","0","0","24576","786432","786432","32","32","0","-","-","-","0","0","0","0","0","0","0","0","0","0","0","0","0","0","0","0","0","0","0","0","0","0","0","0","0","0","0","0","0","0","0","0","0","0","0","0","0","0","0"
"0x7a6e0b9a6250","      SEL R115, R59, 0xff800000, !P0","0","0","0","24576","786432","786432","32","32","0","-","-","-","0","0","0","0","0","0","0","0","0","0","0","0","0","0","0","0","0","0","0","0","0","0","0","0","0","0","0","0","0","0","0","0","0","0","0","0","0","0","0"
"0x7a6e0b9a6260","      LDTM.x32 R28, tmem[UR4]","1","0","1","24576","786432","786432","32","32","0","Tmem","Load","-","0","0","0","0","0","0","0","0","0","0","0","0","0","0","0","0","0","0","0","0","0","1","0","0","0","0","0","0","0","0","0","0","0","0","0","0","0","0","0"
"0x7a6e0b9a6270","      LOP3.LUT P1, RZ, R163, 0x100000, RZ, 0xc0, !PT","0","0","0","24576","786432","786432","32","32","0","-","-","-","0","0","0","0","0","0","0","0","0","0","0","0","0","0","0","0","0","0","0","0","0","0","0","0","0","0","0","0","0","0","0","0","0","0","0","0","0","0","0"
"0x7a6e0b9a6280","      LOP3.LUT P2, RZ, R163, 0x400000, RZ, 0xc0, !PT","4","4","4","24576","786432","786432","32","32","0","-","-","-","0","0","0","0","0","0","0","0","0","0","0","0","0","0","0","0","0","0","0","0","0","4","0","0","0","0","0","0","0","0","0","0","0","0","0","0","0","0","4"
"0x7a6e0b9a6290","      SEL R112, R60, 0xff800000, !P1","2","0","2","24576","786432","786432","32","32","0","-","-","-","0","0","0","0","0","0","0","0","0","0","0","0","0","0","0","0","0","2","0","0","0","0","0","0","0","0","0","0","0","0","0","0","0","0","0","0","0","0","0"
"0x7a6e0b9a62a0","      LOP3.LUT P0, RZ, R163, 0x200000, RZ, 0xc0, !PT","1","1","1","24576","786432","786432","32","32","0","-","-","-","0","0","0","0","0","0","0","0","0","0","0","0","0","0","0","0","0","0","0","0","0","1","0","0","0","0","0","0","0","0","0","0","0","0","0","0","0","0","1"
"0x7a6e0b9a62b0","      LOP3.LUT P1, RZ, R163, 0x800000, RZ, 0xc0, !PT","2","0","2","24576","786432","786432","32","32","0","-","-","-","0","0","0","0","0","0","0","1","0","0","0","0","0","0","0","0","0","1","0","0","0","0","0","0","0","0","0","0","0","0","0","0","0","0","0","0","0","0","0"
"0x7a6e0b9a62c0","      SEL R113, R61, 0xff800000, !P0","0","0","0","24576","786432","786432","32","32","0","-","-","-","0","0","0","0","0","0","0","0","0","0","0","0","0","0","0","0","0","0","0","0","0","0","0","0","0","0","0","0","0","0","0","0","0","0","0","0","0","0","0"
"0x7a6e0b9a62d0","      SEL R110, R62, 0xff800000, !P2","0","0","0","24576","786432","786432","32","32","0","-","-","-","0","0","0","0","0","0","0","0","0","0","0","0","0","0","0","0","0","0","0","0","0","0","0","0","0","0","0","0","0","0","0","0","0","0","0","0","0","0","0"
"0x7a6e0b9a62e0","      SEL R111, R63, 0xff800000, !P1","0","0","0","24576","786432","786432","32","32","0","-","-","-","0","0","0","0","0","0","0","0","0","0","0","0","0","0","0","0","0","0","0","0","0","0","0","0","0","0","0","0","0","0","0","0","0","0","0","0","0","0","0"
"0x7a6e0b9a62f0","      LOP3.LUT P0, RZ, R162, 0x1, RZ, 0xc0, !PT","1","1","1","24576","786432","786432","32","32","0","-","-","-","0","0","0","0","0","0","0","0","0","0","0","0","0","0","0","0","0","0","0","0","0","1","0","0","0","0","0","0","0","0","0","0","0","0","0","0","0","0","1"
"0x7a6e0b9a6300","      LOP3.LUT P2, RZ, R162, 0x2, RZ, 0xc0, !PT","2","2","2","24576","786432","786432","32","32","0","-","-","-","0","0","0","0","0","0","0","0","0","0","0","0","0","0","0","1","0","0","0","0","0","1","0","0","0","0","0","0","0","0","0","0","1","0","0","0","0","0","1"
"0x7a6e0b9a6310","      LOP3.LUT P1, RZ, R162, 0x4, RZ, 0xc0, !PT","0","0","0","24576","786432","786432","32","32","0","-","-","-","0","0","0","0","0","0","0","0","0","0","0","0","0","0","0","0","0","0","0","0","0","0","0","0","0","0","0","0","0","0","0","0","0","0","0","0","0","0","0"
"0x7a6e0b9a6320","      SEL R108, R64, 0xff800000, !P0","0","0","0","24576","786432","786432","32","32","0","-","-","-","0","0","0","0","0","0","0","0","0","0","0","0","0","0","0","0","0","0","0","0","0","0","0","0","0","0","0","0","0","0","0","0","0","0","0","0","0","0","0"
"0x7a6e0b9a6330","      SEL R109, R65, 0xff800000, !P2","1","0","1","24576","786432","786432","32","32","0","-","-","-","0","0","0","0","0","0","0","0","0","0","0","0","0","0","0","0","0","1","0","0","0","0","0","0","0","0","0","0","0","0","0","0","0","0","0","0","0","0","0"
"0x7a6e0b9a6340","      SEL R106, R66, 0xff800000, !P1","1","1","1","24576","786432","786432","32","32","0","-","-","-","0","0","0","0","0","0","0","0","0","0","0","0","0","0","0","0","0","0","0","0","0","1","0","0","0","0","0","0","0","0","0","0","0","0","0","0","0","0","1"
"0x7a6e0b9a6350","      LOP3.LUT P0, RZ, R162, 0x10, RZ, 0xc0, !PT","1","1","1","24576","786432","786432","32","32","0","-","-","-","0","0","0","0","0","0","0","0","0","0","0","0","0","0","0","0","0","0","0","0","0","1","0","0","0","0","0","0","0","0","0","0","0","0","0","0","0","0","1"
"0x7a6e0b9a6360","      LOP3.LUT P1, RZ, R162, 0x200, RZ, 0xc0, !PT","1","1","1","24576","786432","786432","32","32","0","-","-","-","0","0","0","0","0","0","0","0","0","0","0","0","0","0","0","0","0","0","0","0","0","1","0","0","0","0","0","0","0","0","0","0","0","0","0","0","0","0","1"
"0x7a6e0b9a6370","      LOP3.LUT P2, RZ, R162, 0x400, RZ, 0xc0, !PT","0","0","0","24576","786432","786432","32","32","0","-","-","-","0","0","0","0","0","0","0","0","0","0","0","0","0","0","0","0","0","0","0","0","0","0","0","0","0","0","0","0","0","0","0","0","0","0","0","0","0","0","0"
"0x7a6e0b9a6380","      SEL R104, R68, 0xff800000, !P0","2","1","2","24576","786432","786432","32","32","0","-","-","-","0","0","0","0","0","0","0","1","0","0","0","0","0","0","0","0","0","0","0","0","0","1","0","0","0","0","0","0","0","0","0","0","0","0","0","0","0","0","1"
"0x7a6e0b9a6390","      SEL R101, R29, 0xff800000, !P1","1","0","1","24576","786432","786432","32","32","0","-","-","-","0","0","0","0","0","0","0","0","0","0","0","0","0","0","0","0","0","1","0","0","0","0","0","0","0","0","0","0","0","0","0","0","0","0","0","0","0","0","0"
"0x7a6e0b9a63a0","      SEL R98, R30, 0xff800000, !P2","2","1","2","24576","786432","786432","32","32","0","-","-","-","0","0","0","0","0","0","0","0","0","0","0","0","0","0","0","0","0","1","0","0","0","1","0","0","0","0","0","0","0","0","0","0","0","0","0","0","0","0","1"
"0x7a6e0b9a63b0","      LOP3.LUT P0, RZ, R162, 0x100, RZ, 0xc0, !PT","3","0","3","24576","786432","786432","32","32","0","-","-","-","0","0","0","0","0","0","0","0","0","0","0","0","0","0","0","0","0","1","0","0","0","2","0","0","0","0","0","0","0","0","0","0","0","0","0","0","0","0","0"
"0x7a6e0b9a63c0","      LOP3.LUT P1, RZ, R162, 0x1000, RZ, 0xc0, !PT","3","3","3","24576","786432","786432","32","32","0","-","-","-","0","0","0","0","0","0","0","0","0","0","0","0","0","0","0","0","0","0","0","0","0","3","0","0","0","0","0","0","0","0","0","0","0","0","0","0","0","0","3"
"0x7a6e0b9a63d0","      LOP3.LUT P2, RZ, R162, 0x2000, RZ, 0xc0, !PT","1","0","1","24576","786432","786432","32","32","0","-","-","-","0","0","0","0","0","0","0","0","0","0","0","0","0","0","0","0","1","0","0","0","0","0","0","0","0","0","0","0","0","0","0","0","0","0","0","0","0","0","0"
"0x7a6e0b9a63e0","      SEL R100, R28, 0xff800000, !P0","0","0","0","24576","786432","786432","32","32","0","-","-","-","0","0","0","0","0","0","0","0","0","0","0","0","0","0","0","0","0","0","0","0","0","0","0","0","0","0","0","0","0","0","0","0","0","0","0","0","0","0","0"
"0x7a6e0b9a63f0","      SEL R96, R32, 0xff800000, !P1","2","0","2","24576","786432","786432","32","32","0","-","-","-","0","0","0","0","0","0","0","0","0","0","0","0","0","0","0","0","0","2","0","0","0","0","0","0","0","0","0","0","0","0","0","0","0","0","0","0","0","0","0"
"0x7a6e0b9a6400","      SEL R97, R33, 0xff800000, !P2","0","0","0","24576","786432","786432","32","32","0","-","-","-","0","0","0","0","0","0","0","0","0","0","0","0","0","0","0","0","0","0","0","0","0","0","0","0","0","0","0","0","0","0","0","0","0","0","0","0","0","0","0"
"0x7a6e0b9a6410","      LOP3.LUT P0, RZ, R162, 0x800, RZ, 0xc0, !PT","0","0","0","24576","786432","786432","32","32","0","-","-","-","0","0","0","0","0","0","0","0","0","0","0","0","0","0","0","0","0","0","0","0","0","0","0","0","0","0","0","0","0","0","0","0","0","0","0","0","0","0","0"
"0x7a6e0b9a6420","      LOP3.LUT P1, RZ, R162, 0x8000, RZ, 0xc0, !PT","1","0","1","24576","786432","786432","32","32","0","-","-","-","0","0","0","0","0","0","0","0","0","0","0","0","0","0","0","0","0","1","0","0","0","0","0","0","0","0","0","0","0","0","0","0","0","0","0","0","0","0","0"
"0x7a6e0b9a6430","      LOP3.LUT P2, RZ, R162, 0x10000, RZ, 0xc0, !PT","0","0","0","24576","786432","786432","32","32","0","-","-","-","0","0","0","0","0","0","0","0","0","0","0","0","0","0","0","0","0","0","0","0","0","0","0","0","0","0","0","0","0","0","0","0","0","0","0","0","0","0","0"
"0x7a6e0b9a6440","      SEL R99, R31, 0xff800000, !P0","0","0","0","24576","786432","786432","32","32","0","-","-","-","0","0","0","0","0","0","0","0","0","0","0","0","0","0","0","0","0","0","0","0","0","0","0","0","0","0","0","0","0","0","0","0","0","0","0","0","0","0","0"
"0x7a6e0b9a6450","      SEL R95, R35, 0xff800000, !P1","1","0","1","24576","786432","786432","32","32","0","-","-","-","0","0","0","0","0","0","0","0","0","0","0","0","0","0","0","0","0","0","0","0","0","1","0","0","0","0","0","0","0","0","0","0","0","0","0","0","0","0","0"
"0x7a6e0b9a6460","      SEL R92, R36, 0xff800000, !P2","0","0","0","24576","786432","786432","32","32","0","-","-","-","0","0","0","0","0","0","0","0","0","0","0","0","0","0","0","0","0","0","0","0","0","0","0","0","0","0","0","0","0","0","0","0","0","0","0","0","0","0","0"
"0x7a6e0b9a6470","      LOP3.LUT P0, RZ, R162, 0x4000, RZ, 0xc0, !PT","0","0","0","24576","786432","786432","32","32","0","-","-","-","0","0","0","0","0","0","0","0","0","0","0","0","0","0","0","0","0","0","0","0","0","0","0","0","0","0","0","0","0","0","0","0","0","0","0","0","0","0","0"
"0x7a6e0b9a6480","      LOP3.LUT P1, RZ, R162, 0x40000, RZ, 0xc0, !PT","0","0","0","24576","786432","786432","32","32","0","-","-","-","0","0","0","0","0","0","0","0","0","0","0","0","0","0","0","0","0","0","0","0","0","0","0","0","0","0","0","0","0","0","0","0","0","0","0","0","0","0","0"
"0x7a6e0b9a6490","      LOP3.LUT P2, RZ, R162, 0x80000, RZ, 0xc0, !PT","0","0","0","24576","786432","786432","32","32","0","-","-","-","0","0","0","0","0","0","0","0","0","0","0","0","0","0","0","0","0","0","0","0","0","0","0","0","0","0","0","0","0","0","0","0","0","0","0","0","0","0","0"
"0x7a6e0b9a64a0","      SEL R94, R34, 0xff800000, !P0","1","0","1","24576","786432","786432","32","32","0","-","-","-","0","0","0","0","0","0","0","0","0","0","0","0","0","0","0","0","0","1","0","0","0","0","0","0","0","0","0","0","0","0","0","0","0","0","0","0","0","0","0"
"0x7a6e0b9a64b0","      SEL R90, R38, 0xff800000, !P1","0","0","0","24576","786432","786432","32","32","0","-","-","-","0","0","0","0","0","0","0","0","0","0","0","0","0","0","0","0","0","0","0","0","0","0","0","0","0","0","0","0","0","0","0","0","0","0","0","0","0","0","0"
"0x7a6e0b9a64c0","      SEL R91, R39, 0xff800000, !P2","0","0","0","24576","786432","786432","32","32","0","-","-","-","0","0","0","0","0","0","0","0","0","0","0","0","0","0","0","0","0","0","0","0","0","0","0","0","0","0","0","0","0","0","0","0","0","0","0","0","0","0","0"
"0x7a6e0b9a64d0","      LOP3.LUT P0, RZ, R162, 0x20000, RZ, 0xc0, !PT","0","0","0","24576","786432","786432","32","32","0","-","-","-","0","0","0","0","0","0","0","0","0","0","0","0","0","0","0","0","0","0","0","0","0","0","0","0","0","0","0","0","0","0","0","0","0","0","0","0","0","0","0"
"0x7a6e0b9a64e0","      LOP3.LUT P1, RZ, R162, 0x100000, RZ, 0xc0, !PT","1","1","1","24576","786432","786432","32","32","0","-","-","-","0","0","0","0","0","0","0","0","0","0","0","0","0","0","0","0","0","0","0","0","0","1","0","0","0","0","0","0","0","0","0","0","0","0","0","0","0","0","1"
"0x7a6e0b9a64f0","      LOP3.LUT P2, RZ, R162, 0x200000, RZ, 0xc0, !PT","2","1","2","24576","786432","786432","32","32","0","-","-","-","0","0","0","0","0","0","0","0","0","0","0","0","0","0","0","0","0","1","0","0","0","1","0","0","0","0","0","0","0","0","0","0","0","0","0","0","0","0","1"
"0x7a6e0b9a6500","      R2UR UR4, R137","1","0","1","24576","786432","786432","32","32","0","-","-","-","0","0","0","0","0","0","0","0","0","0","0","0","0","0","0","0","0","1","0","0","0","0","0","0","0","0","0","0","0","0","0","0","0","0","0","0","0","0","0"
"0x7a6e0b9a6510","      SEL R93, R37, 0xff800000, !P0","0","0","0","24576","786432","786432","32","32","0","-","-","-","0","0","0","0","0","0","0","0","0","0","0","0","0","0","0","0","0","0","0","0","0","0","0","0","0","0","0","0","0","0","0","0","0","0","0","0","0","0","0"
"0x7a6e0b9a6520","      SEL R88, R40, 0xff800000, !P1","1","1","1","24576","786432","786432","32","32","0","-","-","-","0","0","0","0","0","0","0","0","0","0","0","0","0","0","0","0","0","0","0","0","0","1","0","0","0","0","0","0","0","0","0","0","0","0","0","0","0","0","1"
"0x7a6e0b9a6530","      SEL R89, R41, 0xff800000, !P2","2","1","2","24576","786432","786432","32","32","0","-","-","-","0","0","0","0","0","0","0","0","0","0","0","0","0","0","0","0","0","1","0","0","0","1","0","0","0","0","0","0","0","0","0","0","0","0","0","0","0","0","1"
"0x7a6e0b9a6540","      LOP3.LUT P0, RZ, R161, 0x1, RZ, 0xc0, !PT","0","0","0","24576","786432","786432","32","32","0","-","-","-","0","0","0","0","0","0","0","0","0","0","0","0","0","0","0","0","0","0","0","0","0","0","0","0","0","0","0","0","0","0","0","0","0","0","0","0","0","0","0"
"0x7a6e0b9a6550","      LOP3.LUT P1, RZ, R162, 0x400000, RZ, 0xc0, !PT","0","0","0","24576","786432","786432","32","32","0","-","-","-","0","0","0","0","0","0","0","0","0","0","0","0","0","0","0","0","0","0","0","0","0","0","0","0","0","0","0","0","0","0","0","0","0","0","0","0","0","0","0"
"0x7a6e0b9a6560","      LOP3.LUT P2, RZ, R162, 0x800000, RZ, 0xc0, !PT","0","0","0","24576","786432","786432","32","32","0","-","-","-","0","0","0","0","0","0","0","0","0","0","0","0","0","0","0","0","0","0","0","0","0","0","0","0","0","0","0","0","0","0","0","0","0","0","0","0","0","0","0"
"0x7a6e0b9a6570","      SEL R86, R42, 0xff800000, !P1","2","2","2","24576","786432","786432","32","32","0","-","-","-","0","0","0","0","0","0","0","0","0","0","0","0","0","0","0","0","0","0","0","0","0","2","0","0","0","0","0","0","0","0","0","0","0","0","0","0","0","0","2"
"0x7a6e0b9a6580","      SEL R87, R43, 0xff800000, !P2","1","0","1","24576","786432","786432","32","32","0","-","-","-","0","0","0","0","0","0","0","0","0","0","0","0","0","0","0","0","0","1","0","0","0","0","0","0","0","0","0","0","0","0","0","0","0","0","0","0","0","0","0"
"0x7a6e0b9a6590","      SEL R84, R44, 0xff800000, !P0","1","1","1","24576","786432","786432","32","32","0","-","-","-","0","0","0","0","0","0","0","0","0","0","0","0","0","0","0","0","0","0","0","0","0","1","0","0","0","0","0","0","0","0","0","0","0","0","0","0","0","0","1"
"0x7a6e0b9a65a0","      LOP3.LUT P1, RZ, R161, 0x2, RZ, 0xc0, !PT","0","0","0","24576","786432","786432","32","32","0","-","-","-","0","0","0","0","0","0","0","0","0","0","0","0","0","0","0","0","0","0","0","0","0","0","0","0","0","0","0","0","0","0","0","0","0","0","0","0","0","0","0"
"0x7a6e0b9a65b0","      LOP3.LUT P2, RZ, R161, 0x4, RZ, 0xc0, !PT","1","1","1","24576","786432","786432","32","32","0","-","-","-","0","0","0","0","0","0","0","0","0","0","0","0","0","0","0","0","0","0","0","0","0","1","0","0","0","0","0","0","0","0","0","0","0","0","0","0","0","0","1"
"0x7a6e0b9a65c0","      LOP3.LUT P0, RZ, R161, 0x8, RZ, 0xc0, !PT","2","0","2","24576","786432","786432","32","32","0","-","-","-","0","0","0","0","0","0","0","0","0","0","0","0","0","0","0","0","1","1","0","0","0","0","0","0","0","0","0","0","0","0","0","0","0","0","0","0","0","0","0"
"0x7a6e0b9a65d0","      SEL R85, R45, 0xff800000, !P1","1","0","1","24576","786432","786432","32","32","0","-","-","-","0","0","0","0","0","0","0","0","0","0","0","0","0","0","0","0","0","1","0","0","0","0","0","0","0","0","0","0","0","0","0","0","0","0","0","0","0","0","0"
"0x7a6e0b9a65e0","      SEL R82, R46, 0xff800000, !P2","0","0","0","24576","786432","786432","32","32","0","-","-","-","0","0","0","0","0","0","0","0","0","0","0","0","0","0","0","0","0","0","0","0","0","0","0","0","0","0","0","0","0","0","0","0","0","0","0","0","0","0","0"
"0x7a6e0b9a65f0","      SEL R83, R47, 0xff800000, !P0","1","0","1","24576","786432","786432","32","32","0","-","-","-","0","0","0","0","0","0","0","0","0","0","0","0","0","0","0","0","0","0","0","0","0","1","0","0","0","0","0","0","0","0","0","0","0","0","0","0","0","0","0"
"0x7a6e0b9a6600","      LDTM.x32 R16, tmem[UR4]","0","0","0","24576","786432","786432","32","32","0","Tmem","Load","-","0","0","0","0","0","0","0","0","0","0","0","0","0","0","0","0","0","0","0","0","0","0","0","0","0","0","0","0","0","0","0","0","0","0","0","0","0","0","0"
"0x7a6e0b9a6610","      LOP3.LUT P1, RZ, R161, 0x10, RZ, 0xc0, !PT","1","0","1","24576","786432","786432","32","32","0","-","-","-","0","0","0","0","0","0","0","0","0","0","0","0","0","0","0","0","0","1","0","0","0","0","0","0","0","0","0","0","0","0","0","0","0","0","0","0","0","0","0"
"0x7a6e0b9a6620","      LOP3.LUT P2, RZ, R161, 0x40, RZ, 0xc0, !PT","0","0","0","24576","786432","786432","32","32","0","-","-","-","0","0","0","0","0","0","0","0","0","0","0","0","0","0","0","0","0","0","0","0","0","0","0","0","0","0","0","0","0","0","0","0","0","0","0","0","0","0","0"
"0x7a6e0b9a6630","      SEL R80, R48, 0xff800000, !P1","1","0","1","24576","786432","786432","32","32","0","-","-","-","0","0","0","0","0","0","0","0","0","0","0","0","0","0","0","0","0","1","0","0","0","0","0","0","0","0","0","0","0","0","0","0","0","0","0","0","0","0","0"
"0x7a6e0b9a6640","      LOP3.LUT P0, RZ, R161, 0x20, RZ, 0xc0, !PT","1","0","1","24576","786432","786432","32","32","0","-","-","-","0","0","0","0","0","0","0","0","0","0","0","0","0","0","0","0","0","1","0","0","0","0","0","0","0","0","0","0","0","0","0","0","0","0","0","0","0","0","0"
"0x7a6e0b9a6650","      LOP3.LUT P1, RZ, R161, 0x80, RZ, 0xc0, !PT","0","0","0","24576","786432","786432","32","32","0","-","-","-","0","0","0","0","0","0","0","0","0","0","0","0","0","0","0","0","0","0","0","0","0","0","0","0","0","0","0","0","0","0","0","0","0","0","0","0","0","0","0"
"0x7a6e0b9a6660","      SEL R81, R49, 0xff800000, !P0","0","0","0","24576","786432","786432","32","32","0","-","-","-","0","0","0","0","0","0","0","0","0","0","0","0","0","0","0","0","0","0","0","0","0","0","0","0","0","0","0","0","0","0","0","0","0","0","0","0","0","0","0"
"0x7a6e0b9a6670","      SEL R78, R50, 0xff800000, !P2","1","0","1","24576","786432","786432","32","32","0","-","-","-","0","0","0","0","0","0","0","0","0","0","0","0","0","0","0","0","0","1","0","0","0","0","0","0","0","0","0","0","0","0","0","0","0","0","0","0","0","0","0"
"0x7a6e0b9a6680","      SEL R79, R51, 0xff800000, !P1","1","0","1","24576","786432","786432","32","32","0","-","-","-","0","0","0","0","0","0","0","0","0","0","0","0","0","0","0","0","0","1","0","0","0","0","0","0","0","0","0","0","0","0","0","0","0","0","0","0","0","0","0"
"0x7a6e0b9a6690","      LOP3.LUT P0, RZ, R161, 0x100, RZ, 0xc0, !PT","0","0","0","24576","786432","786432","32","32","0","-","-","-","0","0","0","0","0","0","0","0","0","0","0","0","0","0","0","0","0","0","0","0","0","0","0","0","0","0","0","0","0","0","0","0","0","0","0","0","0","0","0"
"0x7a6e0b9a66a0","      LOP3.LUT P2, RZ, R161, 0x200, RZ, 0xc0, !PT","0","0","0","24576","786432","786432","32","32","0","-","-","-","0","0","0","0","0","0","0","0","0","0","0","0","0","0","0","0","0","0","0","0","0","0","0","0","0","0","0","0","0","0","0","0","0","0","0","0","0","0","0"
"0x7a6e0b9a66b0","      LOP3.LUT P1, RZ, R161, 0x400, RZ, 0xc0, !PT","1","0","1","24576","786432","786432","32","32","0","-","-","-","0","0","0","0","0","0","0","0","0","0","0","0","0","0","0","0","0","1","0","0","0","0","0","0","0","0","0","0","0","0","0","0","0","0","0","0","0","0","0"
"0x7a6e0b9a66c0","      SEL R76, R52, 0xff800000, !P0","3","0","3","24576","786432","786432","32","32","0","-","-","-","0","0","0","0","0","0","0","0","0","0","0","0","0","0","0","0","0","2","0","0","0","1","0","0","0","0","0","0","0","0","0","0","0","0","0","0","0","0","0"
"0x7a6e0b9a66d0","      SEL R77, R53, 0xff800000, !P2","0","0","0","24576","786432","786432","32","32","0","-","-","-","0","0","0","0","0","0","0","0","0","0","0","0","0","0","0","0","0","0","0","0","0","0","0","0","0","0","0","0","0","0","0","0","0","0","0","0","0","0","0"
"0x7a6e0b9a66e0","      SEL R74, R54, 0xff800000, !P1","1","0","1","24576","786432","786432","32","32","0","-","-","-","0","0","0","0","0","0","0","0","0","0","0","0","0","0","0","0","0","1","0","0","0","0","0","0","0","0","0","0","0","0","0","0","0","0","0","0","0","0","0"
"0x7a6e0b9a66f0","      LOP3.LUT P0, RZ, R161, 0x1000, RZ, 0xc0, !PT","0","0","0","24576","786432","786432","32","32","0","-","-","-","0","0","0","0","0","0","0","0","0","0","0","0","0","0","0","0","0","0","0","0","0","0","0","0","0","0","0","0","0","0","0","0","0","0","0","0","0","0","0"
"0x7a6e0b9a6700","      LOP3.LUT P1, RZ, R161, 0x20000, RZ, 0xc0, !PT","0","0","0","24576","786432","786432","32","32","0","-","-","-","0","0","0","0","0","0","0","0","0","0","0","0","0","0","0","0","0","0","0","0","0","0","0","0","0","0","0","0","0","0","0","0","0","0","0","0","0","0","0"
"0x7a6e0b9a6710","      LOP3.LUT P2, RZ, R161, 0x40000, RZ, 0xc0, !PT","0","0","0","24576","786432","786432","32","32","0","-","-","-","0","0","0","0","0","0","0","0","0","0","0","0","0","0","0","0","0","0","0","0","0","0","0","0","0","0","0","0","0","0","0","0","0","0","0","0","0","0","0"
"0x7a6e0b9a6720","      SEL R105, R69, 0xff800000, !P4","0","0","0","24576","786432","786432","32","32","0","-","-","-","0","0","0","0","0","0","0","0","0","0","0","0","0","0","0","0","0","0","0","0","0","0","0","0","0","0","0","0","0","0","0","0","0","0","0","0","0","0","0"
"0x7a6e0b9a6730","      SEL R72, R56, 0xff800000, !P0","1","0","1","24576","786432","786432","32","32","0","-","-","-","0","0","0","0","0","0","0","0","0","0","0","0","0","0","0","0","0","1","0","0","0","0","0","0","0","0","0","0","0","0","0","0","0","0","0","0","0","0","0"
"0x7a6e0b9a6740","      SEL R69, R17, 0xff800000, !P1","1","1","1","24576","786432","786432","32","32","0","-","-","-","0","0","0","0","0","0","0","0","0","0","0","0","0","0","0","0","0","0","0","0","0","1","0","0","0","0","0","0","0","0","0","0","0","0","0","0","0","0","1"
"0x7a6e0b9a6750","      SEL R66, R18, 0xff800000, !P2","2","1","2","24576","786432","786432","32","32","0","-","-","-","0","0","0","0","0","0","0","0","0","0","0","0","0","0","0","0","0","1","0","0","0","1","0","0","0","0","0","0","0","0","0","0","0","0","0","0","0","0","1"
"0x7a6e0b9a6760","      LOP3.LUT P0, RZ, R161, 0x10000, RZ, 0xc0, !PT","2","0","2","24576","786432","786432","32","32","0","-","-","-","0","0","0","0","0","0","0","0","0","0","0","0","0","0","0","0","0","2","0","0","0","0","0","0","0","0","0","0","0","0","0","0","0","0","0","0","0","0","0"
"0x7a6e0b9a6770","      LOP3.LUT P1, RZ, R161, 0x100000, RZ, 0xc0, !PT","2","0","2","24576","786432","786432","32","32","0","-","-","-","0","0","0","0","0","0","0","0","0","0","0","0","0","0","0","0","0","2","0","0","0","0","0","0","0","0","0","0","0","0","0","0","0","0","0","0","0","0","0"
"0x7a6e0b9a6780","      LOP3.LUT P2, RZ, R161, 0x200000, RZ, 0xc0, !PT","0","0","0","24576","786432","786432","32","32","0","-","-","-","0","0","0","0","0","0","0","0","0","0","0","0","0","0","0","0","0","0","0","0","0","0","0","0","0","0","0","0","0","0","0","0","0","0","0","0","0","0","0"
"0x7a6e0b9a6790","      SEL R68, R16, 0xff800000, !P0","0","0","0","24576","786432","786432","32","32","0","-","-","-","0","0","0","0","0","0","0","0","0","0","0","0","0","0","0","0","0","0","0","0","0","0","0","0","0","0","0","0","0","0","0","0","0","0","0","0","0","0","0"
"0x7a6e0b9a67a0","      SEL R64, R20, 0xff800000, !P1","0","0","0","24576","786432","786432","32","32","0","-","-","-","0","0","0","0","0","0","0","0","0","0","0","0","0","0","0","0","0","0","0","0","0","0","0","0","0","0","0","0","0","0","0","0","0","0","0","0","0","0","0"
"0x7a6e0b9a67b0","      SEL R65, R21, 0xff800000, !P2","0","0","0","24576","786432","786432","32","32","0","-","-","-","0","0","0","0","0","0","0","0","0","0","0","0","0","0","0","0","0","0","0","0","0","0","0","0","0","0","0","0","0","0","0","0","0","0","0","0","0","0","0"
"0x7a6e0b9a67c0","      LOP3.LUT P0, RZ, R161, 0x80000, RZ, 0xc0, !PT","1","0","1","24576","786432","786432","32","32","0","-","-","-","0","0","0","0","0","0","0","0","0","0","0","0","0","0","0","0","0","1","0","0","0","0","0","0","0","0","0","0","0","0","0","0","0","0","0","0","0","0","0"
"0x7a6e0b9a67d0","      LOP3.LUT P1, RZ, R161, 0x800000, RZ, 0xc0, !PT","0","0","0","24576","786432","786432","32","32","0","-","-","-","0","0","0","0","0","0","0","0","0","0","0","0","0","0","0","0","0","0","0","0","0","0","0","0","0","0","0","0","0","0","0","0","0","0","0","0","0","0","0"
"0x7a6e0b9a67e0","      LOP3.LUT P2, RZ, R160, 0x1, RZ, 0xc0, !PT","0","0","0","24576","786432","786432","32","32","0","-","-","-","0","0","0","0","0","0","0","0","0","0","0","0","0","0","0","0","0","0","0","0","0","0","0","0","0","0","0","0","0","0","0","0","0","0","0","0","0","0","0"
"0x7a6e0b9a67f0","      SEL R107, R67, 0xff800000, !P3","1","1","1","24576","786432","786432","32","32","0","-","-","-","0","0","0","0","0","0","0","0","0","0","0","0","0","0","0","0","0","0","0","0","0","1","0","0","0","0","0","0","0","0","0","0","0","0","0","0","0","0","1"
"0x7a6e0b9a6800","      SEL R102, R70, 0xff800000, !P5","0","0","0","24576","786432","786432","32","32","0","-","-","-","0","0","0","0","0","0","0","0","0","0","0","0","0","0","0","0","0","0","0","0","0","0","0","0","0","0","0","0","0","0","0","0","0","0","0","0","0","0","0"
"0x7a6e0b9a6810","      SEL R103, R71, 0xff800000, !P6","2","2","2","24576","786432","786432","32","32","0","-","-","-","0","0","0","0","0","0","0","0","0","0","0","0","0","0","0","0","0","0","0","0","0","2","0","0","0","0","0","0","0","0","0","0","0","0","0","0","0","0","2"
"0x7a6e0b9a6820","      LOP3.LUT P6, RZ, R161, 0x8000, RZ, 0xc0, !PT","0","0","0","24576","786432","786432","32","32","0","-","-","-","0","0","0","0","0","0","0","0","0","0","0","0","0","0","0","0","0","0","0","0","0","0","0","0","0","0","0","0","0","0","0","0","0","0","0","0","0","0","0"
"0x7a6e0b9a6830","      LOP3.LUT P5, RZ, R161, 0x4000, RZ, 0xc0, !PT","2","1","2","24576","786432","786432","32","32","0","-","-","-","0","0","0","0","0","0","0","0","0","0","0","0","0","0","0","0","0","0","0","0","0","2","0","0","0","0","0","0","0","0","0","0","0","0","0","0","0","0","1"
"0x7a6e0b9a6840","      SEL R67, R19, 0xff800000, !P0","0","0","0","24576","786432","786432","32","32","0","-","-","-","0","0","0","0","0","0","0","0","0","0","0","0","0","0","0","0","0","0","0","0","0","0","0","0","0","0","0","0","0","0","0","0","0","0","0","0","0","0","0"
"0x7a6e0b9a6850","      SEL R63, R23, 0xff800000, !P1","0","0","0","24576","786432","786432","32","32","0","-","-","-","0","0","0","0","0","0","0","0","0","0","0","0","0","0","0","0","0","0","0","0","0","0","0","0","0","0","0","0","0","0","0","0","0","0","0","0","0","0","0"
"0x7a6e0b9a6860","      SEL R60, R24, 0xff800000, !P2","0","0","0","24576","786432","786432","32","32","0","-","-","-","0","0","0","0","0","0","0","0","0","0","0","0","0","0","0","0","0","0","0","0","0","0","0","0","0","0","0","0","0","0","0","0","0","0","0","0","0","0","0"
"0x7a6e0b9a6870","      LOP3.LUT P0, RZ, R161, 0x400000, RZ, 0xc0, !PT","1","0","1","24576","786432","786432","32","32","0","-","-","-","0","0","0","0","0","0","0","0","0","0","0","0","0","0","0","0","0","1","0","0","0","0","0","0","0","0","0","0","0","0","0","0","0","0","0","0","0","0","0"
"0x7a6e0b9a6880","      LOP3.LUT P1, RZ, R160, 0x4, RZ, 0xc0, !PT","1","0","1","24576","786432","786432","32","32","0","-","-","-","0","0","0","0","0","0","0","0","0","0","0","0","0","0","0","1","0","0","0","0","0","0","0","0","0","0","0","0","0","0","0","0","0","0","0","0","0","0","0"
"0x7a6e0b9a6890","      LOP3.LUT P2, RZ, R160, 0x8, RZ, 0xc0, !PT","0","0","0","24576","786432","786432","32","32","0","-","-","-","0","0","0","0","0","0","0","0","0","0","0","0","0","0","0","0","0","0","0","0","0","0","0","0","0","0","0","0","0","0","0","0","0","0","0","0","0","0","0"
"0x7a6e0b9a68a0","      SEL R70, R58, 0xff800000, !P5","1","0","1","24576","786432","786432","32","32","0","-","-","-","0","0","0","0","0","0","0","0","0","0","0","0","0","0","0","0","0","1","0","0","0","0","0","0","0","0","0","0","0","0","0","0","0","0","0","0","0","0","0"
"0x7a6e0b9a68b0","      SEL R71, R59, 0xff800000, !P6","0","0","0","24576","786432","786432","32","32","0","-","-","-","0","0","0","0","0","0","0","0","0","0","0","0","0","0","0","0","0","0","0","0","0","0","0","0","0","0","0","0","0","0","0","0","0","0","0","0","0","0","0"
"0x7a6e0b9a68c0","      LOP3.LUT P4, RZ, R161, 0x2000, RZ, 0xc0, !PT","0","0","0","24576","786432","786432","32","32","0","-","-","-","0","0","0","0","0","0","0","0","0","0","0","0","0","0","0","0","0","0","0","0","0","0","0","0","0","0","0","0","0","0","0","0","0","0","0","0","0","0","0"
"0x7a6e0b9a68d0","      SEL R62, R22, 0xff800000, !P0","2","0","2","24576","786432","786432","32","32","0","-","-","-","0","0","0","0","0","0","0","0","0","0","0","0","0","0","0","0","0","2","0","0","0","0","0","0","0","0","0","0","0","0","0","0","0","0","0","0","0","0","0"
"0x7a6e0b9a68e0","      SEL R58, R26, 0xff800000, !P1","0","0","0","24576","786432","786432","32","32","0","-","-","-","0","0","0","0","0","0","0","0","0","0","0","0","0","0","0","0","0","0","0","0","0","0","0","0","0","0","0","0","0","0","0","0","0","0","0","0","0","0","0"
"0x7a6e0b9a68f0","      SEL R59, R27, 0xff800000, !P2","1","0","1","24576","786432","786432","32","32","0","-","-","-","0","0","0","0","0","0","0","0","0","0","0","0","0","0","0","0","0","1","0","0","0","0","0","0","0","0","0","0","0","0","0","0","0","0","0","0","0","0","0"
"0x7a6e0b9a6900","      LOP3.LUT P0, RZ, R160, 0x2, RZ, 0xc0, !PT","1","1","1","24576","786432","786432","32","32","0","-","-","-","0","0","0","0","0","0","0","0","0","0","0","0","0","0","0","1","0","0","0","0","0","0","0","0","0","0","0","0","0","0","0","0","1","0","0","0","0","0","0"
"0x7a6e0b9a6910","      LOP3.LUT P1, RZ, R160, 0x10, RZ, 0xc0, !PT","0","0","0","24576","786432","786432","32","32","0","-","-","-","0","0","0","0","0","0","0","0","0","0","0","0","0","0","0","0","0","0","0","0","0","0","0","0","0","0","0","0","0","0","0","0","0","0","0","0","0","0","0"
"0x7a6e0b9a6920","      LOP3.LUT P2, RZ, R160, 0x20, RZ, 0xc0, !PT","2","0","2","24576","786432","786432","32","32","0","-","-","-","0","0","0","0","0","0","0","0","0","0","0","0","0","0","0","0","0","2","0","0","0","0","0","0","0","0","0","0","0","0","0","0","0","0","0","0","0","0","0"
"0x7a6e0b9a6930","      R2UR UR4, R135","1","0","1","24576","786432","786432","32","32","0","-","-","-","0","0","0","0","0","0","0","0","0","0","0","0","0","0","0","0","0","1","0","0","0","0","0","0","0","0","0","0","0","0","0","0","0","0","0","0","0","0","0"
"0x7a6e0b9a6940","      SEL R73, R57, 0xff800000, !P4","0","0","0","24576","786432","786432","32","32","0","-","-","-","0","0","0","0","0","0","0","0","0","0","0","0","0","0","0","0","0","0","0","0","0","0","0","0","0","0","0","0","0","0","0","0","0","0","0","0","0","0","0"
"0x7a6e0b9a6950","      LOP3.LUT P3, RZ, R161, 0x800, RZ, 0xc0, !PT","0","0","0","24576","786432","786432","32","32","0","-","-","-","0","0","0","0","0","0","0","0","0","0","0","0","0","0","0","0","0","0","0","0","0","0","0","0","0","0","0","0","0","0","0","0","0","0","0","0","0","0","0"
"0x7a6e0b9a6960","      SEL R61, R25, 0xff800000, !P0","0","0","0","24576","786432","786432","32","32","0","-","-","-","0","0","0","0","0","0","0","0","0","0","0","0","0","0","0","0","0","0","0","0","0","0","0","0","0","0","0","0","0","0","0","0","0","0","0","0","0","0","0"
"0x7a6e0b9a6970","      SEL R56, R28, 0xff800000, !P1","1","1","1","24576","786432","786432","32","32","0","-","-","-","0","0","0","0","0","0","0","0","0","0","0","0","0","0","0","0","0","0","0","0","0","1","0","0","0","0","0","0","0","0","0","0","0","0","0","0","0","0","1"
"0x7a6e0b9a6980","      SEL R57, R29, 0xff800000, !P2","2","1","2","24576","786432","786432","32","32","0","-","-","-","0","0","0","0","0","0","0","0","0","0","0","0","0","0","0","0","0","1","0","0","0","1","0","0","0","0","0","0","0","0","0","0","0","0","0","0","0","0","1"
"0x7a6e0b9a6990","      LOP3.LUT P0, RZ, R160, 0x100, RZ, 0xc0, !PT","1","0","1","24576","786432","786432","32","32","0","-","-","-","0","0","0","0","0","0","0","0","0","0","0","0","0","0","0","0","0","1","0","0","0","0","0","0","0","0","0","0","0","0","0","0","0","0","0","0","0","0","0"
"0x7a6e0b9a69a0","      LOP3.LUT P1, RZ, R160, 0x40, RZ, 0xc0, !PT","1","1","1","24576","786432","786432","32","32","0","-","-","-","0","0","0","0","0","0","0","0","0","0","0","0","0","0","0","0","0","0","0","0","0","1","0","0","0","0","0","0","0","0","0","0","0","0","0","0","0","0","1"
"0x7a6e0b9a69b0","      LOP3.LUT P2, RZ, R160, 0x80, RZ, 0xc0, !PT","2","1","2","24576","786432","786432","32","32","0","-","-","-","0","0","0","0","0","0","0","0","0","0","0","0","0","0","0","0","0","1","0","0","0","1","0","0","0","0","0","0","0","0","0","0","0","0","0","0","0","0","1"
"0x7a6e0b9a69c0","      SEL R75, R55, 0xff800000, !P3","0","0","0","24576","786432","786432","32","32","0","-","-","-","0","0","0","0","0","0","0","0","0","0","0","0","0","0","0","0","0","0","0","0","0","0","0","0","0","0","0","0","0","0","0","0","0","0","0","0","0","0","0"
"0x7a6e0b9a69d0","      SEL R54, R30, 0xff800000, !P1","0","0","0","24576","786432","786432","32","32","0","-","-","-","0","0","0","0","0","0","0","0","0","0","0","0","0","0","0","0","0","0","0","0","0","0","0","0","0","0","0","0","0","0","0","0","0","0","0","0","0","0","0"
"0x7a6e0b9a69e0","      SEL R55, R31, 0xff800000, !P2","1","0","1","24576","786432","786432","32","32","0","-","-","-","0","0","0","0","0","0","0","0","0","0","0","0","0","0","0","0","0","1","0","0","0","0","0","0","0","0","0","0","0","0","0","0","0","0","0","0","0","0","0"
"0x7a6e0b9a69f0","      SEL R52, R32, 0xff800000, !P0","0","0","0","24576","786432","786432","32","32","0","-","-","-","0","0","0","0","0","0","0","0","0","0","0","0","0","0","0","0","0","0","0","0","0","0","0","0","0","0","0","0","0","0","0","0","0","0","0","0","0","0","0"
"0x7a6e0b9a6a00","      LOP3.LUT P1, RZ, R160, 0x200, RZ, 0xc0, !PT","2","0","2","24576","786432","786432","32","32","0","-","-","-","0","0","0","0","0","0","0","0","0","0","0","0","0","0","0","0","0","1","0","0","0","1","0","0","0","0","0","0","0","0","0","0","0","0","0","0","0","0","0"
"0x7a6e0b9a6a10","      LOP3.LUT P2, RZ, R160, 0x400, RZ, 0xc0, !PT","3","1","3","24576","786432","786432","32","32","0","-","-","-","0","0","0","0","0","0","0","0","0","0","0","0","0","0","0","0","0","2","0","0","0","1","0","0","0","0","0","0","0","0","0","0","0","0","0","0","0","0","1"
"0x7a6e0b9a6a20","      LOP3.LUT P0, RZ, R160, 0x800, RZ, 0xc0, !PT","0","0","0","24576","786432","786432","32","32","0","-","-","-","0","0","0","0","0","0","0","0","0","0","0","0","0","0","0","0","0","0","0","0","0","0","0","0","0","0","0","0","0","0","0","0","0","0","0","0","0","0","0"
"0x7a6e0b9a6a30","      SEL R53, R33, 0xff800000, !P1","1","0","1","24576","786432","786432","32","32","0","-","-","-","0","0","0","0","0","0","0","0","0","0","0","0","0","0","0","0","0","1","0","0","0","0","0","0","0","0","0","0","0","0","0","0","0","0","0","0","0","0","0"
"0x7a6e0b9a6a40","      SEL R50, R34, 0xff800000, !P2","1","0","1","24576","786432","786432","32","32","0","-","-","-","0","0","0","0","0","0","0","0","0","0","0","0","0","0","0","0","0","1","0","0","0","0","0","0","0","0","0","0","0","0","0","0","0","0","0","0","0","0","0"
"0x7a6e0b9a6a50","      SEL R51, R35, 0xff800000, !P0","0","0","0","24576","786432","786432","32","32","0","-","-","-","0","0","0","0","0","0","0","0","0","0","0","0","0","0","0","0","0","0","0","0","0","0","0","0","0","0","0","0","0","0","0","0","0","0","0","0","0","0","0"
"0x7a6e0b9a6a60","      LDTM.x32 R4, tmem[UR4]","0","0","0","24576","786432","786432","32","32","0","Tmem","Load","-","0","0","0","0","0","0","0","0","0","0","0","0","0","0","0","0","0","0","0","0","0","0","0","0","0","0","0","0","0","0","0","0","0","0","0","0","0","0","0"
"0x7a6e0b9a6a70","      LOP3.LUT P0, RZ, R160, 0x2000, RZ, 0xc0, !PT","0","0","0","24576","786432","786432","32","32","0","-","-","-","0","0","0","0","0","0","0","0","0","0","0","0","0","0","0","0","0","0","0","0","0","0","0","0","0","0","0","0","0","0","0","0","0","0","0","0","0","0","0"
"0x7a6e0b9a6a80","      LDCU UR4, c[0x0][0x5c0]","1","0","1","24576","786432","786432","32","32","0","-","-","-","0","0","0","0","0","0","0","0","0","0","0","0","0","0","0","0","0","1","0","0","0","0","0","0","0","0","0","0","0","0","0","0","0","0","0","0","0","0","0"
"0x7a6e0b9a6a90","      LOP3.LUT P1, RZ, R160, 0x1000, RZ, 0xc0, !PT","0","0","0","24576","786432","786432","32","32","0","-","-","-","0","0","0","0","0","0","0","0","0","0","0","0","0","0","0","0","0","0","0","0","0","0","0","0","0","0","0","0","0","0","0","0","0","0","0","0","0","0","0"
"0x7a6e0b9a6aa0","      NOP","1","0","1","24576","786432","786432","32","32","0","-","-","-","0","0","0","0","0","0","0","0","0","0","0","0","0","0","0","0","0","1","0","0","0","0","0","0","0","0","0","0","0","0","0","0","0","0","0","0","0","0","0"
"0x7a6e0b9a6ab0","      SEL R49, R37, 0xff800000, !P0","1","0","1","24576","786432","786432","32","32","0","-","-","-","0","0","0","0","0","0","0","0","0","0","0","0","0","0","0","0","0","1","0","0","0","0","0","0","0","0","0","0","0","0","0","0","0","0","0","0","0","0","0"
"0x7a6e0b9a6ac0","      LOP3.LUT P0, RZ, R160, 0x10000, RZ, 0xc0, !PT","0","0","0","24576","786432","786432","32","32","0","-","-","-","0","0","0","0","0","0","0","0","0","0","0","0","0","0","0","0","0","0","0","0","0","0","0","0","0","0","0","0","0","0","0","0","0","0","0","0","0","0","0"
"0x7a6e0b9a6ad0","      FMNMX R0, R132, R133, !PT","3","3","3","24576","786432","786432","32","32","0","-","-","-","0","0","0","0","0","0","0","0","0","0","0","0","0","0","0","0","0","0","0","0","0","3","0","0","0","0","0","0","0","0","0","0","0","0","0","0","0","0","3"
"0x7a6e0b9a6ae0","      SEL R40, R40, 0xff800000, !P0","1","0","1","24576","786432","786432","32","32","0","-","-","-","0","0","0","0","0","0","0","0","0","0","0","0","0","0","0","0","0","1","0","0","0","0","0","0","0","0","0","0","0","0","0","0","0","0","0","0","0","0","0"
"0x7a6e0b9a6af0","      LOP3.LUT P0, RZ, R160, 0x100000, RZ, 0xc0, !PT","1","0","1","24576","786432","786432","32","32","0","-","-","-","0","0","0","0","0","0","0","0","0","0","0","0","0","0","0","0","0","1","0","0","0","0","0","0","0","0","0","0","0","0","0","0","0","0","0","0","0","0","0"
"0x7a6e0b9a6b00","      FMNMX R2, R130, R131, !PT","1","1","1","24576","786432","786432","32","32","0","-","-","-","0","0","0","0","0","0","0","0","0","0","0","0","0","0","0","0","0","0","0","0","0","1","0","0","0","0","0","0","0","0","0","0","0","0","0","0","0","0","1"
"0x7a6e0b9a6b10","      SEL R44, R44, 0xff800000, !P0","1","1","1","24576","786432","786432","32","32","0","-","-","-","0","0","0","0","0","0","0","0","0","0","0","0","0","0","0","0","0","0","0","0","0","1","0","0","0","0","0","0","0","0","0","0","0","0","0","0","0","0","1"
"0x7a6e0b9a6b20","      LOP3.LUT P0, RZ, R159, 0x1, RZ, 0xc0, !PT","0","0","0","24576","786432","786432","32","32","0","-","-","-","0","0","0","0","0","0","0","0","0","0","0","0","0","0","0","0","0","0","0","0","0","0","0","0","0","0","0","0","0","0","0","0","0","0","0","0","0","0","0"
"0x7a6e0b9a6b30","      SEL R48, R36, 0xff800000, !P1","0","0","0","24576","786432","786432","32","32","0","-","-","-","0","0","0","0","0","0","0","0","0","0","0","0","0","0","0","0","0","0","0","0","0","0","0","0","0","0","0","0","0","0","0","0","0","0","0","0","0","0","0"
"0x7a6e0b9a6b40","      LOP3.LUT P2, RZ, R160, 0x4000, RZ, 0xc0, !PT","0","0","0","24576","786432","786432","32","32","0","-","-","-","0","0","0","0","0","0","0","0","0","0","0","0","0","0","0","0","0","0","0","0","0","0","0","0","0","0","0","0","0","0","0","0","0","0","0","0","0","0","0"
"0x7a6e0b9a6b50","      LOP3.LUT P1, RZ, R160, 0x8000, RZ, 0xc0, !PT","0","0","0","24576","786432","786432","32","32","0","-","-","-","0","0","0","0","0","0","0","0","0","0","0","0","0","0","0","0","0","0","0","0","0","0","0","0","0","0","0","0","0","0","0","0","0","0","0","0","0","0","0"
"0x7a6e0b9a6b60","      SEL R36, R4, 0xff800000, !P0","3","2","3","24576","786432","786432","32","32","0","-","-","-","0","0","0","0","0","0","0","0","0","0","0","0","0","0","0","0","0","1","2","0","0","0","0","0","0","0","0","0","0","0","0","0","0","0","0","2","0","0","0"
"0x7a6e0b9a6b70","      FMNMX3 R0, R0, R124, R125, !PT","0","0","0","24576","786432","786432","32","32","0","-","-","-","0","0","0","0","0","0","0","0","0","0","0","0","0","0","0","0","0","0","0","0","0","0","0","0","0","0","0","0","0","0","0","0","0","0","0","0","0","0","0"
"0x7a6e0b9a6b80","      FMNMX3 R2, R2, R122, R123, !PT","2","1","2","24576","786432","786432","32","32","0","-","-","-","0","0","0","0","0","0","0","0","0","0","0","0","0","0","0","1","0","1","0","0","0","0","0","0","0","0","0","0","0","0","0","0","1","0","0","0","0","0","0"
"0x7a6e0b9a6b90","      FMNMX R3, R128, R129, !PT","1","0","1","24576","786432","786432","32","32","0","-","-","-","0","0","0","0","0","0","0","0","0","0","0","0","0","0","0","0","0","0","0","0","0","1","0","0","0","0","0","0","0","0","0","0","0","0","0","0","0","0","0"
"0x7a6e0b9a6ba0","      FMNMX R4, R126, R127, !PT","0","0","0","24576","786432","786432","32","32","0","-","-","-","0","0","0","0","0","0","0","0","0","0","0","0","0","0","0","0","0","0","0","0","0","0","0","0","0","0","0","0","0","0","0","0","0","0","0","0","0","0","0"
"0x7a6e0b9a6bb0","      SEL R38, R38, 0xff800000, !P2","1","0","1","24576","786432","786432","32","32","0","-","-","-","0","0","0","0","0","0","0","0","0","0","0","0","0","0","0","0","0","1","0","0","0","0","0","0","0","0","0","0","0","0","0","0","0","0","0","0","0","0","0"
"0x7a6e0b9a6bc0","      SEL R39, R39, 0xff800000, !P1","3","1","3","24576","786432","786432","32","32","0","-","-","-","0","0","0","0","0","0","0","0","0","0","0","0","0","0","0","0","0","1","0","0","0","2","0","0","0","0","0","0","0","0","0","0","0","0","0","0","0","0","1"
"0x7a6e0b9a6bd0","      LOP3.LUT P2, RZ, R160, 0x20000, RZ, 0xc0, !PT","1","1","1","24576","786432","786432","32","32","0","-","-","-","0","0","0","0","0","0","0","0","0","0","0","0","0","0","0","0","0","0","0","0","0","1","0","0","0","0","0","0","0","0","0","0","0","0","0","0","0","0","1"
"0x7a6e0b9a6be0","      LOP3.LUT P1, RZ, R160, 0x40000, RZ, 0xc0, !PT","1","0","1","24576","786432","786432","32","32","0","-","-","-","0","0","0","0","0","0","0","0","0","0","0","0","0","0","0","0","0","1","0","0","0","0","0","0","0","0","0","0","0","0","0","0","0","0","0","0","0","0","0"
"0x7a6e0b9a6bf0","      FMNMX3 R0, R0, R116, R117, !PT","0","0","0","24576","786432","786432","32","32","0","-","-","-","0","0","0","0","0","0","0","0","0","0","0","0","0","0","0","0","0","0","0","0","0","0","0","0","0","0","0","0","0","0","0","0","0","0","0","0","0","0","0"
"0x7a6e0b9a6c00","      FMNMX3 R2, R2, R114, R115, !PT","0","0","0","24576","786432","786432","32","32","0","-","-","-","0","0","0","0","0","0","0","0","0","0","0","0","0","0","0","0","0","0","0","0","0","0","0","0","0","0","0","0","0","0","0","0","0","0","0","0","0","0","0"
"0x7a6e0b9a6c10","      FMNMX3 R3, R3, R120, R121, !PT","0","0","0","24576","786432","786432","32","32","0","-","-","-","0","0","0","0","0","0","0","0","0","0","0","0","0","0","0","0","0","0","0","0","0","0","0","0","0","0","0","0","0","0","0","0","0","0","0","0","0","0","0"
"0x7a6e0b9a6c20","      FMNMX3 R4, R4, R118, R119, !PT","1","1","1","24576","786432","786432","32","32","0","-","-","-","0","0","0","0","0","0","0","0","0","0","0","0","0","0","0","0","0","0","0","0","0","1","0","0","0","0","0","0","0","0","0","0","0","0","0","0","0","0","1"
"0x7a6e0b9a6c30","      SEL R41, R41, 0xff800000, !P2","2","1","2","24576","786432","786432","32","32","0","-","-","-","0","0","0","0","0","0","0","0","0","0","0","0","0","0","0","0","0","1","0","0","0","1","0","0","0","0","0","0","0","0","0","0","0","0","0","0","0","0","1"
"0x7a6e0b9a6c40","      SEL R42, R42, 0xff800000, !P1","1","0","1","24576","786432","786432","32","32","0","-","-","-","0","0","0","0","0","0","0","0","0","0","0","0","0","0","0","0","0","1","0","0","0","0","0","0","0","0","0","0","0","0","0","0","0","0","0","0","0","0","0"
"0x7a6e0b9a6c50","      FMNMX3 R0, R0, R108, R109, !PT","0","0","0","24576","786432","786432","32","32","0","-","-","-","0","0","0","0","0","0","0","0","0","0","0","0","0","0","0","0","0","0","0","0","0","0","0","0","0","0","0","0","0","0","0","0","0","0","0","0","0","0","0"
"0x7a6e0b9a6c60","      FMNMX3 R2, R2, R106, R107, !PT","1","0","1","24576","786432","786432","32","32","0","-","-","-","0","0","0","0","0","0","0","0","0","0","0","0","0","0","0","0","0","1","0","0","0","0","0","0","0","0","0","0","0","0","0","0","0","0","0","0","0","0","0"
"0x7a6e0b9a6c70","      LOP3.LUT P1, RZ, R159, 0x2, RZ, 0xc0, !PT","0","0","0","24576","786432","786432","32","32","0","-","-","-","0","0","0","0","0","0","0","0","0","0","0","0","0","0","0","0","0","0","0","0","0","0","0","0","0","0","0","0","0","0","0","0","0","0","0","0","0","0","0"
"0x7a6e0b9a6c80","      LOP3.LUT P2, RZ, R159, 0x4, RZ, 0xc0, !PT","1","1","1","24576","786432","786432","32","32","0","-","-","-","0","0","0","0","0","0","0","0","0","0","0","0","0","0","0","0","0","0","0","0","0","1","0","0","0","0","0","0","0","0","0","0","0","0","0","0","0","0","1"
"0x7a6e0b9a6c90","      LOP3.LUT P0, RZ, R159, 0x8, RZ, 0xc0, !PT","1","0","1","24576","786432","786432","32","32","0","-","-","-","0","0","0","0","0","0","0","0","0","0","0","0","0","0","0","0","0","1","0","0","0","0","0","0","0","0","0","0","0","0","0","0","0","0","0","0","0","0","0"
"0x7a6e0b9a6ca0","      FMNMX3 R3, R3, R112, R113, !PT","3","3","3","24576","786432","786432","32","32","0","-","-","-","0","0","0","0","0","0","0","0","0","0","0","0","0","0","0","0","0","0","0","0","0","3","0","0","0","0","0","0","0","0","0","0","0","0","0","0","0","0","3"
"0x7a6e0b9a6cb0","      FMNMX3 R4, R4, R110, R111, !PT","2","0","2","24576","786432","786432","32","32","0","-","-","-","0","0","0","0","0","0","0","0","0","0","0","0","0","0","0","0","0","2","0","0","0","0","0","0","0","0","0","0","0","0","0","0","0","0","0","0","0","0","0"
"0x7a6e0b9a6cc0","      FMNMX3 R0, R0, R100, R101, !PT","1","0","1","24576","786432","786432","32","32","0","-","-","-","0","0","0","0","0","0","0","0","0","0","0","0","0","0","0","0","0","1","0","0","0","0","0","0","0","0","0","0","0","0","0","0","0","0","0","0","0","0","0"
"0x7a6e0b9a6cd0","      FMNMX3 R2, R2, R98, R99, !PT","0","0","0","24576","786432","786432","32","32","0","-","-","-","0","0","0","0","0","0","0","0","0","0","0","0","0","0","0","0","0","0","0","0","0","0","0","0","0","0","0","0","0","0","0","0","0","0","0","0","0","0","0"
"0x7a6e0b9a6ce0","      SEL R37, R5, 0xff800000, !P1","0","0","0","24576","786432","786432","32","32","0","-","-","-","0","0","0","0","0","0","0","0","0","0","0","0","0","0","0","0","0","0","0","0","0","0","0","0","0","0","0","0","0","0","0","0","0","0","0","0","0","0","0"
"0x7a6e0b9a6cf0","      SEL R6, R6, 0xff800000, !P2","0","0","0","24576","786432","786432","32","32","0","-","-","-","0","0","0","0","0","0","0","0","0","0","0","0","0","0","0","0","0","0","0","0","0","0","0","0","0","0","0","0","0","0","0","0","0","0","0","0","0","0","0"
"0x7a6e0b9a6d00","      SEL R7, R7, 0xff800000, !P0","2","2","2","24576","786432","786432","32","32","0","-","-","-","0","0","0","0","0","0","0","0","0","0","0","0","0","0","0","0","0","0","0","0","0","2","0","0","0","0","0","0","0","0","0","0","0","0","0","0","0","0","2"
"0x7a6e0b9a6d10","      FMNMX3 R3, R3, R104, R105, !PT","0","0","0","24576","786432","786432","32","32","0","-","-","-","0","0","0","0","0","0","0","0","0","0","0","0","0","0","0","0","0","0","0","0","0","0","0","0","0","0","0","0","0","0","0","0","0","0","0","0","0","0","0"
"0x7a6e0b9a6d20","      FMNMX3 R4, R4, R102, R103, !PT","0","0","0","24576","786432","786432","32","32","0","-","-","-","0","0","0","0","0","0","0","0","0","0","0","0","0","0","0","0","0","0","0","0","0","0","0","0","0","0","0","0","0","0","0","0","0","0","0","0","0","0","0"
"0x7a6e0b9a6d30","      LOP3.LUT P1, RZ, R159, 0x100, RZ, 0xc0, !PT","0","0","0","24576","786432","786432","32","32","0","-","-","-","0","0","0","0","0","0","0","0","0","0","0","0","0","0","0","0","0","0","0","0","0","0","0","0","0","0","0","0","0","0","0","0","0","0","0","0","0","0","0"
"0x7a6e0b9a6d40","      LOP3.LUT P2, RZ, R159, 0x200, RZ, 0xc0, !PT","0","0","0","24576","786432","786432","32","32","0","-","-","-","0","0","0","0","0","0","0","0","0","0","0","0","0","0","0","0","0","0","0","0","0","0","0","0","0","0","0","0","0","0","0","0","0","0","0","0","0","0","0"
"0x7a6e0b9a6d50","      LOP3.LUT P0, RZ, R159, 0x400, RZ, 0xc0, !PT","0","0","0","24576","786432","786432","32","32","0","-","-","-","0","0","0","0","0","0","0","0","0","0","0","0","0","0","0","0","0","0","0","0","0","0","0","0","0","0","0","0","0","0","0","0","0","0","0","0","0","0","0"
"0x7a6e0b9a6d60","      FMNMX3 R0, R0, R92, R93, !PT","1","1","1","24576","786432","786432","32","32","0","-","-","-","0","0","0","0","0","0","0","0","0","0","0","0","0","0","0","0","0","0","0","0","0","1","0","0","0","0","0","0","0","0","0","0","0","0","0","0","0","0","1"
"0x7a6e0b9a6d70","      FMNMX3 R2, R2, R90, R91, !PT","1","0","1","24576","786432","786432","32","32","0","-","-","-","0","0","0","0","0","0","0","0","0","0","0","0","0","0","0","0","0","1","0","0","0","0","0","0","0","0","0","0","0","0","0","0","0","0","0","0","0","0","0"
"0x7a6e0b9a6d80","      FMNMX3 R3, R3, R96, R97, !PT","0","0","0","24576","786432","786432","32","32","0","-","-","-","0","0","0","0","0","0","0","0","0","0","0","0","0","0","0","0","0","0","0","0","0","0","0","0","0","0","0","0","0","0","0","0","0","0","0","0","0","0","0"
"0x7a6e0b9a6d90","      FMNMX3 R4, R4, R94, R95, !PT","0","0","0","24576","786432","786432","32","32","0","-","-","-","0","0","0","0","0","0","0","0","0","0","0","0","0","0","0","0","0","0","0","0","0","0","0","0","0","0","0","0","0","0","0","0","0","0","0","0","0","0","0"
"0x7a6e0b9a6da0","      SEL R12, R12, 0xff800000, !P1","0","0","0","24576","786432","786432","32","32","0","-","-","-","0","0","0","0","0","0","0","0","0","0","0","0","0","0","0","0","0","0","0","0","0","0","0","0","0","0","0","0","0","0","0","0","0","0","0","0","0","0","0"
"0x7a6e0b9a6db0","      SEL R13, R13, 0xff800000, !P2","0","0","0","24576","786432","786432","32","32","0","-","-","-","0","0","0","0","0","0","0","0","0","0","0","0","0","0","0","0","0","0","0","0","0","0","0","0","0","0","0","0","0","0","0","0","0","0","0","0","0","0","0"
"0x7a6e0b9a6dc0","      SEL R14, R14, 0xff800000, !P0","2","1","2","24576","786432","786432","32","32","0","-","-","-","0","0","0","0","0","0","0","0","0","0","0","0","0","0","0","0","0","1","0","0","0","1","0","0","0","0","0","0","0","0","0","0","0","0","0","0","0","0","1"
"0x7a6e0b9a6dd0","      LOP3.LUT P1, RZ, R159, 0x800, RZ, 0xc0, !PT","0","0","0","24576","786432","786432","32","32","0","-","-","-","0","0","0","0","0","0","0","0","0","0","0","0","0","0","0","0","0","0","0","0","0","0","0","0","0","0","0","0","0","0","0","0","0","0","0","0","0","0","0"
"0x7a6e0b9a6de0","      LOP3.LUT P2, RZ, R159, 0x10000, RZ, 0xc0, !PT","1","0","1","24576","786432","786432","32","32","0","-","-","-","0","0","0","0","0","0","0","0","0","0","0","0","0","0","0","0","0","1","0","0","0","0","0","0","0","0","0","0","0","0","0","0","0","0","0","0","0","0","0"
"0x7a6e0b9a6df0","      LOP3.LUT P0, RZ, R159, 0x20000, RZ, 0xc0, !PT","1","0","1","24576","786432","786432","32","32","0","-","-","-","0","0","0","0","0","0","0","0","0","0","0","0","0","0","0","0","0","1","0","0","0","0","0","0","0","0","0","0","0","0","0","0","0","0","0","0","0","0","0"
"0x7a6e0b9a6e00","      FMNMX3 R0, R0, R84, R85, !PT","0","0","0","24576","786432","786432","32","32","0","-","-","-","0","0","0","0","0","0","0","0","0","0","0","0","0","0","0","0","0","0","0","0","0","0","0","0","0","0","0","0","0","0","0","0","0","0","0","0","0","0","0"
"0x7a6e0b9a6e10","      FMNMX3 R2, R2, R82, R83, !PT","2","1","2","24576","786432","786432","32","32","0","-","-","-","0","0","0","0","0","0","0","0","0","0","0","0","0","0","0","0","0","1","0","0","0","1","0","0","0","0","0","0","0","0","0","0","0","0","0","0","0","0","1"
"0x7a6e0b9a6e20","      FMNMX3 R3, R3, R88, R89, !PT","0","0","0","24576","786432","786432","32","32","0","-","-","-","0","0","0","0","0","0","0","0","0","0","0","0","0","0","0","0","0","0","0","0","0","0","0","0","0","0","0","0","0","0","0","0","0","0","0","0","0","0","0"
"0x7a6e0b9a6e30","      FMNMX3 R4, R4, R86, R87, !PT","1","0","1","24576","786432","786432","32","32","0","-","-","-","0","0","0","0","0","0","0","0","0","0","0","0","0","0","0","0","0","1","0","0","0","0","0","0","0","0","0","0","0","0","0","0","0","0","0","0","0","0","0"
"0x7a6e0b9a6e40","      SEL R15, R15, 0xff800000, !P1","1","0","1","24576","786432","786432","32","32","0","-","-","-","0","0","0","0","0","0","0","0","0","0","0","0","0","0","0","0","0","1","0","0","0","0","0","0","0","0","0","0","0","0","0","0","0","0","0","0","0","0","0"
"0x7a6e0b9a6e50","      SEL R20, R20, 0xff800000, !P2","0","0","0","24576","786432","786432","32","32","0","-","-","-","0","0","0","0","0","0","0","0","0","0","0","0","0","0","0","0","0","0","0","0","0","0","0","0","0","0","0","0","0","0","0","0","0","0","0","0","0","0","0"
"0x7a6e0b9a6e60","      SEL R21, R21, 0xff800000, !P0","2","1","2","24576","786432","786432","32","32","0","-","-","-","0","0","0","0","0","0","0","0","0","0","0","0","0","0","0","0","0","1","0","0","0","1","0","0","0","0","0","0","0","0","0","0","0","0","0","0","0","0","1"
"0x7a6e0b9a6e70","      LOP3.LUT P1, RZ, R159, 0x40000, RZ, 0xc0, !PT","3","1","3","24576","786432","786432","32","32","0","-","-","-","0","0","0","0","0","0","0","0","0","0","0","0","0","0","0","0","0","1","0","0","0","2","0","0","0","0","0","0","0","0","0","0","0","0","0","0","0","0","1"
"0x7a6e0b9a6e80","      LOP3.LUT P2, RZ, R159, 0x80000, RZ, 0xc0, !PT","1","0","1","24576","786432","786432","32","32","0","-","-","-","0","0","0","0","0","0","0","0","0","0","0","0","0","0","0","0","0","1","0","0","0","0","0","0","0","0","0","0","0","0","0","0","0","0","0","0","0","0","0"
"0x7a6e0b9a6e90","      LOP3.LUT P0, RZ, R165, 0x1, RZ, 0xc0, !PT","1","0","1","24576","786432","786432","32","32","0","-","-","-","0","0","0","0","0","0","0","0","0","0","0","0","0","0","0","0","0","1","0","0","0","0","0","0","0","0","0","0","0","0","0","0","0","0","0","0","0","0","0"
"0x7a6e0b9a6ea0","      FMNMX3 R0, R0, R76, R77, !PT","1","1","1","24576","786432","786432","32","32","0","-","-","-","0","0","0","0","0","0","0","0","0","0","0","0","0","0","0","0","0","0","0","0","0","1","0","0","0","0","0","0","0","0","0","0","0","0","0","0","0","0","1"
"0x7a6e0b9a6eb0","      FMNMX3 R2, R2, R74, R75, !PT","3","2","3","24576","786432","786432","32","32","0","-","-","-","0","0","0","0","0","0","0","0","0","0","0","0","0","0","0","0","0","0","0","0","0","3","0","0","0","0","0","0","0","0","0","0","0","0","0","0","0","0","2"
"0x7a6e0b9a6ec0","      FMNMX3 R3, R3, R80, R81, !PT","0","0","0","24576","786432","786432","32","32","0","-","-","-","0","0","0","0","0","0","0","0","0","0","0","0","0","0","0","0","0","0","0","0","0","0","0","0","0","0","0","0","0","0","0","0","0","0","0","0","0","0","0"
"0x7a6e0b9a6ed0","      FMNMX3 R4, R4, R78, R79, !PT","0","0","0","24576","786432","786432","32","32","0","-","-","-","0","0","0","0","0","0","0","0","0","0","0","0","0","0","0","0","0","0","0","0","0","0","0","0","0","0","0","0","0","0","0","0","0","0","0","0","0","0","0"
"0x7a6e0b9a6ee0","      SEL R22, R22, 0xff800000, !P1","0","0","0","24576","786432","786432","32","32","0","-","-","-","0","0","0","0","0","0","0","0","0","0","0","0","0","0","0","0","0","0","0","0","0","0","0","0","0","0","0","0","0","0","0","0","0","0","0","0","0","0","0"
"0x7a6e0b9a6ef0","      SEL R23, R23, 0xff800000, !P2","1","0","1","24576","786432","786432","32","32","0","-","-","-","0","0","0","0","0","0","0","0","0","0","0","0","0","0","0","0","0","1","0","0","0","0","0","0","0","0","0","0","0","0","0","0","0","0","0","0","0","0","0"
"0x7a6e0b9a6f00","      SEL R28, R28, 0xff800000, !P0","1","1","1","24576","786432","786432","32","32","0","-","-","-","0","0","0","0","0","0","0","0","0","0","0","0","0","0","0","1","0","0","0","0","0","0","0","0","0","0","0","0","0","0","0","0","1","0","0","0","0","0","0"
"0x7a6e0b9a6f10","      FMNMX3 R0, R0, R68, R69, !PT","1","0","1","24576","786432","786432","32","32","0","-","-","-","0","0","0","0","0","0","0","0","0","0","0","0","0","0","0","0","0","1","0","0","0","0","0","0","0","0","0","0","0","0","0","0","0","0","0","0","0","0","0"
"0x7a6e0b9a6f20","      FMNMX3 R2, R2, R66, R67, !PT","1","1","1","24576","786432","786432","32","32","0","-","-","-","0","0","0","0","0","0","0","0","0","0","0","0","0","0","0","0","0","0","0","0","0","1","0","0","0","0","0","0","0","0","0","0","0","0","0","0","0","0","1"
"0x7a6e0b9a6f30","      LOP3.LUT P1, RZ, R165, 0x2, RZ, 0xc0, !PT","1","0","1","24576","786432","786432","32","32","0","-","-","-","0","0","0","0","0","0","0","0","0","0","0","0","0","0","0","0","0","1","0","0","0","0","0","0","0","0","0","0","0","0","0","0","0","0","0","0","0","0","0"
"0x7a6e0b9a6f40","      LOP3.LUT P2, RZ, R165, 0x4, RZ, 0xc0, !PT","0","0","0","24576","786432","786432","32","32","0","-","-","-","0","0","0","0","0","0","0","0","0","0","0","0","0","0","0","0","0","0","0","0","0","0","0","0","0","0","0","0","0","0","0","0","0","0","0","0","0","0","0"
"0x7a6e0b9a6f50","      LOP3.LUT P0, RZ, R165, 0x8, RZ, 0xc0, !PT","0","0","0","24576","786432","786432","32","32","0","-","-","-","0","0","0","0","0","0","0","0","0","0","0","0","0","0","0","0","0","0","0","0","0","0","0","0","0","0","0","0","0","0","0","0","0","0","0","0","0","0","0"
"0x7a6e0b9a6f60","      FMNMX3 R3, R3, R72, R73, !PT","2","0","2","24576","786432","786432","32","32","0","-","-","-","0","0","0","0","0","0","0","0","0","0","0","0","0","0","0","0","0","2","0","0","0","0","0","0","0","0","0","0","0","0","0","0","0","0","0","0","0","0","0"
"0x7a6e0b9a6f70","      FMNMX3 R4, R4, R70, R71, !PT","1","1","1","24576","786432","786432","32","32","0","-","-","-","0","0","0","0","0","0","0","0","0","0","0","0","0","0","0","0","0","0","0","0","0","1","0","0","0","0","0","0","0","0","0","0","0","0","0","0","0","0","1"
"0x7a6e0b9a6f80","      LOP3.LUT P3, RZ, R160, 0x80000, RZ, 0xc0, !PT","0","0","0","24576","786432","786432","32","32","0","-","-","-","0","0","0","0","0","0","0","0","0","0","0","0","0","0","0","0","0","0","0","0","0","0","0","0","0","0","0","0","0","0","0","0","0","0","0","0","0","0","0"
"0x7a6e0b9a6f90","      FMNMX3 R0, R0, R60, R61, !PT","0","0","0","24576","786432","786432","32","32","0","-","-","-","0","0","0","0","0","0","0","0","0","0","0","0","0","0","0","0","0","0","0","0","0","0","0","0","0","0","0","0","0","0","0","0","0","0","0","0","0","0","0"
"0x7a6e0b9a6fa0","      FMNMX3 R2, R2, R58, R59, !PT","1","1","1","24576","786432","786432","32","32","0","-","-","-","0","0","0","0","0","0","0","0","0","0","0","0","0","0","0","0","0","0","0","0","0","1","0","0","0","0","0","0","0","0","0","0","0","0","0","0","0","0","1"
"0x7a6e0b9a6fb0","      SEL R29, R29, 0xff800000, !P1","0","0","0","24576","786432","786432","32","32","0","-","-","-","0","0","0","0","0","0","0","0","0","0","0","0","0","0","0","0","0","0","0","0","0","0","0","0","0","0","0","0","0","0","0","0","0","0","0","0","0","0","0"
"0x7a6e0b9a6fc0","      SEL R30, R30, 0xff800000, !P2","0","0","0","24576","786432","786432","32","32","0","-","-","-","0","0","0","0","0","0","0","0","0","0","0","0","0","0","0","0","0","0","0","0","0","0","0","0","0","0","0","0","0","0","0","0","0","0","0","0","0","0","0"
"0x7a6e0b9a6fd0","      SEL R31, R31, 0xff800000, !P0","0","0","0","24576","786432","786432","32","32","0","-","-","-","0","0","0","0","0","0","0","0","0","0","0","0","0","0","0","0","0","0","0","0","0","0","0","0","0","0","0","0","0","0","0","0","0","0","0","0","0","0","0"
"0x7a6e0b9a6fe0","      FMNMX3 R3, R3, R64, R65, !PT","0","0","0","24576","786432","786432","32","32","0","-","-","-","0","0","0","0","0","0","0","0","0","0","0","0","0","0","0","0","0","0","0","0","0","0","0","0","0","0","0","0","0","0","0","0","0","0","0","0","0","0","0"
"0x7a6e0b9a6ff0","      FMNMX3 R4, R4, R62, R63, !PT","0","0","0","24576","786432","786432","32","32","0","-","-","-","0","0","0","0","0","0","0","0","0","0","0","0","0","0","0","0","0","0","0","0","0","0","0","0","0","0","0","0","0","0","0","0","0","0","0","0","0","0","0"
"0x7a6e0b9a7000","      LOP3.LUT P1, RZ, R159, 0x10, RZ, 0xc0, !PT","0","0","0","24576","786432","786432","32","32","0","-","-","-","0","0","0","0","0","0","0","0","0","0","0","0","0","0","0","0","0","0","0","0","0","0","0","0","0","0","0","0","0","0","0","0","0","0","0","0","0","0","0"
"0x7a6e0b9a7010","      LOP3.LUT P2, RZ, R159, 0x20, RZ, 0xc0, !PT","1","1","1","24576","786432","786432","32","32","0","-","-","-","0","0","0","0","0","0","0","0","0","0","0","0","0","0","0","0","0","0","0","0","0","1","0","0","0","0","0","0","0","0","0","0","0","0","0","0","0","0","1"
"0x7a6e0b9a7020","      LOP3.LUT P0, RZ, R159, 0x40, RZ, 0xc0, !PT","1","0","1","24576","786432","786432","32","32","0","-","-","-","0","0","0","0","0","0","0","0","0","0","0","0","0","0","0","0","0","1","0","0","0","0","0","0","0","0","0","0","0","0","0","0","0","0","0","0","0","0","0"
"0x7a6e0b9a7030","      SEL R43, R43, 0xff800000, !P3","1","0","1","24576","786432","786432","32","32","0","-","-","-","0","0","0","0","0","0","0","0","0","0","0","0","0","0","0","0","0","1","0","0","0","0","0","0","0","0","0","0","0","0","0","0","0","0","0","0","0","0","0"
"0x7a6e0b9a7040","      FMNMX3 R0, R0, R52, R53, !PT","0","0","0","24576","786432","786432","32","32","0","-","-","-","0","0","0","0","0","0","0","0","0","0","0","0","0","0","0","0","0","0","0","0","0","0","0","0","0","0","0","0","0","0","0","0","0","0","0","0","0","0","0"
"0x7a6e0b9a7050","      FMNMX3 R2, R2, R50, R51, !PT","1","0","1","24576","786432","786432","32","32","0","-","-","-","0","0","0","0","0","0","0","0","0","0","0","0","0","0","0","0","0","1","0","0","0","0","0","0","0","0","0","0","0","0","0","0","0","0","0","0","0","0","0"
"0x7a6e0b9a7060","      LOP3.LUT P6, RZ, R160, 0x800000, RZ, 0xc0, !PT","0","0","0","24576","786432","786432","32","32","0","-","-","-","0","0","0","0","0","0","0","0","0","0","0","0","0","0","0","0","0","0","0","0","0","0","0","0","0","0","0","0","0","0","0","0","0","0","0","0","0","0","0"
"0x7a6e0b9a7070","      LOP3.LUT P5, RZ, R160, 0x400000, RZ, 0xc0, !PT","1","1","1","24576","786432","786432","32","32","0","-","-","-","0","0","0","0","0","0","0","0","0","0","0","0","0","0","0","0","0","0","0","0","0","1","0","0","0","0","0","0","0","0","0","0","0","0","0","0","0","0","1"
"0x7a6e0b9a7080","      LOP3.LUT P4, RZ, R160, 0x200000, RZ, 0xc0, !PT","2","0","2","24576","786432","786432","32","32","0","-","-","-","0","0","0","0","0","0","0","0","0","0","0","0","0","0","0","0","0","2","0","0","0","0","0","0","0","0","0","0","0","0","0","0","0","0","0","0","0","0","0"
"0x7a6e0b9a7090","      FMNMX3 R3, R3, R56, R57, !PT","2","1","2","24576","786432","786432","32","32","0","-","-","-","0","0","0","0","0","0","0","0","0","0","0","0","0","0","0","0","0","1","0","0","0","1","0","0","0","0","0","0","0","0","0","0","0","0","0","0","0","0","1"
"0x7a6e0b9a70a0","      FMNMX3 R4, R4, R54, R55, !PT","0","0","0","24576","786432","786432","32","32","0","-","-","-","0","0","0","0","0","0","0","0","0","0","0","0","0","0","0","0","0","0","0","0","0","0","0","0","0","0","0","0","0","0","0","0","0","0","0","0","0","0","0"
"0x7a6e0b9a70b0","      SEL R8, R8, 0xff800000, !P1","1","1","1","24576","786432","786432","32","32","0","-","-","-","0","0","0","0","0","0","0","0","0","0","0","0","0","0","0","0","0","0","0","0","0","1","0","0","0","0","0","0","0","0","0","0","0","0","0","0","0","0","1"
"0x7a6e0b9a70c0","      SEL R9, R9, 0xff800000, !P2","1","1","1","24576","786432","786432","32","32","0","-","-","-","0","0","0","0","0","0","0","0","0","0","0","0","0","0","0","0","0","0","0","0","0","1","0","0","0","0","0","0","0","0","0","0","0","0","0","0","0","0","1"
"0x7a6e0b9a70d0","      SEL R10, R10, 0xff800000, !P0","0","0","0","24576","786432","786432","32","32","0","-","-","-","0","0","0","0","0","0","0","0","0","0","0","0","0","0","0","0","0","0","0","0","0","0","0","0","0","0","0","0","0","0","0","0","0","0","0","0","0","0","0"
"0x7a6e0b9a70e0","      LOP3.LUT P1, RZ, R159, 0x80, RZ, 0xc0, !PT","1","1","1","24576","786432","786432","32","32","0","-","-","-","0","0","0","0","0","0","0","0","0","0","0","0","0","0","0","0","0","0","0","0","0","1","0","0","0","0","0","0","0","0","0","0","0","0","0","0","0","0","1"
"0x7a6e0b9a70f0","      LOP3.LUT P2, RZ, R159, 0x1000, RZ, 0xc0, !PT","1","0","1","24576","786432","786432","32","32","0","-","-","-","0","0","0","0","0","0","0","0","0","0","0","0","0","0","0","0","0","1","0","0","0","0","0","0","0","0","0","0","0","0","0","0","0","0","0","0","0","0","0"
"0x7a6e0b9a7100","      LOP3.LUT P0, RZ, R159, 0x2000, RZ, 0xc0, !PT","0","0","0","24576","786432","786432","32","32","0","-","-","-","0","0","0","0","0","0","0","0","0","0","0","0","0","0","0","0","0","0","0","0","0","0","0","0","0","0","0","0","0","0","0","0","0","0","0","0","0","0","0"
"0x7a6e0b9a7110","      FMNMX3 R0, R0, R40, R41, !PT","1","0","1","24576","786432","786432","32","32","0","-","-","-","0","0","0","0","0","0","0","0","0","0","0","0","0","0","0","0","0","1","0","0","0","0","0","0","0","0","0","0","0","0","0","0","0","0","0","0","0","0","0"
"0x7a6e0b9a7120","      FMNMX3 R2, R2, R42, R43, !PT","3","2","3","24576","786432","786432","32","32","0","-","-","-","0","0","0","0","0","0","0","0","0","0","0","0","0","0","0","0","0","1","0","0","0","2","0","0","0","0","0","0","0","0","0","0","0","0","0","0","0","0","2"
"0x7a6e0b9a7130","      SEL R45, R45, 0xff800000, !P4","1","0","1","24576","786432","786432","32","32","0","-","-","-","0","0","0","0","0","0","0","0","0","0","0","0","0","0","0","0","0","1","0","0","0","0","0","0","0","0","0","0","0","0","0","0","0","0","0","0","0","0","0"
"0x7a6e0b9a7140","      SEL R46, R46, 0xff800000, !P5","1","0","1","24576","786432","786432","32","32","0","-","-","-","0","0","0","0","0","0","0","0","0","0","0","0","0","0","0","0","0","1","0","0","0","0","0","0","0","0","0","0","0","0","0","0","0","0","0","0","0","0","0"
"0x7a6e0b9a7150","      SEL R47, R47, 0xff800000, !P6","3","2","3","24576","786432","786432","32","32","0","-","-","-","0","0","0","0","0","0","0","0","0","0","0","0","0","0","0","0","0","1","0","0","0","2","0","0","0","0","0","0","0","0","0","0","0","0","0","0","0","0","2"
"0x7a6e0b9a7160","      FMNMX3 R3, R3, R48, R49, !PT","1","0","1","24576","786432","786432","32","32","0","-","-","-","0","0","0","0","0","0","0","0","0","0","0","0","0","0","0","0","0","1","0","0","0","0","0","0","0","0","0","0","0","0","0","0","0","0","0","0","0","0","0"
"0x7a6e0b9a7170","      FMNMX3 R4, R4, R38, R39, !PT","1","0","1","24576","786432","786432","32","32","0","-","-","-","0","0","0","0","0","0","0","0","0","0","0","0","0","0","0","0","0","1","0","0","0","0","0","0","0","0","0","0","0","0","0","0","0","0","0","0","0","0","0"
"0x7a6e0b9a7180","      SEL R11, R11, 0xff800000, !P1","0","0","0","24576","786432","786432","32","32","0","-","-","-","0","0","0","0","0","0","0","0","0","0","0","0","0","0","0","0","0","0","0","0","0","0","0","0","0","0","0","0","0","0","0","0","0","0","0","0","0","0","0"
"0x7a6e0b9a7190","      SEL R16, R16, 0xff800000, !P2","1","0","1","24576","786432","786432","32","32","0","-","-","-","0","0","0","0","0","0","0","0","0","0","0","0","0","0","0","0","0","1","0","0","0","0","0","0","0","0","0","0","0","0","0","0","0","0","0","0","0","0","0"
"0x7a6e0b9a71a0","      SEL R17, R17, 0xff800000, !P0","1","0","1","24576","786432","786432","32","32","0","-","-","-","0","0","0","0","0","0","0","0","0","0","0","0","0","0","0","0","0","1","0","0","0","0","0","0","0","0","0","0","0","0","0","0","0","0","0","0","0","0","0"
"0x7a6e0b9a71b0","      LOP3.LUT P1, RZ, R159, 0x4000, RZ, 0xc0, !PT","1","1","1","24576","786432","786432","32","32","0","-","-","-","0","0","0","0","0","0","0","0","0","0","0","0","0","0","0","0","0","0","0","0","0","1","0","0","0","0","0","0","0","0","0","0","0","0","0","0","0","0","1"
"0x7a6e0b9a71c0","      LOP3.LUT P2, RZ, R159, 0x8000, RZ, 0xc0, !PT","1","0","1","24576","786432","786432","32","32","0","-","-","-","0","0","0","0","0","0","0","0","0","0","0","0","0","0","0","0","0","1","0","0","0","0","0","0","0","0","0","0","0","0","0","0","0","0","0","0","0","0","0"
"0x7a6e0b9a71d0","      LOP3.LUT P0, RZ, R159, 0x100000, RZ, 0xc0, !PT","1","0","1","24576","786432","786432","32","32","0","-","-","-","0","0","0","0","0","0","0","0","0","0","0","0","0","0","0","0","0","1","0","0","0","0","0","0","0","0","0","0","0","0","0","0","0","0","0","0","0","0","0"
"0x7a6e0b9a71e0","      FMNMX3 R0, R0, R36, R37, !PT","0","0","0","24576","786432","786432","32","32","0","-","-","-","0","0","0","0","0","0","0","0","0","0","0","0","0","0","0","0","0","0","0","0","0","0","0","0","0","0","0","0","0","0","0","0","0","0","0","0","0","0","0"
"0x7a6e0b9a71f0","      FMNMX3 R2, R2, R6, R7, !PT","2","0","2","24576","786432","786432","32","32","0","-","-","-","0","0","0","0","0","0","0","0","0","0","0","0","0","0","0","0","0","2","0","0","0","0","0","0","0","0","0","0","0","0","0","0","0","0","0","0","0","0","0"
"0x7a6e0b9a7200","      FMNMX3 R3, R3, R44, R45, !PT","0","0","0","24576","786432","786432","32","32","0","-","-","-","0","0","0","0","0","0","0","0","0","0","0","0","0","0","0","0","0","0","0","0","0","0","0","0","0","0","0","0","0","0","0","0","0","0","0","0","0","0","0"
"0x7a6e0b9a7210","      FMNMX3 R4, R4, R46, R47, !PT","0","0","0","24576","786432","786432","32","32","0","-","-","-","0","0","0","0","0","0","0","0","0","0","0","0","0","0","0","0","0","0","0","0","0","0","0","0","0","0","0","0","0","0","0","0","0","0","0","0","0","0","0"
"0x7a6e0b9a7220","      SEL R18, R18, 0xff800000, !P1","1","0","1","24576","786432","786432","32","32","0","-","-","-","0","0","0","0","0","0","0","0","0","0","0","0","0","0","0","0","0","0","0","0","0","1","0","0","0","0","0","0","0","0","0","0","0","0","0","0","0","0","0"
"0x7a6e0b9a7230","      SEL R19, R19, 0xff800000, !P2","0","0","0","24576","786432","786432","32","32","0","-","-","-","0","0","0","0","0","0","0","0","0","0","0","0","0","0","0","0","0","0","0","0","0","0","0","0","0","0","0","0","0","0","0","0","0","0","0","0","0","0","0"
"0x7a6e0b9a7240","      SEL R24, R24, 0xff800000, !P0","1","1","1","24576","786432","786432","32","32","0","-","-","-","0","0","0","0","0","0","0","0","0","0","0","0","0","0","0","0","0","0","0","0","0","1","0","0","0","0","0","0","0","0","0","0","0","0","0","0","0","0","1"
"0x7a6e0b9a7250","      FMNMX3 R0, R0, R12, R13, !PT","0","0","0","24576","786432","786432","32","32","0","-","-","-","0","0","0","0","0","0","0","0","0","0","0","0","0","0","0","0","0","0","0","0","0","0","0","0","0","0","0","0","0","0","0","0","0","0","0","0","0","0","0"
"0x7a6e0b9a7260","      FMNMX3 R2, R2, R14, R15, !PT","3","2","3","24576","786432","786432","32","32","0","-","-","-","0","0","0","0","0","0","0","0","0","0","0","0","0","0","0","0","0","1","0","0","0","2","0","0","0","0","0","0","0","0","0","0","0","0","0","0","0","0","2"
"0x7a6e0b9a7270","      LOP3.LUT P1, RZ, R159, 0x800000, RZ, 0xc0, !PT","1","0","1","24576","786432","786432","32","32","0","-","-","-","0","0","0","0","0","0","0","0","0","0","0","0","0","0","0","0","0","1","0","0","0","0","0","0","0","0","0","0","0","0","0","0","0","0","0","0","0","0","0"
"0x7a6e0b9a7280","      LOP3.LUT P2, RZ, R159, 0x200000, RZ, 0xc0, !PT","1","1","1","24576","786432","786432","32","32","0","-","-","-","0","0","0","0","0","0","0","0","0","0","0","0","0","0","0","0","0","0","0","0","0","1","0","0","0","0","0","0","0","0","0","0","0","0","0","0","0","0","1"
"0x7a6e0b9a7290","      LOP3.LUT P0, RZ, R159, 0x400000, RZ, 0xc0, !PT","0","0","0","24576","786432","786432","32","32","0","-","-","-","0","0","0","0","0","0","0","0","0","0","0","0","0","0","0","0","0","0","0","0","0","0","0","0","0","0","0","0","0","0","0","0","0","0","0","0","0","0","0"
"0x7a6e0b9a72a0","      FMNMX3 R3, R3, R8, R9, !PT","1","0","1","24576","786432","786432","32","32","0","-","-","-","0","0","0","0","0","0","0","0","0","0","0","0","0","0","0","0","0","1","0","0","0","0","0","0","0","0","0","0","0","0","0","0","0","0","0","0","0","0","0"
"0x7a6e0b9a72b0","      FMNMX3 R4, R4, R10, R11, !PT","0","0","0","24576","786432","786432","32","32","0","-","-","-","0","0","0","0","0","0","0","0","0","0","0","0","0","0","0","0","0","0","0","0","0","0","0","0","0","0","0","0","0","0","0","0","0","0","0","0","0","0","0"
"0x7a6e0b9a72c0","      FMNMX3 R0, R0, R20, R21, !PT","0","0","0","24576","786432","786432","32","32","0","-","-","-","0","0","0","0","0","0","0","0","0","0","0","0","0","0","0","0","0","0","0","0","0","0","0","0","0","0","0","0","0","0","0","0","0","0","0","0","0","0","0"
"0x7a6e0b9a72d0","      FMNMX3 R2, R2, R22, R23, !PT","1","0","1","24576","786432","786432","32","32","0","-","-","-","0","0","0","0","0","0","0","0","0","0","0","0","0","0","0","0","0","1","0","0","0","0","0","0","0","0","0","0","0","0","0","0","0","0","0","0","0","0","0"
"0x7a6e0b9a72e0","      LOP3.LUT P6, RZ, R165, 0x80, RZ, 0xc0, !PT","0","0","0","24576","786432","786432","32","32","0","-","-","-","0","0","0","0","0","0","0","0","0","0","0","0","0","0","0","0","0","0","0","0","0","0","0","0","0","0","0","0","0","0","0","0","0","0","0","0","0","0","0"
"0x7a6e0b9a72f0","      LOP3.LUT P5, RZ, R165, 0x40, RZ, 0xc0, !PT","1","0","1","24576","786432","786432","32","32","0","-","-","-","0","0","0","0","0","0","0","0","0","0","0","0","0","0","0","0","0","1","0","0","0","0","0","0","0","0","0","0","0","0","0","0","0","0","0","0","0","0","0"
"0x7a6e0b9a7300","      LOP3.LUT P4, RZ, R165, 0x20, RZ, 0xc0, !PT","2","1","2","24576","786432","786432","32","32","0","-","-","-","0","0","0","0","0","0","0","0","0","0","0","0","0","0","0","0","0","1","0","0","0","1","0","0","0","0","0","0","0","0","0","0","0","0","0","0","0","0","1"
"0x7a6e0b9a7310","      LOP3.LUT P3, RZ, R165, 0x10, RZ, 0xc0, !PT","0","0","0","24576","786432","786432","32","32","0","-","-","-","0","0","0","0","0","0","0","0","0","0","0","0","0","0","0","0","0","0","0","0","0","0","0","0","0","0","0","0","0","0","0","0","0","0","0","0","0","0","0"
"0x7a6e0b9a7320","      SEL R25, R25, 0xff800000, !P2","0","0","0","24576","786432","786432","32","32","0","-","-","-","0","0","0","0","0","0","0","0","0","0","0","0","0","0","0","0","0","0","0","0","0","0","0","0","0","0","0","0","0","0","0","0","0","0","0","0","0","0","0"
"0x7a6e0b9a7330","      SEL R26, R26, 0xff800000, !P0","1","0","1","24576","786432","786432","32","32","0","-","-","-","0","0","0","0","0","0","0","0","0","0","0","0","0","0","0","0","0","1","0","0","0","0","0","0","0","0","0","0","0","0","0","0","0","0","0","0","0","0","0"
"0x7a6e0b9a7340","      SEL R27, R27, 0xff800000, !P1","4","2","4","24576","786432","786432","32","32","0","-","-","-","0","0","0","0","0","0","0","0","0","0","0","0","0","0","0","0","0","2","0","0","0","2","0","0","0","0","0","0","0","0","0","0","0","0","0","0","0","0","2"
"0x7a6e0b9a7350","      FMNMX3 R3, R3, R16, R17, !PT","0","0","0","24576","786432","786432","32","32","0","-","-","-","0","0","0","0","0","0","0","0","0","0","0","0","0","0","0","0","0","0","0","0","0","0","0","0","0","0","0","0","0","0","0","0","0","0","0","0","0","0","0"
"0x7a6e0b9a7360","      FMNMX3 R4, R4, R18, R19, !PT","0","0","0","24576","786432","786432","32","32","0","-","-","-","0","0","0","0","0","0","0","0","0","0","0","0","0","0","0","0","0","0","0","0","0","0","0","0","0","0","0","0","0","0","0","0","0","0","0","0","0","0","0"
"0x7a6e0b9a7370","      FMNMX3 R0, R0, R28, R29, !PT","0","0","0","24576","786432","786432","32","32","0","-","-","-","0","0","0","0","0","0","0","0","0","0","0","0","0","0","0","0","0","0","0","0","0","0","0","0","0","0","0","0","0","0","0","0","0","0","0","0","0","0","0"
"0x7a6e0b9a7380","      FMNMX3 R2, R2, R30, R31, !PT","0","0","0","24576","786432","786432","32","32","0","-","-","-","0","0","0","0","0","0","0","0","0","0","0","0","0","0","0","0","0","0","0","0","0","0","0","0","0","0","0","0","0","0","0","0","0","0","0","0","0","0","0"
"0x7a6e0b9a7390","      SEL R32, R32, 0xff800000, !P3","0","0","0","24576","786432","786432","32","32","0","-","-","-","0","0","0","0","0","0","0","0","0","0","0","0","0","0","0","0","0","0","0","0","0","0","0","0","0","0","0","0","0","0","0","0","0","0","0","0","0","0","0"
"0x7a6e0b9a73a0","      SEL R33, R33, 0xff800000, !P4","1","1","1","24576","786432","786432","32","32","0","-","-","-","0","0","0","0","0","0","0","0","0","0","0","0","0","0","0","0","0","0","0","0","0","1","0","0","0","0","0","0","0","0","0","0","0","0","0","0","0","0","1"
"0x7a6e0b9a73b0","      SEL R34, R34, 0xff800000, !P5","2","1","2","24576","786432","786432","32","32","0","-","-","-","0","0","0","0","0","0","0","0","0","0","0","0","0","0","0","0","0","1","0","0","0","1","0","0","0","0","0","0","0","0","0","0","0","0","0","0","0","0","1"
"0x7a6e0b9a73c0","      SEL R35, R35, 0xff800000, !P6","0","0","0","24576","786432","786432","32","32","0","-","-","-","0","0","0","0","0","0","0","0","0","0","0","0","0","0","0","0","0","0","0","0","0","0","0","0","0","0","0","0","0","0","0","0","0","0","0","0","0","0","0"
"0x7a6e0b9a73d0","      FMNMX3 R3, R3, R24, R25, !PT","0","0","0","24576","786432","786432","32","32","0","-","-","-","0","0","0","0","0","0","0","0","0","0","0","0","0","0","0","0","0","0","0","0","0","0","0","0","0","0","0","0","0","0","0","0","0","0","0","0","0","0","0"
"0x7a6e0b9a73e0","      FMNMX3 R4, R4, R26, R27, !PT","1","1","1","24576","786432","786432","32","32","0","-","-","-","0","0","0","0","0","0","0","0","0","0","0","0","0","0","0","0","0","0","0","0","0","1","0","0","0","0","0","0","0","0","0","0","0","0","0","0","0","0","1"
"0x7a6e0b9a73f0","      FMNMX R2, R0, R2, !PT","2","0","2","24576","786432","786432","32","32","0","-","-","-","0","0","0","0","0","0","0","0","0","0","0","0","0","0","0","0","0","2","0","0","0","0","0","0","0","0","0","0","0","0","0","0","0","0","0","0","0","0","0"
"0x7a6e0b9a7400","      FMNMX3 R3, R3, R32, R33, !PT","2","0","2","24576","786432","786432","32","32","0","-","-","-","0","0","0","0","0","0","0","0","0","0","0","0","0","0","0","0","0","2","0","0","0","0","0","0","0","0","0","0","0","0","0","0","0","0","0","0","0","0","0"
"0x7a6e0b9a7410","      FMNMX3 R0, R4, R34, R35, !PT","1","0","1","24576","786432","786432","32","32","0","-","-","-","0","0","0","0","0","0","0","0","0","0","0","0","0","0","0","0","0","1","0","0","0","0","0","0","0","0","0","0","0","0","0","0","0","0","0","0","0","0","0"
"0x7a6e0b9a7420","      R2UR UR5, R137","0","0","0","24576","786432","786432","32","32","0","-","-","-","0","0","0","0","0","0","0","0","0","0","0","0","0","0","0","0","0","0","0","0","0","0","0","0","0","0","0","0","0","0","0","0","0","0","0","0","0","0","0"
"0x7a6e0b9a7430","      FMNMX3 R2, R2, R3, R0, !PT","2","0","2","24576","786432","786432","32","32","0","-","-","-","0","0","0","0","0","0","0","0","0","0","0","0","0","0","0","0","0","2","0","0","0","0","0","0","0","0","0","0","0","0","0","0","0","0","0","0","0","0","0"
"0x7a6e0b9a7440","      IMAD.U32 R3, RZ, RZ, UR4","0","0","0","24576","786432","786432","32","32","0","-","-","-","0","0","0","0","0","0","0","0","0","0","0","0","0","0","0","0","0","0","0","0","0","0","0","0","0","0","0","0","0","0","0","0","0","0","0","0","0","0","0"
"0x7a6e0b9a7450","      LOP3.LUT R157, R136, 0x50, RZ, 0xfc, !PT","0","0","0","24576","786432","786432","32","32","0","-","-","-","0","0","0","0","0","0","0","0","0","0","0","0","0","0","0","0","0","0","0","0","0","0","0","0","0","0","0","0","0","0","0","0","0","0","0","0","0","0","0"
"0x7a6e0b9a7460","      FSETP.NEU.AND P0, PT, R2, -INF , PT","0","0","0","24576","786432","786432","32","32","0","-","-","-","0","0","0","0","0","0","0","0","0","0","0","0","0","0","0","0","0","0","0","0","0","0","0","0","0","0","0","0","0","0","0","0","0","0","0","0","0","0","0"
"0x7a6e0b9a7470","      LOP3.LUT R156, R136, 0x58, RZ, 0xfc, !PT","0","0","0","24576","786432","786432","32","32","0","-","-","-","0","0","0","0","0","0","0","0","0","0","0","0","0","0","0","0","0","0","0","0","0","0","0","0","0","0","0","0","0","0","0","0","0","0","0","0","0","0","0"
"0x7a6e0b9a7480","      FSEL R0, R2, RZ, P0","0","0","0","24576","786432","786432","32","32","0","-","-","-","0","0","0","0","0","0","0","0","0","0","0","0","0","0","0","0","0","0","0","0","0","0","0","0","0","0","0","0","0","0","0","0","0","0","0","0","0","0","0"
"0x7a6e0b9a7490","      FFMA R0, R0, R3, -8","2","1","2","24576","786432","786432","32","32","0","-","-","-","0","0","0","0","0","0","0","0","0","0","0","0","0","0","0","0","0","1","0","0","0","1","0","0","0","0","0","0","0","0","0","0","0","0","0","0","0","0","1"
"0x7a6e0b9a74a0","      IMAD.U32 R3, RZ, RZ, UR18","0","0","0","24576","786432","786432","32","32","0","-","-","-","0","0","0","0","0","0","0","0","0","0","0","0","0","0","0","0","0","0","0","0","0","0","0","0","0","0","0","0","0","0","0","0","0","0","0","0","0","0","0"
"0x7a6e0b9a74b0","      FFMA2 R4, R132.F32x2.HI_LO, UR4.F32, -R0.F32","1","0","1","24576","786432","786432","32","32","0","-","-","-","0","0","0","0","0","0","0","0","0","0","0","0","0","0","0","0","0","0","0","0","0","1","0","0","0","0","0","0","0","0","0","0","0","0","0","0","0","0","0"
"0x7a6e0b9a74c0","      SYNCS.ARRIVE.TRANS64.ART0 RZ, [R3+UR7+0x128], R172","1","0","1","24576","786432","786432","32","32","0","-","-","-","0","0","0","0","0","0","0","0","0","0","0","0","0","0","0","0","0","1","0","0","0","0","0","0","0","0","0","0","0","0","0","0","0","0","0","0","0","0","0"
"0x7a6e0b9a74d0","      MUFU.EX2 R170, R4","2","2","2","24576","786432","786432","32","32","0","-","-","-","0","0","0","0","0","0","0","0","0","0","0","0","0","0","0","0","0","0","0","0","0","2","0","0","0","0","0","0","0","0","0","0","0","0","0","0","0","0","2"
"0x7a6e0b9a74e0","      MUFU.EX2 R171, R5","6","5","6","24576","786432","786432","32","32","0","-","-","-","0","0","0","0","0","0","0","0","0","0","0","0","0","0","0","0","0","1","0","0","0","5","0","0","0","0","0","0","0","0","0","0","0","0","0","0","0","0","5"
"0x7a6e0b9a74f0","      FFMA2 R4, R130.F32x2.HI_LO, UR4.F32, -R0.F32","9","8","9","24576","786432","786432","32","32","0","-","-","-","0","0","0","0","0","0","0","0","0","0","0","0","0","0","0","0","0","1","8","0","0","0","0","0","0","0","0","0","0","0","0","0","0","0","0","8","0","0","0"
"0x7a6e0b9a7500","      MUFU.EX2 R168, R4","4","3","4","24576","786432","786432","32","32","0","-","-","-","0","0","0","0","0","0","0","0","0","0","0","0","0","0","0","0","0","1","0","0","0","3","0","0","0","0","0","0","0","0","0","0","0","0","0","0","0","0","3"
"0x7a6e0b9a7510","      MUFU.EX2 R169, R5","0","0","0","24576","786432","786432","32","32","0","-","-","-","0","0","0","0","0","0","0","0","0","0","0","0","0","0","0","0","0","0","0","0","0","0","0","0","0","0","0","0","0","0","0","0","0","0","0","0","0","0","0"
"0x7a6e0b9a7520","      FFMA2 R4, R128.F32x2.HI_LO, UR4.F32, -R0.F32","5","4","5","24576","786432","786432","32","32","0","-","-","-","0","0","0","0","0","0","0","0","0","0","0","0","0","0","0","0","0","1","4","0","0","0","0","0","0","0","0","0","0","0","0","0","0","0","0","4","0","0","0"
"0x7a6e0b9a7530","      MUFU.EX2 R166, R4","5","4","5","24576","786432","786432","32","32","0","-","-","-","0","0","0","0","0","0","0","0","0","0","0","0","0","0","0","0","0","1","0","0","0","4","0","0","0","0","0","0","0","0","0","0","0","0","0","0","0","0","4"
"0x7a6e0b9a7540","      MUFU.EX2 R167, R5","4","2","4","24576","786432","786432","32","32","0","-","-","-","0","0","0","0","0","0","0","0","0","0","0","0","0","0","0","0","1","1","0","0","0","2","0","0","0","0","0","0","0","0","0","0","0","0","0","0","0","0","2"
"0x7a6e0b9a7550","      FFMA2 R4, R126.F32x2.HI_LO, UR4.F32, -R0.F32","5","4","5","24576","786432","786432","32","32","0","-","-","-","0","0","0","0","0","0","0","0","0","0","0","0","0","0","0","0","0","1","4","0","0","0","0","0","0","0","0","0","0","0","0","0","0","0","0","4","0","0","0"
"0x7a6e0b9a7560","      MUFU.EX2 R154, R4","0","0","0","24576","786432","786432","32","32","0","-","-","-","0","0","0","0","0","0","0","0","0","0","0","0","0","0","0","0","0","0","0","0","0","0","0","0","0","0","0","0","0","0","0","0","0","0","0","0","0","0","0"
"0x7a6e0b9a7570","      MUFU.EX2 R155, R5","1","1","1","24576","786432","786432","32","32","0","-","-","-","0","0","0","0","0","0","0","0","0","0","0","0","0","0","0","0","0","0","0","0","0","1","0","0","0","0","0","0","0","0","0","0","0","0","0","0","0","0","1"
"0x7a6e0b9a7580","      FFMA2 R4, R124.F32x2.HI_LO, UR4.F32, -R0.F32","9","9","9","24576","786432","786432","32","32","0","-","-","-","0","0","0","0","0","0","0","0","0","0","0","0","0","0","0","0","0","0","9","0","0","0","0","0","0","0","0","0","0","0","0","0","0","0","0","9","0","0","0"
"0x7a6e0b9a7590","      MUFU.EX2 R152, R4","2","1","2","24576","786432","786432","32","32","0","-","-","-","0","0","0","0","0","0","0","0","0","0","0","0","0","0","0","0","0","1","0","0","0","1","0","0","0","0","0","0","0","0","0","0","0","0","0","0","0","0","1"
"0x7a6e0b9a75a0","      MUFU.EX2 R153, R5","1","1","1","24576","786432","786432","32","32","0","-","-","-","0","0","0","0","0","0","0","0","0","0","0","0","0","0","0","0","0","0","0","0","0","1","0","0","0","0","0","0","0","0","0","0","0","0","0","0","0","0","1"
"0x7a6e0b9a75b0","      FFMA2 R4, R122.F32x2.HI_LO, UR4.F32, -R0.F32","2","2","2","24576","786432","786432","32","32","0","-","-","-","0","0","0","0","0","0","0","0","0","0","0","0","0","0","0","0","0","0","2","0","0","0","0","0","0","0","0","0","0","0","0","0","0","0","0","2","0","0","0"
"0x7a6e0b9a75c0","      MUFU.EX2 R150, R4","1","1","1","24576","786432","786432","32","32","0","-","-","-","0","0","0","0","0","0","0","0","0","0","0","0","0","0","0","0","0","0","0","0","0","1","0","0","0","0","0","0","0","0","0","0","0","0","0","0","0","0","1"
"0x7a6e0b9a75d0","      MUFU.EX2 R151, R5","3","1","3","24576","786432","786432","32","32","0","-","-","-","0","0","0","0","0","0","0","0","0","0","0","0","0","0","0","0","0","2","0","0","0","1","0","0","0","0","0","0","0","0","0","0","0","0","0","0","0","0","1"
"0x7a6e0b9a75e0","      FFMA2 R4, R120.F32x2.HI_LO, UR4.F32, -R0.F32","4","4","4","24576","786432","786432","32","32","0","-","-","-","0","0","0","0","0","0","0","0","0","0","0","0","0","0","0","0","0","0","4","0","0","0","0","0","0","0","0","0","0","0","0","0","0","0","0","4","0","0","0"
"0x7a6e0b9a75f0","      MUFU.EX2 R148, R4","1","1","1","24576","786432","786432","32","32","0","-","-","-","0","0","0","0","0","0","0","0","0","0","0","0","0","0","0","0","0","0","0","0","0","1","0","0","0","0","0","0","0","0","0","0","0","0","0","0","0","0","1"
"0x7a6e0b9a7600","      MUFU.EX2 R149, R5","3","2","3","24576","786432","786432","32","32","0","-","-","-","0","0","0","0","0","0","0","0","0","0","0","0","0","0","0","0","0","1","0","0","0","2","0","0","0","0","0","0","0","0","0","0","0","0","0","0","0","0","2"
"0x7a6e0b9a7610","      FFMA2 R4, R118.F32x2.HI_LO, UR4.F32, -R0.F32","9","9","9","24576","786432","786432","32","32","0","-","-","-","0","0","0","0","0","0","0","0","0","0","0","0","0","0","0","0","0","0","9","0","0","0","0","0","0","0","0","0","0","0","0","0","0","0","0","9","0","0","0"
"0x7a6e0b9a7620","      MUFU.EX2 R146, R4","3","3","3","24576","786432","786432","32","32","0","-","-","-","0","0","0","0","0","0","0","0","0","0","0","0","0","0","0","0","0","0","0","0","0","3","0","0","0","0","0","0","0","0","0","0","0","0","0","0","0","0","3"
"0x7a6e0b9a7630","      MUFU.EX2 R147, R5","4","4","4","24576","786432","786432","32","32","0","-","-","-","0","0","0","0","0","0","0","0","0","0","0","0","0","0","0","0","0","0","0","0","0","4","0","0","0","0","0","0","0","0","0","0","0","0","0","0","0","0","4"
"0x7a6e0b9a7640","      FFMA2 R4, R116.F32x2.HI_LO, UR4.F32, -R0.F32","11","9","11","24576","786432","786432","32","32","0","-","-","-","0","0","0","0","0","0","0","0","0","0","0","0","0","0","0","0","0","2","9","0","0","0","0","0","0","0","0","0","0","0","0","0","0","0","0","9","0","0","0"
"0x7a6e0b9a7650","      MUFU.EX2 R144, R4","2","2","2","24576","786432","786432","32","32","0","-","-","-","0","0","0","0","0","0","0","0","0","0","0","0","0","1","0","0","0","0","0","0","0","1","0","0","0","0","0","0","0","0","1","0","0","0","0","0","0","0","1"
"0x7a6e0b9a7660","      MUFU.EX2 R145, R5","3","3","3","24576","786432","786432","32","32","0","-","-","-","0","0","0","0","0","0","0","0","0","0","0","0","0","0","0","0","0","0","0","0","0","3","0","0","0","0","0","0","0","0","0","0","0","0","0","0","0","0","3"
"0x7a6e0b9a7670","      FFMA2 R4, R114.F32x2.HI_LO, UR4.F32, -R0.F32","5","4","5","24576","786432","786432","32","32","0","-","-","-","0","0","0","0","0","0","0","0","0","0","0","0","0","0","0","0","0","1","3","0","0","1","0","0","0","0","0","0","0","0","0","0","0","0","0","3","0","0","1"
"0x7a6e0b9a7680","      MUFU.EX2 R142, R4","2","2","2","24576","786432","786432","32","32","0","-","-","-","0","0","0","0","0","0","0","0","0","0","0","0","0","1","0","0","0","0","0","0","0","1","0","0","0","0","0","0","0","0","1","0","0","0","0","0","0","0","1"
"0x7a6e0b9a7690","      MUFU.EX2 R143, R5","5","5","5","24576","786432","786432","32","32","0","-","-","-","0","0","0","0","0","0","0","0","0","0","0","0","0","0","0","0","0","0","0","0","0","5","0","0","0","0","0","0","0","0","0","0","0","0","0","0","0","0","5"
"0x7a6e0b9a76a0","      FFMA2 R4, R112.F32x2.HI_LO, UR4.F32, -R0.F32","6","5","6","24576","786432","786432","32","32","0","-","-","-","0","0","0","0","0","0","0","0","0","0","0","0","0","0","0","0","0","1","5","0","0","0","0","0","0","0","0","0","0","0","0","0","0","0","0","5","0","0","0"
"0x7a6e0b9a76b0","      MUFU.EX2 R140, R4","3","3","3","24576","786432","786432","32","32","0","-","-","-","0","0","0","0","0","0","0","0","0","0","0","0","0","0","0","0","0","0","0","0","0","3","0","0","0","0","0","0","0","0","0","0","0","0","0","0","0","0","3"
"0x7a6e0b9a76c0","      MUFU.EX2 R141, R5","2","2","2","24576","786432","786432","32","32","0","-","-","-","0","0","0","0","0","0","0","0","0","0","0","0","0","0","0","0","0","0","0","0","0","2","0","0","0","0","0","0","0","0","0","0","0","0","0","0","0","0","2"
"0x7a6e0b9a76d0","      FFMA2 R4, R110.F32x2.HI_LO, UR4.F32, -R0.F32","7","6","7","24576","786432","786432","32","32","0","-","-","-","0","0","0","0","0","0","0","0","0","0","0","0","0","0","0","0","0","0","7","0","0","0","0","0","0","0","0","0","0","0","0","0","0","0","0","6","0","0","0"
"0x7a6e0b9a76e0","      MUFU.EX2 R132, R4","2","2","2","24576","786432","786432","32","32","0","-","-","-","0","0","0","0","0","0","0","0","0","0","0","0","0","0","0","0","0","0","0","0","0","2","0","0","0","0","0","0","0","0","0","0","0","0","0","0","0","0","2"
"0x7a6e0b9a76f0","      MUFU.EX2 R133, R5","6","5","6","24576","786432","786432","32","32","0","-","-","-","0","0","0","0","0","0","0","0","0","0","0","0","0","0","0","0","1","0","0","0","0","5","0","0","0","0","0","0","0","0","0","0","0","0","0","0","0","0","5"
"0x7a6e0b9a7700","      FFMA2 R4, R108.F32x2.HI_LO, UR4.F32, -R0.F32","9","4","9","24576","786432","786432","32","32","0","-","-","-","0","0","0","0","0","0","0","0","0","0","0","0","0","0","0","0","0","2","6","0","0","1","0","0","0","0","0","0","0","0","0","0","0","0","0","3","0","0","1"
"0x7a6e0b9a7710","      MUFU.EX2 R130, R4","4","3","4","24576","786432","786432","32","32","0","-","-","-","0","0","0","0","0","0","0","0","0","0","0","0","0","1","0","0","1","0","0","0","0","2","0","0","0","0","0","0","0","0","1","0","0","0","0","0","0","0","2"
"0x7a6e0b9a7720","      MUFU.EX2 R131, R5","6","5","6","24576","786432","786432","32","32","0","-","-","-","0","0","0","0","0","0","0","0","0","0","0","0","0","0","0","0","0","1","0","0","0","5","0","0","0","0","0","0","0","0","0","0","0","0","0","0","0","0","5"
"0x7a6e0b9a7730","      FFMA2 R4, R106.F32x2.HI_LO, UR4.F32, -R0.F32","7","5","7","24576","786432","786432","32","32","0","-","-","-","0","0","0","0","0","0","0","0","0","0","0","0","0","0","0","0","0","0","7","0","0","0","0","0","0","0","0","0","0","0","0","0","0","0","0","5","0","0","0"
"0x7a6e0b9a7740","      MUFU.EX2 R128, R4","6","4","6","24576","786432","786432","32","32","0","-","-","-","0","0","0","0","0","0","0","0","0","0","0","0","0","1","0","0","0","1","0","0","0","4","0","0","0","0","0","0","0","0","1","0","0","0","0","0","0","0","3"
"0x7a6e0b9a7750","      MUFU.EX2 R129, R5","2","2","2","24576","786432","786432","32","32","0","-","-","-","0","0","0","0","0","0","0","0","0","0","0","0","0","0","0","0","0","0","0","0","0","2","0","0","0","0","0","0","0","0","0","0","0","0","0","0","0","0","2"
"0x7a6e0b9a7760","      FFMA2 R4, R104.F32x2.HI_LO, UR4.F32, -R0.F32","9","6","9","24576","786432","786432","32","32","0","-","-","-","0","0","0","0","0","0","0","0","0","0","0","0","0","0","0","0","0","0","8","0","0","1","0","0","0","0","0","0","0","0","0","0","0","0","0","6","0","0","0"
"0x7a6e0b9a7770","      MUFU.EX2 R126, R4","2","1","2","24576","786432","786432","32","32","0","-","-","-","0","0","0","0","0","0","0","0","0","0","0","0","0","0","0","0","0","0","0","0","0","2","0","0","0","0","0","0","0","0","0","0","0","0","0","0","0","0","1"
"0x7a6e0b9a7780","      MUFU.EX2 R127, R5","4","3","4","24576","786432","786432","32","32","0","-","-","-","0","0","0","0","0","0","0","0","0","0","0","0","0","0","0","0","0","0","0","0","0","4","0","0","0","0","0","0","0","0","0","0","0","0","0","0","0","0","3"
"0x7a6e0b9a7790","      FFMA2 R4, R102.F32x2.HI_LO, UR4.F32, -R0.F32","8","2","8","24576","786432","786432","32","32","0","-","-","-","0","0","0","0","0","0","0","0","0","0","0","0","0","0","0","0","0","2","6","0","0","0","0","0","0","0","0","0","0","0","0","0","0","0","0","2","0","0","0"
"0x7a6e0b9a77a0","      MUFU.EX2 R124, R4","1","0","1","24576","786432","786432","32","32","0","-","-","-","0","0","0","0","0","0","0","0","0","0","0","0","0","0","0","0","0","0","0","0","0","1","0","0","0","0","0","0","0","0","0","0","0","0","0","0","0","0","0"
"0x7a6e0b9a77b0","      MUFU.EX2 R125, R5","8","3","8","24576","786432","786432","32","32","0","-","-","-","0","0","0","0","0","0","0","0","0","0","0","0","0","0","0","0","0","0","0","0","0","8","0","0","0","0","0","0","0","0","0","0","0","0","0","0","0","0","3"
"0x7a6e0b9a77c0","      FFMA2 R4, R100.F32x2.HI_LO, UR4.F32, -R0.F32","9","5","9","24576","786432","786432","32","32","0","-","-","-","0","0","0","0","0","0","0","0","0","0","0","0","0","0","0","0","0","1","8","0","0","0","0","0","0","0","0","0","0","0","0","0","0","0","0","5","0","0","0"
"0x7a6e0b9a77d0","      MUFU.EX2 R122, R4","3","1","3","24576","786432","786432","32","32","0","-","-","-","0","0","0","0","0","0","0","0","0","0","0","0","0","0","0","0","0","1","0","0","0","2","0","0","0","0","0","0","0","0","0","0","0","0","0","0","0","0","1"
"0x7a6e0b9a77e0","      MUFU.EX2 R123, R5","4","3","4","24576","786432","786432","32","32","0","-","-","-","0","0","0","0","0","0","0","0","0","0","0","0","0","0","0","0","0","0","0","0","0","4","0","0","0","0","0","0","0","0","0","0","0","0","0","0","0","0","3"
"0x7a6e0b9a77f0","      FFMA2 R4, R98.F32x2.HI_LO, UR4.F32, -R0.F32","7","2","7","24576","786432","786432","32","32","0","-","-","-","0","0","0","0","0","0","0","0","0","0","0","0","0","0","0","0","0","0","7","0","0","0","0","0","0","0","0","0","0","0","0","0","0","0","0","2","0","0","0"
"0x7a6e0b9a7800","      MUFU.EX2 R120, R4","5","4","5","24576","786432","786432","32","32","0","-","-","-","0","0","0","0","0","0","0","0","0","0","0","0","0","0","0","0","0","0","0","0","0","5","0","0","0","0","0","0","0","0","0","0","0","0","0","0","0","0","4"
"0x7a6e0b9a7810","      MUFU.EX2 R121, R5","9","5","9","24576","786432","786432","32","32","0","-","-","-","0","0","0","0","0","0","0","0","0","0","0","0","0","0","0","0","0","2","0","0","0","7","0","0","0","0","0","0","0","0","0","0","0","0","0","0","0","0","5"
"0x7a6e0b9a7820","      FFMA2 R4, R96.F32x2.HI_LO, UR4.F32, -R0.F32","5","3","5","24576","786432","786432","32","32","0","-","-","-","0","0","0","0","0","0","0","0","0","0","0","0","0","0","0","0","0","0","5","0","0","0","0","0","0","0","0","0","0","0","0","0","0","0","0","3","0","0","0"
"0x7a6e0b9a7830","      MUFU.EX2 R118, R4","2","1","2","24576","786432","786432","32","32","0","-","-","-","0","0","0","0","0","0","0","0","0","0","0","0","0","0","0","0","0","1","0","0","0","1","0","0","0","0","0","0","0","0","0","0","0","0","0","0","0","0","1"
"0x7a6e0b9a7840","      MUFU.EX2 R119, R5","3","2","3","24576","786432","786432","32","32","0","-","-","-","0","0","0","0","0","0","0","0","0","0","0","0","0","0","0","0","0","0","0","0","0","3","0","0","0","0","0","0","0","0","0","0","0","0","0","0","0","0","2"
"0x7a6e0b9a7850","      FFMA2 R4, R94.F32x2.HI_LO, UR4.F32, -R0.F32","5","2","5","24576","786432","786432","32","32","0","-","-","-","0","0","0","0","0","0","0","0","0","0","0","0","0","0","0","0","0","0","5","0","0","0","0","0","0","0","0","0","0","0","0","0","0","0","0","2","0","0","0"
"0x7a6e0b9a7860","      MUFU.EX2 R116, R4","3","3","3","24576","786432","786432","32","32","0","-","-","-","0","0","0","0","0","0","0","0","0","0","0","0","0","1","0","0","0","0","0","0","0","2","0","0","0","0","0","0","0","0","1","0","0","0","0","0","0","0","2"
"0x7a6e0b9a7870","      MUFU.EX2 R117, R5","5","3","5","24576","786432","786432","32","32","0","-","-","-","0","0","0","0","0","0","0","0","0","0","0","0","0","0","0","0","0","1","0","0","0","4","0","0","0","0","0","0","0","0","0","0","0","0","0","0","0","0","3"
"0x7a6e0b9a7880","      FFMA2 R4, R92.F32x2.HI_LO, UR4.F32, -R0.F32","6","4","6","24576","786432","786432","32","32","0","-","-","-","0","0","0","0","0","0","0","0","0","0","0","0","0","0","0","0","0","0","6","0","0","0","0","0","0","0","0","0","0","0","0","0","0","0","0","4","0","0","0"
"0x7a6e0b9a7890","      MUFU.EX2 R114, R4","5","3","5","24576","786432","786432","32","32","0","-","-","-","0","0","0","0","0","0","0","0","0","0","0","0","0","1","0","0","0","2","0","0","0","2","0","0","0","0","0","0","0","0","1","0","0","0","0","0","0","0","2"
"0x7a6e0b9a78a0","      MUFU.EX2 R115, R5","3","2","3","24576","786432","786432","32","32","0","-","-","-","0","0","0","0","0","0","0","0","0","0","0","0","0","0","0","0","0","0","0","0","0","3","0","0","0","0","0","0","0","0","0","0","0","0","0","0","0","0","2"
"0x7a6e0b9a78b0","      FFMA2 R4, R90.F32x2.HI_LO, UR4.F32, -R0.F32","2","1","2","24576","786432","786432","32","32","0","-","-","-","0","0","0","0","0","0","0","0","0","0","0","0","0","0","0","0","0","0","2","0","0","0","0","0","0","0","0","0","0","0","0","0","0","0","0","1","0","0","0"
"0x7a6e0b9a78c0","      MUFU.EX2 R112, R4","0","0","0","24576","786432","786432","32","32","0","-","-","-","0","0","0","0","0","0","0","0","0","0","0","0","0","0","0","0","0","0","0","0","0","0","0","0","0","0","0","0","0","0","0","0","0","0","0","0","0","0","0"
"0x7a6e0b9a78d0","      MUFU.EX2 R113, R5","0","0","0","24576","786432","786432","32","32","0","-","-","-","0","0","0","0","0","0","0","0","0","0","0","0","0","0","0","0","0","0","0","0","0","0","0","0","0","0","0","0","0","0","0","0","0","0","0","0","0","0","0"
"0x7a6e0b9a78e0","      FFMA2 R4, R88.F32x2.HI_LO, UR4.F32, -R0.F32","2","0","2","24576","786432","786432","32","32","0","-","-","-","0","0","0","0","0","0","0","0","0","0","0","0","0","0","0","0","0","1","0","0","0","1","0","0","0","0","0","0","0","0","0","0","0","0","0","0","0","0","0"
"0x7a6e0b9a78f0","      MUFU.EX2 R110, R4","2","2","2","24576","786432","786432","32","32","0","-","-","-","0","0","0","0","0","0","0","0","0","0","0","0","0","0","0","0","0","0","0","0","0","2","0","0","0","0","0","0","0","0","0","0","0","0","0","0","0","0","2"
"0x7a6e0b9a7900","      MUFU.EX2 R111, R5","5","4","5","24576","786432","786432","32","32","0","-","-","-","0","0","0","0","0","0","0","0","0","0","0","0","0","0","0","0","0","1","0","0","0","4","0","0","0","0","0","0","0","0","0","0","0","0","0","0","0","0","4"
"0x7a6e0b9a7910","      FFMA2 R4, R86.F32x2.HI_LO, UR4.F32, -R0.F32","11","8","11","24576","786432","786432","32","32","0","-","-","-","0","0","0","0","0","0","0","0","0","0","0","0","0","0","0","0","0","0","8","0","0","3","0","0","0","0","0","0","0","0","0","0","0","0","0","7","0","0","1"
"0x7a6e0b9a7920","      MUFU.EX2 R108, R4","3","0","3","24576","786432","786432","32","32","0","-","-","-","0","0","0","0","0","0","0","0","0","0","0","0","0","0","0","0","0","2","0","0","0","1","0","0","0","0","0","0","0","0","0","0","0","0","0","0","0","0","0"
"0x7a6e0b9a7930","      MUFU.EX2 R109, R5","4","3","4","24576","786432","786432","32","32","0","-","-","-","0","0","0","0","0","0","0","0","0","0","0","0","0","2","0","0","0","1","0","0","0","1","0","0","0","0","0","0","0","0","2","0","0","0","0","0","0","0","1"
"0x7a6e0b9a7940","      FFMA2 R4, R84.F32x2.HI_LO, UR4.F32, -R0.F32","7","4","7","24576","786432","786432","32","32","0","-","-","-","0","0","0","0","0","0","0","0","0","0","0","0","0","0","0","0","0","0","7","0","0","0","0","0","0","0","0","0","0","0","0","0","0","0","0","4","0","0","0"
"0x7a6e0b9a7950","      MUFU.EX2 R106, R4","0","0","0","24576","786432","786432","32","32","0","-","-","-","0","0","0","0","0","0","0","0","0","0","0","0","0","0","0","0","0","0","0","0","0","0","0","0","0","0","0","0","0","0","0","0","0","0","0","0","0","0","0"
"0x7a6e0b9a7960","      MUFU.EX2 R107, R5","1","0","1","24576","786432","786432","32","32","0","-","-","-","0","0","0","0","0","0","0","0","0","0","0","0","0","0","0","0","0","1","0","0","0","0","0","0","0","0","0","0","0","0","0","0","0","0","0","0","0","0","0"
"0x7a6e0b9a7970","      FFMA2 R4, R82.F32x2.HI_LO, UR4.F32, -R0.F32","6","3","6","24576","786432","786432","32","32","0","-","-","-","0","0","0","0","0","0","0","0","0","0","0","0","0","0","0","0","0","1","4","0","0","1","0","0","0","0","0","0","0","0","0","0","0","0","0","3","0","0","0"
"0x7a6e0b9a7980","      MUFU.EX2 R104, R4","5","3","5","24576","786432","786432","32","32","0","-","-","-","0","0","0","0","0","0","0","0","0","0","0","0","0","0","0","0","0","0","0","0","0","5","0","0","0","0","0","0","0","0","0","0","0","0","0","0","0","0","3"
"0x7a6e0b9a7990","      MUFU.EX2 R105, R5","6","2","6","24576","786432","786432","32","32","0","-","-","-","0","0","0","0","0","0","0","0","0","0","0","0","0","0","0","0","0","2","0","0","0","4","0","0","0","0","0","0","0","0","0","0","0","0","0","0","0","0","2"
"0x7a6e0b9a79a0","      FFMA2 R4, R80.F32x2.HI_LO, UR4.F32, -R0.F32","6","6","6","24576","786432","786432","32","32","0","-","-","-","0","0","0","0","0","0","0","0","0","0","0","0","0","0","0","0","0","0","6","0","0","0","0","0","0","0","0","0","0","0","0","0","0","0","0","6","0","0","0"
"0x7a6e0b9a79b0","      MUFU.EX2 R102, R4","2","1","2","24576","786432","786432","32","32","0","-","-","-","0","0","0","0","0","0","0","0","0","0","0","0","0","0","0","0","0","1","0","0","0","1","0","0","0","0","0","0","0","0","0","0","0","0","0","0","0","0","1"
"0x7a6e0b9a79c0","      MUFU.EX2 R103, R5","2","0","2","24576","786432","786432","32","32","0","-","-","-","0","0","0","0","0","0","0","0","0","0","0","0","0","0","0","0","0","1","0","0","0","1","0","0","0","0","0","0","0","0","0","0","0","0","0","0","0","0","0"
"0x7a6e0b9a79d0","      FFMA2 R4, R78.F32x2.HI_LO, UR4.F32, -R0.F32","9","5","9","24576","786432","786432","32","32","0","-","-","-","0","0","0","0","0","0","0","0","0","0","0","0","0","0","0","0","0","1","8","0","0","0","0","0","0","0","0","0","0","0","0","0","0","0","0","5","0","0","0"
"0x7a6e0b9a79e0","      MUFU.EX2 R100, R4","5","3","5","24576","786432","786432","32","32","0","-","-","-","0","0","0","0","0","0","0","0","0","0","0","0","0","0","0","0","0","1","0","0","0","4","0","0","0","0","0","0","0","0","0","0","0","0","0","0","0","0","3"
"0x7a6e0b9a79f0","      MUFU.EX2 R101, R5","2","0","2","24576","786432","786432","32","32","0","-","-","-","0","0","0","0","0","0","0","0","0","0","0","0","0","0","0","0","1","1","0","0","0","0","0","0","0","0","0","0","0","0","0","0","0","0","0","0","0","0","0"
"0x7a6e0b9a7a00","      FFMA2 R4, R76.F32x2.HI_LO, UR4.F32, -R0.F32","11","9","11","24576","786432","786432","32","32","0","-","-","-","0","0","0","0","0","0","0","0","0","0","0","0","0","0","0","0","0","0","11","0","0","0","0","0","0","0","0","0","0","0","0","0","0","0","0","9","0","0","0"
"0x7a6e0b9a7a10","      MUFU.EX2 R98, R4","0","0","0","24576","786432","786432","32","32","0","-","-","-","0","0","0","0","0","0","0","0","0","0","0","0","0","0","0","0","0","0","0","0","0","0","0","0","0","0","0","0","0","0","0","0","0","0","0","0","0","0","0"
"0x7a6e0b9a7a20","      MUFU.EX2 R99, R5","5","2","5","24576","786432","786432","32","32","0","-","-","-","0","0","0","0","0","0","0","0","0","0","0","0","0","0","0","0","0","1","0","0","0","4","0","0","0","0","0","0","0","0","0","0","0","0","0","0","0","0","2"
"0x7a6e0b9a7a30","      FFMA2 R4, R74.F32x2.HI_LO, UR4.F32, -R0.F32","5","2","5","24576","786432","786432","32","32","0","-","-","-","0","0","0","0","0","0","0","0","0","0","0","0","0","0","0","0","0","0","5","0","0","0","0","0","0","0","0","0","0","0","0","0","0","0","0","2","0","0","0"
"0x7a6e0b9a7a40","      MUFU.EX2 R96, R4","3","2","3","24576","786432","786432","32","32","0","-","-","-","0","0","0","0","0","0","0","0","0","0","0","0","0","0","0","0","0","0","0","0","0","3","0","0","0","0","0","0","0","0","0","0","0","0","0","0","0","0","2"
"0x7a6e0b9a7a50","      MUFU.EX2 R97, R5","2","2","2","24576","786432","786432","32","32","0","-","-","-","0","0","0","0","0","0","0","0","0","0","0","0","0","0","0","0","0","0","0","0","0","2","0","0","0","0","0","0","0","0","0","0","0","0","0","0","0","0","2"
"0x7a6e0b9a7a60","      FFMA2 R4, R72.F32x2.HI_LO, UR4.F32, -R0.F32","12","8","12","24576","786432","786432","32","32","0","-","-","-","0","0","0","0","0","0","0","0","0","0","0","0","0","0","0","0","0","1","11","0","0","0","0","0","0","0","0","0","0","0","0","0","0","0","0","8","0","0","0"
"0x7a6e0b9a7a70","      MUFU.EX2 R94, R4","2","1","2","24576","786432","786432","32","32","0","-","-","-","0","0","0","0","0","0","0","0","0","0","0","0","0","0","0","0","0","1","0","0","0","1","0","0","0","0","0","0","0","0","0","0","0","0","0","0","0","0","1"
"0x7a6e0b9a7a80","      MUFU.EX2 R95, R5","2","0","2","24576","786432","786432","32","32","0","-","-","-","0","0","0","0","0","0","0","0","0","0","0","0","0","0","0","0","0","0","0","0","0","2","0","0","0","0","0","0","0","0","0","0","0","0","0","0","0","0","0"
"0x7a6e0b9a7a90","      FFMA2 R4, R70.F32x2.HI_LO, UR4.F32, -R0.F32","1","0","1","24576","786432","786432","32","32","0","-","-","-","0","0","0","0","0","0","0","0","0","0","0","0","0","0","0","0","0","0","1","0","0","0","0","0","0","0","0","0","0","0","0","0","0","0","0","0","0","0","0"
"0x7a6e0b9a7aa0","      MUFU.EX2 R92, R4","2","1","2","24576","786432","786432","32","32","0","-","-","-","0","0","0","0","0","0","0","0","0","0","0","0","0","0","0","0","0","1","0","0","0","1","0","0","0","0","0","0","0","0","0","0","0","0","0","0","0","0","1"
"0x7a6e0b9a7ab0","      MUFU.EX2 R93, R5","2","1","2","24576","786432","786432","32","32","0","-","-","-","0","0","0","0","0","0","0","0","0","0","0","0","0","0","0","0","0","0","0","0","0","2","0","0","0","0","0","0","0","0","0","0","0","0","0","0","0","0","1"
"0x7a6e0b9a7ac0","      FFMA2 R4, R68.F32x2.HI_LO, UR4.F32, -R0.F32","5","0","5","24576","786432","786432","32","32","0","-","-","-","0","0","0","0","0","0","0","0","0","0","0","0","0","0","0","0","0","1","3","0","0","1","0","0","0","0","0","0","0","0","0","0","0","0","0","0","0","0","0"
"0x7a6e0b9a7ad0","      MUFU.EX2 R90, R4","0","0","0","24576","786432","786432","32","32","0","-","-","-","0","0","0","0","0","0","0","0","0","0","0","0","0","0","0","0","0","0","0","0","0","0","0","0","0","0","0","0","0","0","0","0","0","0","0","0","0","0","0"
"0x7a6e0b9a7ae0","      MUFU.EX2 R91, R5","7","1","7","24576","786432","786432","32","32","0","-","-","-","0","0","0","0","0","0","0","0","0","0","0","0","0","0","0","0","0","2","0","0","0","5","0","0","0","0","0","0","0","0","0","0","0","0","0","0","0","0","1"
"0x7a6e0b9a7af0","      FFMA2 R4, R66.F32x2.HI_LO, UR4.F32, -R0.F32","9","5","9","24576","786432","786432","32","32","0","-","-","-","0","0","0","0","0","0","0","0","0","0","0","0","0","0","0","0","0","0","9","0","0","0","0","0","0","0","0","0","0","0","0","0","0","0","0","5","0","0","0"
"0x7a6e0b9a7b00","      MUFU.EX2 R88, R4","0","0","0","24576","786432","786432","32","32","0","-","-","-","0","0","0","0","0","0","0","0","0","0","0","0","0","0","0","0","0","0","0","0","0","0","0","0","0","0","0","0","0","0","0","0","0","0","0","0","0","0","0"
"0x7a6e0b9a7b10","      MUFU.EX2 R89, R5","3","3","3","24576","786432","786432","32","32","0","-","-","-","0","0","0","0","0","0","0","0","0","0","0","0","0","0","0","0","0","0","0","0","0","3","0","0","0","0","0","0","0","0","0","0","0","0","0","0","0","0","3"
"0x7a6e0b9a7b20","      FFMA2 R4, R64.F32x2.HI_LO, UR4.F32, -R0.F32","7","5","7","24576","786432","786432","32","32","0","-","-","-","0","0","0","0","0","0","0","0","0","0","0","0","0","0","0","0","0","0","6","0","0","1","0","0","0","0","0","0","0","0","0","0","0","0","0","5","0","0","0"
"0x7a6e0b9a7b30","      MUFU.EX2 R86, R4","1","0","1","24576","786432","786432","32","32","0","-","-","-","0","0","0","0","0","0","0","0","0","0","0","0","0","0","0","0","0","0","0","0","0","1","0","0","0","0","0","0","0","0","0","0","0","0","0","0","0","0","0"
"0x7a6e0b9a7b40","      MUFU.EX2 R87, R5","4","4","4","24576","786432","786432","32","32","0","-","-","-","0","0","0","0","0","0","0","0","0","0","0","0","0","0","0","0","0","0","0","0","0","4","0","0","0","0","0","0","0","0","0","0","0","0","0","0","0","0","4"
"0x7a6e0b9a7b50","      FFMA2 R4, R62.F32x2.HI_LO, UR4.F32, -R0.F32","5","3","5","24576","786432","786432","32","32","0","-","-","-","0","0","0","0","0","0","0","0","0","0","0","1","0","0","0","0","1","0","3","0","0","0","0","0","0","0","0","0","1","0","0","0","0","0","0","2","0","0","0"
"0x7a6e0b9a7b60","      MUFU.EX2 R84, R4","4","2","4","24576","786432","786432","32","32","0","-","-","-","0","0","0","0","0","0","0","0","0","0","0","0","0","0","0","0","0","2","0","0","0","2","0","0","0","0","0","0","0","0","0","0","0","0","0","0","0","0","2"
"0x7a6e0b9a7b70","      MUFU.EX2 R85, R5","6","3","6","24576","786432","786432","32","32","0","-","-","-","0","0","0","0","0","0","0","0","0","0","0","0","0","0","0","0","2","0","0","0","0","4","0","0","0","0","0","0","0","0","0","0","0","0","0","0","0","0","3"
"0x7a6e0b9a7b80","      FFMA2 R4, R60.F32x2.HI_LO, UR4.F32, -R0.F32","5","2","5","24576","786432","786432","32","32","0","-","-","-","0","0","0","0","0","0","0","0","0","0","0","1","0","0","0","0","0","2","2","0","0","0","0","0","0","0","0","0","1","0","0","0","0","0","0","1","0","0","0"
"0x7a6e0b9a7b90","      MUFU.EX2 R82, R4","0","0","0","24576","786432","786432","32","32","0","-","-","-","0","0","0","0","0","0","0","0","0","0","0","0","0","0","0","0","0","0","0","0","0","0","0","0","0","0","0","0","0","0","0","0","0","0","0","0","0","0","0"
"0x7a6e0b9a7ba0","      MUFU.EX2 R83, R5","3","3","3","24576","786432","786432","32","32","0","-","-","-","0","0","0","0","0","0","0","0","0","0","0","0","0","0","0","0","0","0","0","0","0","3","0","0","0","0","0","0","0","0","0","0","0","0","0","0","0","0","3"
"0x7a6e0b9a7bb0","      FFMA2 R4, R58.F32x2.HI_LO, UR4.F32, -R0.F32","8","5","8","24576","786432","786432","32","32","0","-","-","-","0","0","0","0","0","0","0","0","0","0","0","1","0","0","0","0","0","0","7","0","0","0","0","0","0","0","0","0","1","0","0","0","0","0","0","4","0","0","0"
"0x7a6e0b9a7bc0","      MUFU.EX2 R80, R4","4","1","4","24576","786432","786432","32","32","0","-","-","-","0","0","0","0","0","0","0","0","0","0","0","0","0","0","0","0","0","2","0","0","0","2","0","0","0","0","0","0","0","0","0","0","0","0","0","0","0","0","1"
"0x7a6e0b9a7bd0","      MUFU.EX2 R81, R5","6","6","6","24576","786432","786432","32","32","0","-","-","-","0","0","0","0","0","0","0","0","0","0","0","0","0","0","0","0","0","0","0","0","0","6","0","0","0","0","0","0","0","0","0","0","0","0","0","0","0","0","6"
"0x7a6e0b9a7be0","      FFMA2 R4, R56.F32x2.HI_LO, UR4.F32, -R0.F32","5","2","5","24576","786432","786432","32","32","0","-","-","-","0","0","0","0","0","0","0","0","0","0","0","2","0","0","0","0","1","0","2","0","0","0","0","0","0","0","0","0","0","0","0","0","0","0","0","2","0","0","0"
"0x7a6e0b9a7bf0","      MUFU.EX2 R78, R4","3","3","3","24576","786432","786432","32","32","0","-","-","-","0","0","0","0","0","0","0","0","0","0","0","0","0","0","0","0","0","0","0","0","0","3","0","0","0","0","0","0","0","0","0","0","0","0","0","0","0","0","3"
"0x7a6e0b9a7c00","      MUFU.EX2 R79, R5","5","2","5","24576","786432","786432","32","32","0","-","-","-","0","0","0","0","0","0","0","0","0","0","0","0","0","0","0","0","0","1","0","0","0","4","0","0","0","0","0","0","0","0","0","0","0","0","0","0","0","0","2"
"0x7a6e0b9a7c10","      FFMA2 R4, R54.F32x2.HI_LO, UR4.F32, -R0.F32","5","2","5","24576","786432","786432","32","32","0","-","-","-","0","0","0","0","0","0","0","0","0","0","0","0","0","0","0","0","1","2","2","0","0","0","0","0","0","0","0","0","0","0","0","0","0","0","0","2","0","0","0"
"0x7a6e0b9a7c20","      MUFU.EX2 R76, R4","1","1","1","24576","786432","786432","32","32","0","-","-","-","0","0","0","0","0","0","0","0","0","0","0","0","0","0","0","0","0","0","0","0","0","1","0","0","0","0","0","0","0","0","0","0","0","0","0","0","0","0","1"
"0x7a6e0b9a7c30","      MUFU.EX2 R77, R5","1","1","1","24576","786432","786432","32","32","0","-","-","-","0","0","0","0","0","0","0","0","0","0","0","0","0","0","0","0","0","0","0","0","0","1","0","0","0","0","0","0","0","0","0","0","0","0","0","0","0","0","1"
"0x7a6e0b9a7c40","      FFMA2 R4, R52.F32x2.HI_LO, UR4.F32, -R0.F32","6","5","6","24576","786432","786432","32","32","0","-","-","-","0","0","0","0","0","0","0","0","0","0","0","0","0","0","0","0","0","0","6","0","0","0","0","0","0","0","0","0","0","0","0","0","0","0","0","5","0","0","0"
"0x7a6e0b9a7c50","      MUFU.EX2 R74, R4","5","3","5","24576","786432","786432","32","32","0","-","-","-","0","0","0","0","0","0","0","0","0","0","0","0","0","0","0","0","0","1","0","0","0","4","0","0","0","0","0","0","0","0","0","0","0","0","0","0","0","0","3"
"0x7a6e0b9a7c60","      MUFU.EX2 R75, R5","5","5","5","24576","786432","786432","32","32","0","-","-","-","0","0","0","0","0","0","0","0","0","0","0","0","0","0","0","0","0","0","0","0","0","5","0","0","0","0","0","0","0","0","0","0","0","0","0","0","0","0","5"
"0x7a6e0b9a7c70","      FFMA2 R4, R50.F32x2.HI_LO, UR4.F32, -R0.F32","5","4","5","24576","786432","786432","32","32","0","-","-","-","0","0","0","0","0","0","0","0","0","0","0","0","0","0","0","0","0","1","4","0","0","0","0","0","0","0","0","0","0","0","0","0","0","0","0","4","0","0","0"
"0x7a6e0b9a7c80","      MUFU.EX2 R72, R4","2","1","2","24576","786432","786432","32","32","0","-","-","-","0","0","0","0","0","0","0","0","0","0","0","0","0","0","0","0","0","1","0","0","0","1","0","0","0","0","0","0","0","0","0","0","0","0","0","0","0","0","1"
"0x7a6e0b9a7c90","      MUFU.EX2 R73, R5","4","4","4","24576","786432","786432","32","32","0","-","-","-","0","0","0","0","0","0","0","0","0","0","0","0","0","0","0","0","0","0","0","0","0","4","0","0","0","0","0","0","0","0","0","0","0","0","0","0","0","0","4"
"0x7a6e0b9a7ca0","      FFMA2 R4, R48.F32x2.HI_LO, UR4.F32, -R0.F32","9","7","9","24576","786432","786432","32","32","0","-","-","-","0","0","0","0","0","0","0","0","0","0","0","0","0","0","0","0","0","1","8","0","0","0","0","0","0","0","0","0","0","0","0","0","0","0","0","7","0","0","0"
"0x7a6e0b9a7cb0","      MUFU.EX2 R70, R4","1","1","1","24576","786432","786432","32","32","0","-","-","-","0","0","0","0","0","0","0","0","0","0","0","0","0","0","0","0","0","0","0","0","0","1","0","0","0","0","0","0","0","0","0","0","0","0","0","0","0","0","1"
"0x7a6e0b9a7cc0","      MUFU.EX2 R71, R5","0","0","0","24576","786432","786432","32","32","0","-","-","-","0","0","0","0","0","0","0","0","0","0","0","0","0","0","0","0","0","0","0","0","0","0","0","0","0","0","0","0","0","0","0","0","0","0","0","0","0","0","0"
"0x7a6e0b9a7cd0","      FFMA2 R4, R38.F32x2.HI_LO, UR4.F32, -R0.F32","4","4","4","24576","786432","786432","32","32","0","-","-","-","0","0","0","0","0","0","0","0","0","0","0","0","0","0","0","0","0","0","4","0","0","0","0","0","0","0","0","0","0","0","0","0","0","0","0","4","0","0","0"
"0x7a6e0b9a7ce0","      MUFU.EX2 R68, R4","1","1","1","24576","786432","786432","32","32","0","-","-","-","0","0","0","0","0","0","0","0","0","0","0","0","0","0","0","0","0","0","0","0","0","1","0","0","0","0","0","0","0","0","0","0","0","0","0","0","0","0","1"
"0x7a6e0b9a7cf0","      MUFU.EX2 R69, R5","6","5","6","24576","786432","786432","32","32","0","-","-","-","0","0","0","0","0","0","0","0","0","0","0","0","0","0","0","0","0","0","0","0","0","6","0","0","0","0","0","0","0","0","0","0","0","0","0","0","0","0","5"
"0x7a6e0b9a7d00","      FFMA2 R4, R40.F32x2.HI_LO, UR4.F32, -R0.F32","8","6","8","24576","786432","786432","32","32","0","-","-","-","0","0","0","0","0","0","0","0","0","0","0","0","0","0","0","0","0","2","6","0","0","0","0","0","0","0","0","0","0","0","0","0","0","0","0","6","0","0","0"
"0x7a6e0b9a7d10","      MUFU.EX2 R66, R4","3","2","3","24576","786432","786432","32","32","0","-","-","-","0","0","0","0","0","0","0","0","0","0","0","0","0","0","0","0","0","1","0","0","0","2","0","0","0","0","0","0","0","0","0","0","0","0","0","0","0","0","2"
"0x7a6e0b9a7d20","      MUFU.EX2 R67, R5","1","1","1","24576","786432","786432","32","32","0","-","-","-","0","0","0","0","0","0","0","0","0","0","0","0","0","0","0","0","0","0","0","0","0","1","0","0","0","0","0","0","0","0","0","0","0","0","0","0","0","0","1"
"0x7a6e0b9a7d30","      FFMA2 R4, R42.F32x2.HI_LO, UR4.F32, -R0.F32","6","5","6","24576","786432","786432","32","32","0","-","-","-","0","0","0","0","0","0","0","0","0","0","0","0","0","0","0","0","0","1","5","0","0","0","0","0","0","0","0","0","0","0","0","0","0","0","0","5","0","0","0"
"0x7a6e0b9a7d40","      MUFU.EX2 R64, R4","1","1","1","24576","786432","786432","32","32","0","-","-","-","0","0","0","0","0","0","0","0","0","0","0","0","0","0","0","0","0","0","0","0","0","1","0","0","0","0","0","0","0","0","0","0","0","0","0","0","0","0","1"
"0x7a6e0b9a7d50","      MUFU.EX2 R65, R5","2","2","2","24576","786432","786432","32","32","0","-","-","-","0","0","0","0","0","0","0","0","0","0","0","0","0","0","0","0","0","0","0","0","0","2","0","0","0","0","0","0","0","0","0","0","0","0","0","0","0","0","2"
"0x7a6e0b9a7d60","      FFMA2 R4, R44.F32x2.HI_LO, UR4.F32, -R0.F32","10","9","10","24576","786432","786432","32","32","0","-","-","-","0","0","0","0","0","0","0","0","0","0","0","0","0","0","0","0","0","1","8","0","0","1","0","0","0","0","0","0","0","0","0","0","0","0","0","8","0","0","1"
"0x7a6e0b9a7d70","      MUFU.EX2 R62, R4","2","2","2","24576","786432","786432","32","32","0","-","-","-","0","0","0","0","0","0","0","0","0","0","0","0","0","0","0","0","0","0","0","0","0","2","0","0","0","0","0","0","0","0","0","0","0","0","0","0","0","0","2"
"0x7a6e0b9a7d80","      MUFU.EX2 R63, R5","2","1","2","24576","786432","786432","32","32","0","-","-","-","0","0","0","0","0","0","0","0","0","0","0","0","0","0","0","0","0","1","0","0","0","1","0","0","0","0","0","0","0","0","0","0","0","0","0","0","0","0","1"
"0x7a6e0b9a7d90","      FFMA2 R4, R46.F32x2.HI_LO, UR4.F32, -R0.F32","4","4","4","24576","786432","786432","32","32","0","-","-","-","0","0","0","0","0","0","0","0","0","0","0","0","0","0","0","0","0","0","4","0","0","0","0","0","0","0","0","0","0","0","0","0","0","0","0","4","0","0","0"
"0x7a6e0b9a7da0","      MUFU.EX2 R60, R4","0","0","0","24576","786432","786432","32","32","0","-","-","-","0","0","0","0","0","0","0","0","0","0","0","0","0","0","0","0","0","0","0","0","0","0","0","0","0","0","0","0","0","0","0","0","0","0","0","0","0","0","0"
"0x7a6e0b9a7db0","      MUFU.EX2 R61, R5","4","4","4","24576","786432","786432","32","32","0","-","-","-","0","0","0","0","0","0","0","0","0","0","0","0","0","0","0","0","0","0","0","0","0","4","0","0","0","0","0","0","0","0","0","0","0","0","0","0","0","0","4"
"0x7a6e0b9a7dc0","      FFMA2 R4, R36.F32x2.HI_LO, UR4.F32, -R0.F32","8","7","8","24576","786432","786432","32","32","0","-","-","-","0","0","0","0","0","0","0","0","0","0","0","0","0","0","0","0","0","1","7","0","0","0","0","0","0","0","0","0","0","0","0","0","0","0","0","7","0","0","0"
"0x7a6e0b9a7dd0","      MUFU.EX2 R58, R4","1","1","1","24576","786432","786432","32","32","0","-","-","-","0","0","0","0","0","0","0","0","0","0","0","0","0","0","0","0","0","0","0","0","0","1","0","0","0","0","0","0","0","0","0","0","0","0","0","0","0","0","1"
"0x7a6e0b9a7de0","      MUFU.EX2 R59, R5","3","3","3","24576","786432","786432","32","32","0","-","-","-","0","0","0","0","0","0","0","0","0","0","0","0","0","0","0","0","0","0","0","0","0","3","0","0","0","0","0","0","0","0","0","0","0","0","0","0","0","0","3"
"0x7a6e0b9a7df0","      FFMA2 R4, R6.F32x2.HI_LO, UR4.F32, -R0.F32","6","3","6","24576","786432","786432","32","32","0","-","-","-","0","0","0","0","0","0","0","0","0","0","0","0","0","0","0","0","0","1","5","0","0","0","0","0","0","0","0","0","0","0","0","0","0","0","0","3","0","0","0"
"0x7a6e0b9a7e00","      F2FP.SATFINITE.E4M3.F32.PACK_AB_MERGE_C R6, R113, R112, RZ","0","0","0","24576","786432","786432","32","32","0","-","-","-","0","0","0","0","0","0","0","0","0","0","0","0","0","0","0","0","0","0","0","0","0","0","0","0","0","0","0","0","0","0","0","0","0","0","0","0","0","0","0"
"0x7a6e0b9a7e10","      F2FP.SATFINITE.E4M3.F32.PACK_AB_MERGE_C R7, R109, R108, RZ","4","1","4","24576","786432","786432","32","32","0","-","-","-","0","0","0","0","0","0","0","0","0","0","0","1","0","0","0","0","1","2","0","0","0","0","0","0","0","0","0","0","1","0","0","0","0","0","0","0","0","0","0"
"0x7a6e0b9a7e20","      MUFU.EX2 R56, R4","1","1","1","24576","786432","786432","32","32","0","-","-","-","0","0","0","0","0","0","0","0","0","0","0","0","0","1","0","0","0","0","0","0","0","0","0","0","0","0","0","0","0","0","1","0","0","0","0","0","0","0","0"
"0x7a6e0b9a7e30","      F2FP.SATFINITE.E4M3.F32.PACK_AB_MERGE_C R6, R115, R114, R6","0","0","0","24576","786432","786432","32","32","0","-","-","-","0","0","0","0","0","0","0","0","0","0","0","0","0","0","0","0","0","0","0","0","0","0","0","0","0","0","0","0","0","0","0","0","0","0","0","0","0","0","0"
"0x7a6e0b9a7e40","      F2FP.SATFINITE.E4M3.F32.PACK_AB_MERGE_C R7, R111, R110, R7","0","0","0","24576","786432","786432","32","32","0","-","-","-","0","0","0","0","0","0","0","0","0","0","0","0","0","0","0","0","0","0","0","0","0","0","0","0","0","0","0","0","0","0","0","0","0","0","0","0","0","0","0"
"0x7a6e0b9a7e50","      MUFU.EX2 R57, R5","1","1","1","24576","786432","786432","32","32","0","-","-","-","0","0","0","0","0","0","0","0","0","0","0","0","0","0","0","0","0","0","0","0","0","1","0","0","0","0","0","0","0","0","0","0","0","0","0","0","0","0","1"
"0x7a6e0b9a7e60","      FFMA2 R4, R8.F32x2.HI_LO, UR4.F32, -R0.F32","9","4","9","24576","786432","786432","32","32","0","-","-","-","0","0","0","0","0","0","0","0","0","0","0","0","0","0","0","0","0","1","6","0","0","2","0","0","0","0","0","0","0","0","0","0","0","0","0","4","0","0","0"
"0x7a6e0b9a7e70","      F2FP.SATFINITE.E4M3.F32.PACK_AB_MERGE_C R8, R105, R104, RZ","0","0","0","24576","786432","786432","32","32","0","-","-","-","0","0","0","0","0","0","0","0","0","0","0","0","0","0","0","0","0","0","0","0","0","0","0","0","0","0","0","0","0","0","0","0","0","0","0","0","0","0","0"
"0x7a6e0b9a7e80","      F2FP.SATFINITE.E4M3.F32.PACK_AB_MERGE_C R9, R101, R100, RZ","3","3","3","24576","786432","786432","32","32","0","-","-","-","0","0","0","0","0","0","0","0","0","0","0","0","0","0","0","0","0","0","0","0","0","3","0","0","0","0","0","0","0","0","0","0","0","0","0","0","0","0","3"
"0x7a6e0b9a7e90","      MUFU.EX2 R54, R4","0","0","0","24576","786432","786432","32","32","0","-","-","-","0","0","0","0","0","0","0","0","0","0","0","0","0","0","0","0","0","0","0","0","0","0","0","0","0","0","0","0","0","0","0","0","0","0","0","0","0","0","0"
"0x7a6e0b9a7ea0","      F2FP.SATFINITE.E4M3.F32.PACK_AB_MERGE_C R8, R107, R106, R8","0","0","0","24576","786432","786432","32","32","0","-","-","-","0","0","0","0","0","0","0","0","0","0","0","0","0","0","0","0","0","0","0","0","0","0","0","0","0","0","0","0","0","0","0","0","0","0","0","0","0","0","0"
"0x7a6e0b9a7eb0","      F2FP.SATFINITE.E4M3.F32.PACK_AB_MERGE_C R9, R103, R102, R9","1","0","1","24576","786432","786432","32","32","0","-","-","-","0","0","0","0","0","0","0","0","0","0","0","0","0","0","0","0","1","0","0","0","0","0","0","0","0","0","0","0","0","0","0","0","0","0","0","0","0","0","0"
"0x7a6e0b9a7ec0","      MUFU.EX2 R55, R5","2","1","2","24576","786432","786432","32","32","0","-","-","-","0","0","0","0","0","0","0","0","0","0","0","0","0","0","0","0","0","1","0","0","0","1","0","0","0","0","0","0","0","0","0","0","0","0","0","0","0","0","1"
"0x7a6e0b9a7ed0","      FFMA2 R4, R10.F32x2.HI_LO, UR4.F32, -R0.F32","5","3","5","24576","786432","786432","32","32","0","-","-","-","0","0","0","0","0","0","0","0","0","0","0","0","0","0","0","0","0","0","5","0","0","0","0","0","0","0","0","0","0","0","0","0","0","0","0","3","0","0","0"
"0x7a6e0b9a7ee0","      F2FP.SATFINITE.E4M3.F32.PACK_AB_MERGE_C R10, R97, R96, RZ","1","0","1","24576","786432","786432","32","32","0","-","-","-","0","0","0","0","0","0","0","0","0","0","0","0","0","0","0","0","0","1","0","0","0","0","0","0","0","0","0","0","0","0","0","0","0","0","0","0","0","0","0"
"0x7a6e0b9a7ef0","      F2FP.SATFINITE.E4M3.F32.PACK_AB_MERGE_C R11, R93, R92, RZ","1","0","1","24576","786432","786432","32","32","0","-","-","-","0","0","0","0","0","0","0","0","0","0","0","0","0","0","0","0","0","1","0","0","0","0","0","0","0","0","0","0","0","0","0","0","0","0","0","0","0","0","0"
"0x7a6e0b9a7f00","      MUFU.EX2 R52, R4","2","0","2","24576","786432","786432","32","32","0","-","-","-","0","0","0","0","0","0","0","0","0","0","0","0","0","0","0","0","0","1","0","0","0","1","0","0","0","0","0","0","0","0","0","0","0","0","0","0","0","0","0"
"0x7a6e0b9a7f10","      F2FP.SATFINITE.E4M3.F32.PACK_AB_MERGE_C R10, R99, R98, R10","1","0","1","24576","786432","786432","32","32","0","-","-","-","0","0","0","0","0","0","0","0","0","0","0","0","0","0","0","0","0","1","0","0","0","0","0","0","0","0","0","0","0","0","0","0","0","0","0","0","0","0","0"
"0x7a6e0b9a7f20","      F2FP.SATFINITE.E4M3.F32.PACK_AB_MERGE_C R11, R95, R94, R11","2","2","2","24576","786432","786432","32","32","0","-","-","-","0","0","0","0","0","0","0","0","0","0","0","2","0","0","0","0","0","0","0","0","0","0","0","0","0","0","0","0","2","0","0","0","0","0","0","0","0","0","0"
"0x7a6e0b9a7f30","      MUFU.EX2 R53, R5","2","1","2","24576","786432","786432","32","32","0","-","-","-","0","0","0","0","0","0","0","0","0","0","0","0","0","1","0","0","0","0","0","0","0","1","0","0","0","0","0","0","0","0","0","0","0","0","0","0","0","0","1"
"0x7a6e0b9a7f40","      FFMA2 R4, R12.F32x2.HI_LO, UR4.F32, -R0.F32","6","2","6","24576","786432","786432","32","32","0","-","-","-","0","0","0","0","0","0","0","0","0","0","0","0","0","0","0","0","1","0","5","0","0","0","0","0","0","0","0","0","0","0","0","0","0","0","0","2","0","0","0"
"0x7a6e0b9a7f50","      F2FP.SATFINITE.E4M3.F32.PACK_AB_MERGE_C R12, R169, R168, RZ","0","0","0","24576","786432","786432","32","32","0","-","-","-","0","0","0","0","0","0","0","0","0","0","0","0","0","0","0","0","0","0","0","0","0","0","0","0","0","0","0","0","0","0","0","0","0","0","0","0","0","0","0"
"0x7a6e0b9a7f60","      F2FP.SATFINITE.E4M3.F32.PACK_AB_MERGE_C R13, R155, R154, RZ","1","0","1","24576","786432","786432","32","32","0","-","-","-","0","0","0","0","0","0","0","0","0","0","0","0","0","0","0","0","0","1","0","0","0","0","0","0","0","0","0","0","0","0","0","0","0","0","0","0","0","0","0"
"0x7a6e0b9a7f70","      MUFU.EX2 R50, R4","2","0","2","24576","786432","786432","32","32","0","-","-","-","0","0","0","0","0","0","0","0","0","0","0","0","0","0","0","0","0","0","0","0","0","2","0","0","0","0","0","0","0","0","0","0","0","0","0","0","0","0","0"
"0x7a6e0b9a7f80","      F2FP.SATFINITE.E4M3.F32.PACK_AB_MERGE_C R12, R171, R170, R12","0","0","0","24576","786432","786432","32","32","0","-","-","-","0","0","0","0","0","0","0","0","0","0","0","0","0","0","0","0","0","0","0","0","0","0","0","0","0","0","0","0","0","0","0","0","0","0","0","0","0","0","0"
"0x7a6e0b9a7f90","      F2FP.SATFINITE.E4M3.F32.PACK_AB_MERGE_C R13, R167, R166, R13","2","2","2","24576","786432","786432","32","32","0","-","-","-","0","0","0","0","0","0","0","0","0","0","0","0","0","0","0","0","0","0","0","0","0","2","0","0","0","0","0","0","0","0","0","0","0","0","0","0","0","0","2"
"0x7a6e0b9a7fa0","      MUFU.EX2 R51, R5","1","0","1","24576","786432","786432","32","32","0","-","-","-","0","0","0","0","0","0","0","0","0","0","0","0","0","0","0","0","1","0","0","0","0","0","0","0","0","0","0","0","0","0","0","0","0","0","0","0","0","0","0"
"0x7a6e0b9a7fb0","      FFMA2 R4, R14.F32x2.HI_LO, UR4.F32, -R0.F32","8","5","8","24576","786432","786432","32","32","0","-","-","-","0","0","0","0","0","0","0","0","0","0","0","0","0","0","0","0","0","0","7","0","0","1","0","0","0","0","0","0","0","0","0","0","0","0","0","5","0","0","0"
"0x7a6e0b9a7fc0","      F2FP.SATFINITE.E4M3.F32.PACK_AB_MERGE_C R14, R151, R150, RZ","1","0","1","24576","786432","786432","32","32","0","-","-","-","0","0","0","0","0","0","0","0","0","0","0","0","0","0","0","0","0","1","0","0","0","0","0","0","0","0","0","0","0","0","0","0","0","0","0","0","0","0","0"
"0x7a6e0b9a7fd0","      F2FP.SATFINITE.E4M3.F32.PACK_AB_MERGE_C R15, R147, R146, RZ","1","0","1","24576","786432","786432","32","32","0","-","-","-","0","0","0","0","0","0","0","0","0","0","0","0","0","0","0","0","1","0","0","0","0","0","0","0","0","0","0","0","0","0","0","0","0","0","0","0","0","0","0"
"0x7a6e0b9a7fe0","      MUFU.EX2 R48, R4","1","1","1","24576","786432","786432","32","32","0","-","-","-","0","0","0","0","0","0","0","0","0","0","0","0","0","1","0","0","0","0","0","0","0","0","0","0","0","0","0","0","0","0","1","0","0","0","0","0","0","0","0"
"0x7a6e0b9a7ff0","      F2FP.SATFINITE.E4M3.F32.PACK_AB_MERGE_C R14, R153, R152, R14","0","0","0","24576","786432","786432","32","32","0","-","-","-","0","0","0","0","0","0","0","0","0","0","0","0","0","0","0","0","0","0","0","0","0","0","0","0","0","0","0","0","0","0","0","0","0","0","0","0","0","0","0"
"0x7a6e0b9a8000","      F2FP.SATFINITE.E4M3.F32.PACK_AB_MERGE_C R15, R149, R148, R15","0","0","0","24576","786432","786432","32","32","0","-","-","-","0","0","0","0","0","0","0","0","0","0","0","0","0","0","0","0","0","0","0","0","0","0","0","0","0","0","0","0","0","0","0","0","0","0","0","0","0","0","0"
"0x7a6e0b9a8010","      MUFU.EX2 R49, R5","0","0","0","24576","786432","786432","32","32","0","-","-","-","0","0","0","0","0","0","0","0","0","0","0","0","0","0","0","0","0","0","0","0","0","0","0","0","0","0","0","0","0","0","0","0","0","0","0","0","0","0","0"
"0x7a6e0b9a8020","      FFMA2 R4, R16.F32x2.HI_LO, UR4.F32, -R0.F32","3","2","3","24576","786432","786432","32","32","0","-","-","-","0","0","0","0","0","0","0","0","0","0","0","0","0","0","0","0","0","0","2","0","0","1","0","0","0","0","0","0","0","0","0","0","0","0","0","2","0","0","0"
"0x7a6e0b9a8030","      F2FP.SATFINITE.E4M3.F32.PACK_AB_MERGE_C R16, R143, R142, RZ","1","0","1","24576","786432","786432","32","32","0","-","-","-","0","0","0","0","0","0","0","0","0","0","0","0","0","0","0","0","0","1","0","0","0","0","0","0","0","0","0","0","0","0","0","0","0","0","0","0","0","0","0"
"0x7a6e0b9a8040","      F2FP.SATFINITE.E4M3.F32.PACK_AB_MERGE_C R17, R133, R132, RZ","0","0","0","24576","786432","786432","32","32","0","-","-","-","0","0","0","0","0","0","0","0","0","0","0","0","0","0","0","0","0","0","0","0","0","0","0","0","0","0","0","0","0","0","0","0","0","0","0","0","0","0","0"
"0x7a6e0b9a8050","      MUFU.EX2 R46, R4","1","1","1","24576","786432","786432","32","32","0","-","-","-","0","0","0","0","0","0","0","0","0","0","0","0","0","0","0","0","0","0","0","0","0","1","0","0","0","0","0","0","0","0","0","0","0","0","0","0","0","0","1"
"0x7a6e0b9a8060","      F2FP.SATFINITE.E4M3.F32.PACK_AB_MERGE_C R16, R145, R144, R16","0","0","0","24576","786432","786432","32","32","0","-","-","-","0","0","0","0","0","0","0","0","0","0","0","0","0","0","0","0","0","0","0","0","0","0","0","0","0","0","0","0","0","0","0","0","0","0","0","0","0","0","0"
"0x7a6e0b9a8070","      F2FP.SATFINITE.E4M3.F32.PACK_AB_MERGE_C R17, R141, R140, R17","0","0","0","24576","786432","786432","32","32","0","-","-","-","0","0","0","0","0","0","0","0","0","0","0","0","0","0","0","0","0","0","0","0","0","0","0","0","0","0","0","0","0","0","0","0","0","0","0","0","0","0","0"
"0x7a6e0b9a8080","      MUFU.EX2 R47, R5","3","2","3","24576","786432","786432","32","32","0","-","-","-","0","0","0","0","0","0","0","0","0","0","0","0","0","1","0","0","0","0","0","0","0","2","0","0","0","0","0","0","0","0","0","0","0","0","0","0","0","0","2"
"0x7a6e0b9a8090","      FFMA2 R4, R18.F32x2.HI_LO, UR4.F32, -R0.F32","3","1","3","24576","786432","786432","32","32","0","-","-","-","0","0","0","0","0","0","0","0","0","0","0","0","0","0","0","0","0","0","3","0","0","0","0","0","0","0","0","0","0","0","0","0","0","0","0","1","0","0","0"
"0x7a6e0b9a80a0","      F2FP.SATFINITE.E4M3.F32.PACK_AB_MERGE_C R18, R129, R128, RZ","0","0","0","24576","786432","786432","32","32","0","-","-","-","0","0","0","0","0","0","0","0","0","0","0","0","0","0","0","0","0","0","0","0","0","0","0","0","0","0","0","0","0","0","0","0","0","0","0","0","0","0","0"
"0x7a6e0b9a80b0","      F2FP.SATFINITE.E4M3.F32.PACK_AB_MERGE_C R19, R125, R124, RZ","1","0","1","24576","786432","786432","32","32","0","-","-","-","0","0","0","0","0","0","0","0","0","0","0","0","0","0","0","0","0","1","0","0","0","0","0","0","0","0","0","0","0","0","0","0","0","0","0","0","0","0","0"
"0x7a6e0b9a80c0","      MUFU.EX2 R44, R4","0","0","0","24576","786432","786432","32","32","0","-","-","-","0","0","0","0","0","0","0","0","0","0","0","0","0","0","0","0","0","0","0","0","0","0","0","0","0","0","0","0","0","0","0","0","0","0","0","0","0","0","0"
"0x7a6e0b9a80d0","      F2FP.SATFINITE.E4M3.F32.PACK_AB_MERGE_C R18, R131, R130, R18","0","0","0","24576","786432","786432","32","32","0","-","-","-","0","0","0","0","0","0","0","0","0","0","0","0","0","0","0","0","0","0","0","0","0","0","0","0","0","0","0","0","0","0","0","0","0","0","0","0","0","0","0"
"0x7a6e0b9a80e0","      F2FP.SATFINITE.E4M3.F32.PACK_AB_MERGE_C R19, R127, R126, R19","0","0","0","24576","786432","786432","32","32","0","-","-","-","0","0","0","0","0","0","0","0","0","0","0","0","0","0","0","0","0","0","0","0","0","0","0","0","0","0","0","0","0","0","0","0","0","0","0","0","0","0","0"
"0x7a6e0b9a80f0","      MUFU.EX2 R45, R5","2","2","2","24576","786432","786432","32","32","0","-","-","-","0","0","0","0","0","0","0","0","0","0","0","0","0","0","0","0","0","0","0","0","0","2","0","0","0","0","0","0","0","0","0","0","0","0","0","0","0","0","2"
"0x7a6e0b9a8100","      FFMA2 R4, R20.F32x2.HI_LO, UR4.F32, -R0.F32","5","4","5","24576","786432","786432","32","32","0","-","-","-","0","0","0","0","0","0","0","0","0","0","0","0","0","0","0","0","0","0","5","0","0","0","0","0","0","0","0","0","0","0","0","0","0","0","0","4","0","0","0"
"0x7a6e0b9a8110","      FFMA2 R20, R34.F32x2.HI_LO, UR4.F32, -R0.F32","1","1","1","24576","786432","786432","32","32","0","-","-","-","0","0","0","0","0","0","0","0","0","0","0","1","0","0","0","0","0","0","0","0","0","0","0","0","0","0","0","0","1","0","0","0","0","0","0","0","0","0","0"
"0x7a6e0b9a8120","      MUFU.EX2 R42, R4","1","1","1","24576","786432","786432","32","32","0","-","-","-","0","0","0","0","0","0","0","0","0","0","0","0","0","0","0","0","0","0","0","0","0","1","0","0","0","0","0","0","0","0","0","0","0","0","0","0","0","0","1"
"0x7a6e0b9a8130","      MUFU.EX2 R43, R5","4","3","4","24576","786432","786432","32","32","0","-","-","-","0","0","0","0","0","0","0","0","0","0","0","0","0","0","0","0","0","0","0","0","0","4","0","0","0","0","0","0","0","0","0","0","0","0","0","0","0","0","3"
"0x7a6e0b9a8140","      MUFU.EX2 R20, R20","9","5","9","24576","786432","786432","32","32","0","-","-","-","0","0","0","0","0","0","0","0","0","0","0","0","0","3","0","0","2","1","0","0","0","3","0","0","0","0","0","0","0","0","3","0","0","0","0","0","0","0","2"
"0x7a6e0b9a8150","      MUFU.EX2 R21, R21","4","2","4","24576","786432","786432","32","32","0","-","-","-","0","0","0","0","0","0","0","0","0","0","0","0","0","0","0","0","0","2","0","0","0","2","0","0","0","0","0","0","0","0","0","0","0","0","0","0","0","0","2"
"0x7a6e0b9a8160","      FFMA2 R4, R22.F32x2.HI_LO, UR4.F32, -R0.F32","0","0","0","24576","786432","786432","32","32","0","-","-","-","0","0","0","0","0","0","0","0","0","0","0","0","0","0","0","0","0","0","0","0","0","0","0","0","0","0","0","0","0","0","0","0","0","0","0","0","0","0","0"
"0x7a6e0b9a8170","      FFMA2 R22, R32.F32x2.HI_LO, UR4.F32, -R0.F32","1","0","1","24576","786432","786432","32","32","0","-","-","-","0","0","0","0","0","0","0","0","0","0","0","0","0","0","0","0","1","0","0","0","0","0","0","0","0","0","0","0","0","0","0","0","0","0","0","0","0","0","0"
"0x7a6e0b9a8180","      MUFU.EX2 R40, R4","5","5","5","24576","786432","786432","32","32","0","-","-","-","0","0","0","0","0","0","0","0","0","0","0","0","0","2","0","0","0","0","0","0","0","3","0","0","0","0","0","0","0","0","2","0","0","0","0","0","0","0","3"
"0x7a6e0b9a8190","      MUFU.EX2 R41, R5","7","6","7","24576","786432","786432","32","32","0","-","-","-","0","0","0","0","0","0","0","0","0","0","0","0","0","3","0","0","1","0","0","0","0","3","0","0","0","0","0","0","0","0","3","0","0","0","0","0","0","0","3"
"0x7a6e0b9a81a0","      MUFU.EX2 R22, R22","5","2","5","24576","786432","786432","32","32","0","-","-","-","0","0","0","0","0","0","0","0","0","0","0","0","0","3","0","0","0","1","0","0","0","1","0","0","0","0","0","0","0","0","1","0","0","0","0","0","0","0","1"
"0x7a6e0b9a81b0","      MUFU.EX2 R23, R23","11","8","11","24576","786432","786432","32","32","0","-","-","-","0","0","0","0","0","0","0","0","0","0","0","0","0","6","0","0","0","1","0","0","0","4","0","0","0","0","0","0","0","0","4","0","0","0","0","0","0","0","4"
"0x7a6e0b9a81c0","      FFMA2 R4, R24.F32x2.HI_LO, UR4.F32, -R0.F32","0","0","0","24576","786432","786432","32","32","0","-","-","-","0","0","0","0","0","0","0","0","0","0","0","0","0","0","0","0","0","0","0","0","0","0","0","0","0","0","0","0","0","0","0","0","0","0","0","0","0","0","0"
"0x7a6e0b9a81d0","      MUFU.EX2 R38, R4","11","10","11","24576","786432","786432","32","32","0","-","-","-","0","0","0","0","0","0","0","0","0","0","0","0","0","4","0","0","0","1","0","0","0","6","0","0","0","0","0","0","0","0","4","0","0","0","0","0","0","0","6"
"0x7a6e0b9a81e0","      MUFU.EX2 R39, R5","7","6","7","24576","786432","786432","32","32","0","-","-","-","0","0","0","0","0","0","0","0","0","0","0","0","0","3","0","0","1","0","0","0","0","3","0","0","0","0","0","0","0","0","3","0","0","0","0","0","0","0","3"
"0x7a6e0b9a81f0","      FFMA2 R4, R26.F32x2.HI_LO, UR4.F32, -R0.F32","6","5","6","24576","786432","786432","32","32","0","-","-","-","0","0","0","0","0","0","0","0","0","0","0","0","0","0","0","0","0","1","5","0","0","0","0","0","0","0","0","0","0","0","0","0","0","0","0","5","0","0","0"
"0x7a6e0b9a8200","      MUFU.EX2 R36, R4","4","3","4","24576","786432","786432","32","32","0","-","-","-","0","0","0","0","0","0","0","0","0","0","0","0","0","1","0","0","0","0","0","0","0","3","0","0","0","0","0","0","0","0","1","0","0","0","0","0","0","0","2"
"0x7a6e0b9a8210","      MUFU.EX2 R37, R5","2","2","2","24576","786432","786432","32","32","0","-","-","-","0","0","0","0","0","0","0","0","0","0","0","0","0","0","0","0","0","0","0","0","0","2","0","0","0","0","0","0","0","0","0","0","0","0","0","0","0","0","2"
"0x7a6e0b9a8220","      FFMA2 R4, R28.F32x2.HI_LO, UR4.F32, -R0.F32","9","4","9","24576","786432","786432","32","32","0","-","-","-","0","0","0","0","0","0","0","0","0","0","0","0","0","0","0","0","1","1","6","0","0","1","0","0","0","0","0","0","0","0","0","0","0","0","0","4","0","0","0"
"0x7a6e0b9a8230","      MUFU.EX2 R26, R4","4","1","4","24576","786432","786432","32","32","0","-","-","-","0","0","0","0","0","0","0","0","0","0","0","0","0","0","0","0","0","0","0","0","0","4","0","0","0","0","0","0","0","0","0","0","0","0","0","0","0","0","1"
"0x7a6e0b9a8240","      MUFU.EX2 R27, R5","7","4","7","24576","786432","786432","32","32","0","-","-","-","0","0","0","0","0","0","0","0","0","0","0","0","0","2","0","0","0","2","0","0","0","3","0","0","0","0","0","0","0","0","2","0","0","0","0","0","0","0","2"
"0x7a6e0b9a8250","      FFMA2 R4, R30.F32x2.HI_LO, UR4.F32, -R0.F32","5","5","5","24576","786432","786432","32","32","0","-","-","-","0","0","0","0","0","0","0","0","0","0","0","0","0","0","0","0","0","0","4","0","0","1","0","0","0","0","0","0","0","0","0","0","0","0","0","4","0","0","1"
"0x7a6e0b9a8260","      R2UR UR4, R158","1","0","1","24576","786432","786432","32","32","0","-","-","-","0","0","0","0","0","0","0","0","0","0","0","0","0","0","0","0","0","1","0","0","0","0","0","0","0","0","0","0","0","0","0","0","0","0","0","0","0","0","0"
"0x7a6e0b9a8270","      IMAD.U32 R0, RZ, RZ, UR8","1","0","1","24576","786432","786432","32","32","0","-","-","-","0","0","0","0","0","0","0","0","0","0","0","0","0","0","0","0","0","1","0","0","0","0","0","0","0","0","0","0","0","0","0","0","0","0","0","0","0","0","0"
"0x7a6e0b9a8280","      MUFU.EX2 R24, R4","3","1","3","24576","786432","786432","32","32","0","-","-","-","0","0","0","0","0","0","0","0","0","0","0","0","0","0","0","0","0","1","0","0","0","2","0","0","0","0","0","0","0","0","0","0","0","0","0","0","0","0","1"
"0x7a6e0b9a8290","      SYNCS.ARRIVE.TRANS64.ART0 RZ, [R0+UR7+0x90], R172","1","0","1","24576","786432","786432","32","32","0","-","-","-","0","0","0","0","0","0","0","0","0","0","0","0","0","0","0","0","0","1","0","0","0","0","0","0","0","0","0","0","0","0","0","0","0","0","0","0","0","0","0"
"0x7a6e0b9a82a0","      STTM.x8 tmem[UR5], R12","0","0","0","24576","786432","786432","32","32","0","Tmem","Store","-","0","0","0","0","0","0","0","0","0","0","0","0","0","0","0","0","0","0","0","0","0","0","0","0","0","0","0","0","0","0","0","0","0","0","0","0","0","0","0"
"0x7a6e0b9a82b0","      ULOP3.LUT UR5, UR10, 0x1, URZ, 0x3c, !UPT","1","0","1","24576","786432","786432","32","32","0","-","-","-","0","0","0","0","0","0","0","0","0","0","0","0","0","0","0","0","0","1","0","0","0","0","0","0","0","0","0","0","0","0","0","0","0","0","0","0","0","0","0"
"0x7a6e0b9a82c0","      MUFU.EX2 R25, R5","3","2","3","24576","786432","786432","32","32","0","-","-","-","0","0","0","0","0","0","0","0","0","0","0","0","0","1","0","0","0","1","0","0","0","1","0","0","0","0","0","0","0","0","1","0","0","0","0","0","0","0","1"
"0x7a6e0b9a82d0","      F2FP.SATFINITE.E4M3.F32.PACK_AB_MERGE_C R4, R121, R120, RZ","5","5","5","24576","786432","786432","32","32","0","-","-","-","0","0","0","0","0","0","0","0","0","0","0","0","0","0","0","0","0","0","5","0","0","0","0","0","0","0","0","0","0","0","0","0","0","0","0","5","0","0","0"
"0x7a6e0b9a82e0","      F2FP.SATFINITE.E4M3.F32.PACK_AB_MERGE_C R4, R123, R122, R4","0","0","0","24576","786432","786432","32","32","0","-","-","-","0","0","0","0","0","0","0","0","0","0","0","0","0","0","0","0","0","0","0","0","0","0","0","0","0","0","0","0","0","0","0","0","0","0","0","0","0","0","0"
"0x7a6e0b9a82f0","      F2FP.SATFINITE.E4M3.F32.PACK_AB_MERGE_C R5, R117, R116, RZ","0","0","0","24576","786432","786432","32","32","0","-","-","-","0","0","0","0","0","0","0","0","0","0","0","0","0","0","0","0","0","0","0","0","0","0","0","0","0","0","0","0","0","0","0","0","0","0","0","0","0","0","0"
"0x7a6e0b9a8300","      F2FP.SATFINITE.E4M3.F32.PACK_AB_MERGE_C R5, R119, R118, R5","4","2","4","24576","786432","786432","32","32","0","-","-","-","0","0","0","0","0","0","0","0","0","0","0","0","0","0","0","0","0","0","0","0","0","4","0","0","0","0","0","0","0","0","0","0","0","0","0","0","0","0","2"
"0x7a6e0b9a8310","      STTM.x8 tmem[UR4], R4","4","3","4","24576","786432","786432","32","32","0","Tmem","Store","-","0","0","0","0","0","0","0","0","0","0","0","0","0","0","0","0","0","1","0","0","0","3","0","0","0","0","0","0","0","0","0","0","0","0","0","0","0","0","3"
"0x7a6e0b9a8320","      R2UR UR4, R157","0","0","0","24576","786432","786432","32","32","0","-","-","-","0","0","0","0","0","0","0","0","0","0","0","0","0","0","0","0","0","0","0","0","0","0","0","0","0","0","0","0","0","0","0","0","0","0","0","0","0","0","0"
"0x7a6e0b9a8330","      FENCE.VIEW.ASYNC.T","1","0","1","24576","786432","786432","32","32","0","-","-","-","0","0","0","0","0","0","0","0","0","0","0","0","0","0","0","0","0","1","0","0","0","0","0","0","0","0","0","0","0","0","0","0","0","0","0","0","0","0","0"
"0x7a6e0b9a8340","      SYNCS.ARRIVE.TRANS64.ART0 RZ, [R0+UR7+0x60], R172","5","2","5","24576","786432","786432","32","32","0","-","-","-","0","0","0","0","0","0","0","0","0","0","0","0","0","0","0","0","0","1","2","0","0","2","0","0","0","0","0","0","0","0","0","0","0","0","0","2","0","0","0"
"0x7a6e0b9a8350","      IMAD.U32 R12, RZ, RZ, UR8","0","0","0","24576","786432","786432","32","32","0","-","-","-","0","0","0","0","0","0","0","0","0","0","0","0","0","0","0","0","0","0","0","0","0","0","0","0","0","0","0","0","0","0","0","0","0","0","0","0","0","0","0"
"0x7a6e0b9a8360","      F2FP.SATFINITE.E4M3.F32.PACK_AB_MERGE_C R4, R89, R88, RZ","0","0","0","24576","786432","786432","32","32","0","-","-","-","0","0","0","0","0","0","0","0","0","0","0","0","0","0","0","0","0","0","0","0","0","0","0","0","0","0","0","0","0","0","0","0","0","0","0","0","0","0","0"
"0x7a6e0b9a8370","      F2FP.SATFINITE.E4M3.F32.PACK_AB_MERGE_C R5, R85, R84, RZ","2","1","2","24576","786432","786432","32","32","0","-","-","-","0","0","0","0","0","0","0","0","0","0","0","0","0","0","0","0","0","1","0","0","0","1","0","0","0","0","0","0","0","0","0","0","0","0","0","0","0","0","1"
"0x7a6e0b9a8380","      F2FP.SATFINITE.E4M3.F32.PACK_AB_MERGE_C R6, R81, R80, RZ","2","1","2","24576","786432","786432","32","32","0","-","-","-","0","0","0","0","0","0","0","0","0","0","0","0","0","0","0","0","0","1","0","0","0","1","0","0","0","0","0","0","0","0","0","0","0","0","0","0","0","0","1"
"0x7a6e0b9a8390","      F2FP.SATFINITE.E4M3.F32.PACK_AB_MERGE_C R7, R77, R76, RZ","2","0","2","24576","786432","786432","32","32","0","-","-","-","0","0","0","0","0","0","0","0","0","0","0","0","0","0","0","0","0","2","0","0","0","0","0","0","0","0","0","0","0","0","0","0","0","0","0","0","0","0","0"
"0x7a6e0b9a83a0","      F2FP.SATFINITE.E4M3.F32.PACK_AB_MERGE_C R8, R73, R72, RZ","3","0","3","24576","786432","786432","32","32","0","-","-","-","0","0","0","0","0","0","0","0","0","0","0","0","0","0","0","0","1","0","0","0","0","2","0","0","0","0","0","0","0","0","0","0","0","0","0","0","0","0","0"
"0x7a6e0b9a83b0","      F2FP.SATFINITE.E4M3.F32.PACK_AB_MERGE_C R9, R69, R68, RZ","0","0","0","24576","786432","786432","32","32","0","-","-","-","0","0","0","0","0","0","0","0","0","0","0","0","0","0","0","0","0","0","0","0","0","0","0","0","0","0","0","0","0","0","0","0","0","0","0","0","0","0","0"
"0x7a6e0b9a83c0","      F2FP.SATFINITE.E4M3.F32.PACK_AB_MERGE_C R10, R65, R64, RZ","2","1","2","24576","786432","786432","32","32","0","-","-","-","0","0","0","0","0","0","0","0","0","0","0","0","0","0","0","0","0","0","0","0","0","2","0","0","0","0","0","0","0","0","0","0","0","0","0","0","0","0","1"
"0x7a6e0b9a83d0","      F2FP.SATFINITE.E4M3.F32.PACK_AB_MERGE_C R11, R61, R60, RZ","0","0","0","24576","786432","786432","32","32","0","-","-","-","0","0","0","0","0","0","0","0","0","0","0","0","0","0","0","0","0","0","0","0","0","0","0","0","0","0","0","0","0","0","0","0","0","0","0","0","0","0","0"
"0x7a6e0b9a83e0","      F2FP.SATFINITE.E4M3.F32.PACK_AB_MERGE_C R4, R91, R90, R4","0","0","0","24576","786432","786432","32","32","0","-","-","-","0","0","0","0","0","0","0","0","0","0","0","0","0","0","0","0","0","0","0","0","0","0","0","0","0","0","0","0","0","0","0","0","0","0","0","0","0","0","0"
"0x7a6e0b9a83f0","      F2FP.SATFINITE.E4M3.F32.PACK_AB_MERGE_C R5, R87, R86, R5","2","0","2","24576","786432","786432","32","32","0","-","-","-","0","0","0","0","0","0","0","0","0","0","0","1","0","0","0","0","0","0","0","0","0","1","0","0","0","0","0","0","0","0","0","0","0","0","0","0","0","0","0"
"0x7a6e0b9a8400","      F2FP.SATFINITE.E4M3.F32.PACK_AB_MERGE_C R6, R83, R82, R6","0","0","0","24576","786432","786432","32","32","0","-","-","-","0","0","0","0","0","0","0","0","0","0","0","0","0","0","0","0","0","0","0","0","0","0","0","0","0","0","0","0","0","0","0","0","0","0","0","0","0","0","0"
"0x7a6e0b9a8410","      F2FP.SATFINITE.E4M3.F32.PACK_AB_MERGE_C R7, R79, R78, R7","1","0","1","24576","786432","786432","32","32","0","-","-","-","0","0","0","0","0","0","0","0","0","0","0","0","0","0","0","0","0","0","0","0","0","1","0","0","0","0","0","0","0","0","0","0","0","0","0","0","0","0","0"
"0x7a6e0b9a8420","      F2FP.SATFINITE.E4M3.F32.PACK_AB_MERGE_C R8, R75, R74, R8","1","0","1","24576","786432","786432","32","32","0","-","-","-","0","0","0","0","0","0","0","0","0","0","0","0","0","0","0","0","0","1","0","0","0","0","0","0","0","0","0","0","0","0","0","0","0","0","0","0","0","0","0"
"0x7a6e0b9a8430","      F2FP.SATFINITE.E4M3.F32.PACK_AB_MERGE_C R9, R71, R70, R9","2","1","2","24576","786432","786432","32","32","0","-","-","-","0","0","0","0","0","0","0","0","0","0","0","0","0","0","0","0","0","0","0","0","0","2","0","0","0","0","0","0","0","0","0","0","0","0","0","0","0","0","1"
"0x7a6e0b9a8440","      F2FP.SATFINITE.E4M3.F32.PACK_AB_MERGE_C R10, R67, R66, R10","0","0","0","24576","786432","786432","32","32","0","-","-","-","0","0","0","0","0","0","0","0","0","0","0","0","0","0","0","0","0","0","0","0","0","0","0","0","0","0","0","0","0","0","0","0","0","0","0","0","0","0","0"
"0x7a6e0b9a8450","      F2FP.SATFINITE.E4M3.F32.PACK_AB_MERGE_C R11, R63, R62, R11","1","0","1","24576","786432","786432","32","32","0","-","-","-","0","0","0","0","0","0","0","0","0","0","0","0","0","0","0","0","0","0","0","0","0","1","0","0","0","0","0","0","0","0","0","0","0","0","0","0","0","0","0"
"0x7a6e0b9a8460","      STTM.x8 tmem[UR4], R4","2","1","2","24576","786432","786432","32","32","0","Tmem","Store","-","0","0","0","0","0","0","0","0","0","0","0","0","0","0","0","0","0","0","0","0","0","2","0","0","0","0","0","0","0","0","0","0","0","0","0","0","0","0","1"
"0x7a6e0b9a8470","      USHF.L.U32 UR4, UR5, 0x1f, URZ","1","0","1","24576","786432","786432","32","32","0","-","-","-","0","0","0","0","0","0","0","0","0","0","0","0","0","0","0","0","0","1","0","0","0","0","0","0","0","0","0","0","0","0","0","0","0","0","0","0","0","0","0"
"0x7a6e0b9a8480","      R2UR UR5, R156","0","0","0","24576","786432","786432","32","32","0","-","-","-","0","0","0","0","0","0","0","0","0","0","0","0","0","0","0","0","0","0","0","0","0","0","0","0","0","0","0","0","0","0","0","0","0","0","0","0","0","0","0"
"0x7a6e0b9a8490","      IMAD.U32 R3, RZ, RZ, UR4","2","2","2","24576","786432","786432","32","32","0","-","-","-","0","0","0","0","0","0","0","0","0","0","0","0","0","0","0","0","0","0","0","0","0","2","0","0","0","0","0","0","0","0","0","0","0","0","0","0","0","0","2"
"0x7a6e0b9a84a0","      F2FP.SATFINITE.E4M3.F32.PACK_AB_MERGE_C R4, R57, R56, RZ","2","1","2","24576","786432","786432","32","32","0","-","-","-","0","0","0","0","0","0","0","0","0","0","0","0","0","0","0","0","0","1","1","0","0","0","0","0","0","0","0","0","0","0","0","0","0","0","0","1","0","0","0"
"0x7a6e0b9a84b0","      F2FP.SATFINITE.E4M3.F32.PACK_AB_MERGE_C R5, R53, R52, RZ","1","0","1","24576","786432","786432","32","32","0","-","-","-","0","0","0","0","0","0","0","0","0","0","0","0","0","0","0","0","0","1","0","0","0","0","0","0","0","0","0","0","0","0","0","0","0","0","0","0","0","0","0"
"0x7a6e0b9a84c0","      F2FP.SATFINITE.E4M3.F32.PACK_AB_MERGE_C R6, R49, R48, RZ","5","3","5","24576","786432","786432","32","32","0","-","-","-","0","0","0","0","0","0","0","0","0","0","0","0","0","0","0","0","1","1","0","0","0","3","0","0","0","0","0","0","0","0","0","0","0","0","0","0","0","0","3"
"0x7a6e0b9a84d0","      F2FP.SATFINITE.E4M3.F32.PACK_AB_MERGE_C R7, R45, R44, RZ","1","0","1","24576","786432","786432","32","32","0","-","-","-","0","0","0","0","0","0","0","0","0","0","0","0","0","0","0","0","0","1","0","0","0","0","0","0","0","0","0","0","0","0","0","0","0","0","0","0","0","0","0"
"0x7a6e0b9a84e0","      F2FP.SATFINITE.E4M3.F32.PACK_AB_MERGE_C R8, R41, R40, RZ","1","1","1","24576","786432","786432","32","32","0","-","-","-","0","0","0","0","0","0","0","0","0","0","0","0","0","0","0","0","0","0","0","0","0","1","0","0","0","0","0","0","0","0","0","0","0","0","0","0","0","0","1"
"0x7a6e0b9a84f0","      F2FP.SATFINITE.E4M3.F32.PACK_AB_MERGE_C R9, R37, R36, RZ","0","0","0","24576","786432","786432","32","32","0","-","-","-","0","0","0","0","0","0","0","0","0","0","0","0","0","0","0","0","0","0","0","0","0","0","0","0","0","0","0","0","0","0","0","0","0","0","0","0","0","0","0"
"0x7a6e0b9a8500","      F2FP.SATFINITE.E4M3.F32.PACK_AB_MERGE_C R10, R25, R24, RZ","1","1","1","24576","786432","786432","32","32","0","-","-","-","0","0","0","0","0","0","0","0","0","0","0","0","0","0","0","0","0","0","0","0","0","1","0","0","0","0","0","0","0","0","0","0","0","0","0","0","0","0","1"
"0x7a6e0b9a8510","      F2FP.SATFINITE.E4M3.F32.PACK_AB_MERGE_C R11, R21, R20, RZ","0","0","0","24576","786432","786432","32","32","0","-","-","-","0","0","0","0","0","0","0","0","0","0","0","0","0","0","0","0","0","0","0","0","0","0","0","0","0","0","0","0","0","0","0","0","0","0","0","0","0","0","0"
"0x7a6e0b9a8520","      F2FP.SATFINITE.E4M3.F32.PACK_AB_MERGE_C R4, R59, R58, R4","2","0","2","24576","786432","786432","32","32","0","-","-","-","0","0","0","0","0","0","0","0","0","0","0","0","0","0","0","0","0","1","0","0","0","1","0","0","0","0","0","0","0","0","0","0","0","0","0","0","0","0","0"
"0x7a6e0b9a8530","      F2FP.SATFINITE.E4M3.F32.PACK_AB_MERGE_C R5, R55, R54, R5","2","1","2","24576","786432","786432","32","32","0","-","-","-","0","0","0","0","0","0","0","0","0","0","0","0","0","0","0","0","0","1","0","0","0","1","0","0","0","0","0","0","0","0","0","0","0","0","0","0","0","0","1"
"0x7a6e0b9a8540","      F2FP.SATFINITE.E4M3.F32.PACK_AB_MERGE_C R6, R51, R50, R6","0","0","0","24576","786432","786432","32","32","0","-","-","-","0","0","0","0","0","0","0","0","0","0","0","0","0","0","0","0","0","0","0","0","0","0","0","0","0","0","0","0","0","0","0","0","0","0","0","0","0","0","0"
"0x7a6e0b9a8550","      F2FP.SATFINITE.E4M3.F32.PACK_AB_MERGE_C R7, R47, R46, R7","1","1","1","24576","786432","786432","32","32","0","-","-","-","0","0","0","0","0","0","0","0","0","0","0","0","0","0","0","0","0","0","0","0","0","1","0","0","0","0","0","0","0","0","0","0","0","0","0","0","0","0","1"
"0x7a6e0b9a8560","      F2FP.SATFINITE.E4M3.F32.PACK_AB_MERGE_C R8, R43, R42, R8","4","1","4","24576","786432","786432","32","32","0","-","-","-","0","0","0","0","0","0","0","0","0","0","0","0","0","0","0","0","1","1","0","0","0","2","0","0","0","0","0","0","0","0","0","0","0","0","0","0","0","0","1"
"0x7a6e0b9a8570","      F2FP.SATFINITE.E4M3.F32.PACK_AB_MERGE_C R9, R39, R38, R9","2","1","2","24576","786432","786432","32","32","0","-","-","-","0","0","0","0","0","0","0","0","0","0","0","0","0","0","0","0","0","1","0","0","0","1","0","0","0","0","0","0","0","0","0","0","0","0","0","0","0","0","1"
"0x7a6e0b9a8580","      F2FP.SATFINITE.E4M3.F32.PACK_AB_MERGE_C R10, R27, R26, R10","2","1","2","24576","786432","786432","32","32","0","-","-","-","0","0","0","0","0","0","0","0","0","0","0","0","0","0","0","1","0","0","0","0","0","1","0","0","0","0","0","0","0","0","0","0","0","0","0","0","0","0","1"
"0x7a6e0b9a8590","      F2FP.SATFINITE.E4M3.F32.PACK_AB_MERGE_C R11, R23, R22, R11","3","0","3","24576","786432","786432","32","32","0","-","-","-","0","0","0","0","0","0","0","0","0","0","0","0","0","0","0","0","1","2","0","0","0","0","0","0","0","0","0","0","0","0","0","0","0","0","0","0","0","0","0"
"0x7a6e0b9a85a0","      STTM.x8 tmem[UR5], R4","0","0","0","24576","786432","786432","32","32","0","Tmem","Store","-","0","0","0","0","0","0","0","0","0","0","0","0","0","0","0","0","0","0","0","0","0","0","0","0","0","0","0","0","0","0","0","0","0","0","0","0","0","0","0"
"0x7a6e0b9a85b0","      FENCE.VIEW.ASYNC.T","0","0","0","24576","786432","786432","32","32","0","-","-","-","0","0","0","0","0","0","0","0","0","0","0","0","0","0","0","0","0","0","0","0","0","0","0","0","0","0","0","0","0","0","0","0","0","0","0","0","0","0","0"
"0x7a6e0b9a85c0","      SYNCS.ARRIVE.TRANS64.ART0 RZ, [R12+UR7+0x118], R172","1","1","1","24576","786432","786432","32","32","0","-","-","-","0","0","0","0","0","0","0","0","0","0","0","0","0","0","0","0","0","0","1","0","0","0","0","0","0","0","0","0","0","0","0","0","0","0","0","1","0","0","0"
"0x7a6e0b9a85d0","      SYNCS.PHASECHK.TRANS64.TRYWAIT P0, [R0+UR7+0xa0], R3","1","0","1","24576","786432","786432","32","32","0","-","-","-","0","0","0","0","0","0","0","0","0","0","0","0","0","0","0","0","0","1","0","0","0","0","0","0","0","0","0","0","0","0","0","0","0","0","0","0","0","0","0"
"0x7a6e0b9a85e0","      FADD2 R12, R154.F32x2.HI_LO, R146.F32x2.HI_LO","7","5","7","24576","786432","786432","32","32","0","-","-","-","0","0","0","0","0","0","0","0","0","0","6","0","0","0","0","0","0","1","0","0","0","0","0","0","0","0","0","5","0","0","0","0","0","0","0","0","0","0","0"
"0x7a6e0b9a85f0","      FADD2 R12, R12.F32x2.HI_LO, R132.F32x2.HI_LO","3","2","3","24576","786432","786432","32","32","0","-","-","-","0","0","0","0","0","0","0","0","0","0","0","0","0","0","0","0","0","0","0","0","0","3","0","0","0","0","0","0","0","0","0","0","0","0","0","0","0","0","2"
"0x7a6e0b9a8600","      FADD2 R12, R12.F32x2.HI_LO, R124.F32x2.HI_LO","1","1","1","24576","786432","786432","32","32","0","-","-","-","0","0","0","0","0","0","0","0","0","0","0","0","0","0","0","0","0","0","0","0","0","1","0","0","0","0","0","0","0","0","0","0","0","0","0","0","0","0","1"
"0x7a6e0b9a8610","      FADD2 R4, R170.F32x2.HI_LO, R152.F32x2.HI_LO","0","0","0","24576","786432","786432","32","32","0","-","-","-","0","0","0","0","0","0","0","0","0","0","0","0","0","0","0","0","0","0","0","0","0","0","0","0","0","0","0","0","0","0","0","0","0","0","0","0","0","0","0"
"0x7a6e0b9a8620","      FADD2 R8, R168.F32x2.HI_LO, R150.F32x2.HI_LO","2","1","2","24576","786432","786432","32","32","0","-","-","-","0","0","0","0","0","0","0","0","0","0","0","0","0","0","0","0","0","1","0","0","0","1","0","0","0","0","0","0","0","0","0","0","0","0","0","0","0","0","1"
"0x7a6e0b9a8630","      FADD2 R10, R166.F32x2.HI_LO, R148.F32x2.HI_LO","0","0","0","24576","786432","786432","32","32","0","-","-","-","0","0","0","0","0","0","0","0","0","0","0","0","0","0","0","0","0","0","0","0","0","0","0","0","0","0","0","0","0","0","0","0","0","0","0","0","0","0","0"
"0x7a6e0b9a8640","      FADD2 R4, R4.F32x2.HI_LO, R144.F32x2.HI_LO","2","1","2","24576","786432","786432","32","32","0","-","-","-","0","0","0","0","0","0","0","0","0","0","0","0","0","0","0","0","0","0","0","0","0","2","0","0","0","0","0","0","0","0","0","0","0","0","0","0","0","0","1"
"0x7a6e0b9a8650","      FADD2 R8, R8.F32x2.HI_LO, R142.F32x2.HI_LO","0","0","0","24576","786432","786432","32","32","0","-","-","-","0","0","0","0","0","0","0","0","0","0","0","0","0","0","0","0","0","0","0","0","0","0","0","0","0","0","0","0","0","0","0","0","0","0","0","0","0","0","0"
"0x7a6e0b9a8660","      FADD2 R10, R10.F32x2.HI_LO, R140.F32x2.HI_LO","0","0","0","24576","786432","786432","32","32","0","-","-","-","0","0","0","0","0","0","0","0","0","0","0","0","0","0","0","0","0","0","0","0","0","0","0","0","0","0","0","0","0","0","0","0","0","0","0","0","0","0","0"
"0x7a6e0b9a8670","      FADD2 R4, R4.F32x2.HI_LO, R130.F32x2.HI_LO","2","0","2","24576","786432","786432","32","32","0","-","-","-","0","0","0","0","0","0","0","0","0","0","0","0","0","0","0","0","0","1","0","0","0","1","0","0","0","0","0","0","0","0","0","0","0","0","0","0","0","0","0"
"0x7a6e0b9a8680","      FADD2 R8, R8.F32x2.HI_LO, R128.F32x2.HI_LO","0","0","0","24576","786432","786432","32","32","0","-","-","-","0","0","0","0","0","0","0","0","0","0","0","0","0","0","0","0","0","0","0","0","0","0","0","0","0","0","0","0","0","0","0","0","0","0","0","0","0","0","0"
"0x7a6e0b9a8690","      FADD2 R10, R10.F32x2.HI_LO, R126.F32x2.HI_LO","2","2","2","24576","786432","786432","32","32","0","-","-","-","0","0","0","0","0","0","0","0","0","0","0","0","0","0","0","0","0","0","0","0","0","2","0","0","0","0","0","0","0","0","0","0","0","0","0","0","0","0","2"
"0x7a6e0b9a86a0","      FADD2 R4, R4.F32x2.HI_LO, R122.F32x2.HI_LO","0","0","0","24576","786432","786432","32","32","0","-","-","-","0","0","0","0","0","0","0","0","0","0","0","0","0","0","0","0","0","0","0","0","0","0","0","0","0","0","0","0","0","0","0","0","0","0","0","0","0","0","0"
"0x7a6e0b9a86b0","      FADD2 R8, R8.F32x2.HI_LO, R120.F32x2.HI_LO","0","0","0","24576","786432","786432","32","32","0","-","-","-","0","0","0","0","0","0","0","0","0","0","0","0","0","0","0","0","0","0","0","0","0","0","0","0","0","0","0","0","0","0","0","0","0","0","0","0","0","0","0"
"0x7a6e0b9a86c0","      FADD2 R10, R10.F32x2.HI_LO, R118.F32x2.HI_LO","2","1","2","24576","786432","786432","32","32","0","-","-","-","0","0","0","0","0","0","0","0","0","0","0","1","0","0","0","0","0","1","0","0","0","0","0","0","0","0","0","0","1","0","0","0","0","0","0","0","0","0","0"
"0x7a6e0b9a86d0","      FADD2 R12, R12.F32x2.HI_LO, R116.F32x2.HI_LO","2","2","2","24576","786432","786432","32","32","0","-","-","-","0","0","0","0","0","0","0","1","0","0","0","0","0","0","0","0","0","0","0","0","0","1","0","0","1","0","0","0","0","0","0","0","0","0","0","0","0","0","1"
"0x7a6e0b9a86e0","      FADD2 R4, R4.F32x2.HI_LO, R114.F32x2.HI_LO","2","2","2","24576","786432","786432","32","32","0","-","-","-","0","0","0","0","0","0","0","0","0","0","0","0","0","0","0","0","0","0","0","0","0","2","0","0","0","0","0","0","0","0","0","0","0","0","0","0","0","0","2"
"0x7a6e0b9a86f0","      FADD2 R8, R8.F32x2.HI_LO, R112.F32x2.HI_LO","0","0","0","24576","786432","786432","32","32","0","-","-","-","0","0","0","0","0","0","0","0","0","0","0","0","0","0","0","0","0","0","0","0","0","0","0","0","0","0","0","0","0","0","0","0","0","0","0","0","0","0","0"
"0x7a6e0b9a8700","      FADD2 R10, R10.F32x2.HI_LO, R110.F32x2.HI_LO","1","0","1","24576","786432","786432","32","32","0","-","-","-","0","0","0","0","0","0","0","0","0","0","0","0","0","0","0","0","0","1","0","0","0","0","0","0","0","0","0","0","0","0","0","0","0","0","0","0","0","0","0"
"0x7a6e0b9a8710","      FADD2 R12, R12.F32x2.HI_LO, R108.F32x2.HI_LO","2","2","2","24576","786432","786432","32","32","0","-","-","-","0","0","0","0","0","0","0","0","0","0","0","0","0","0","0","0","0","0","0","0","0","2","0","0","0","0","0","0","0","0","0","0","0","0","0","0","0","0","2"
"0x7a6e0b9a8720","      FADD2 R4, R4.F32x2.HI_LO, R106.F32x2.HI_LO","1","0","1","24576","786432","786432","32","32","0","-","-","-","0","0","0","0","0","0","0","0","0","0","0","0","0","0","0","0","1","0","0","0","0","0","0","0","0","0","0","0","0","0","0","0","0","0","0","0","0","0","0"
"0x7a6e0b9a8730","      FADD2 R8, R8.F32x2.HI_LO, R104.F32x2.HI_LO","0","0","0","24576","786432","786432","32","32","0","-","-","-","0","0","0","0","0","0","0","0","0","0","0","0","0","0","0","0","0","0","0","0","0","0","0","0","0","0","0","0","0","0","0","0","0","0","0","0","0","0","0"
"0x7a6e0b9a8740","      FADD2 R10, R10.F32x2.HI_LO, R102.F32x2.HI_LO","1","1","1","24576","786432","786432","32","32","0","-","-","-","0","0","0","0","0","0","0","0","0","0","0","0","0","0","0","0","0","0","0","0","0","1","0","0","0","0","0","0","0","0","0","0","0","0","0","0","0","0","1"
"0x7a6e0b9a8750","      FADD2 R12, R12.F32x2.HI_LO, R100.F32x2.HI_LO","2","2","2","24576","786432","786432","32","32","0","-","-","-","0","0","0","0","0","0","0","0","0","0","0","0","0","0","0","0","0","0","0","0","0","2","0","0","0","0","0","0","0","0","0","0","0","0","0","0","0","0","2"
"0x7a6e0b9a8760","      FADD2 R4, R4.F32x2.HI_LO, R98.F32x2.HI_LO","1","0","1","24576","786432","786432","32","32","0","-","-","-","0","0","0","0","0","0","0","0","0","0","0","0","0","0","0","0","1","0","0","0","0","0","0","0","0","0","0","0","0","0","0","0","0","0","0","0","0","0","0"
"0x7a6e0b9a8770","      FADD2 R8, R8.F32x2.HI_LO, R96.F32x2.HI_LO","1","0","1","24576","786432","786432","32","32","0","-","-","-","0","0","0","0","0","0","0","0","0","0","0","0","0","0","0","0","1","0","0","0","0","0","0","0","0","0","0","0","0","0","0","0","0","0","0","0","0","0","0"
"0x7a6e0b9a8780","      FADD2 R10, R10.F32x2.HI_LO, R94.F32x2.HI_LO","0","0","0","24576","786432","786432","32","32","0","-","-","-","0","0","0","0","0","0","0","0","0","0","0","0","0","0","0","0","0","0","0","0","0","0","0","0","0","0","0","0","0","0","0","0","0","0","0","0","0","0","0"
"0x7a6e0b9a8790","      FADD2 R12, R12.F32x2.HI_LO, R92.F32x2.HI_LO","1","0","1","24576","786432","786432","32","32","0","-","-","-","0","0","0","0","0","0","0","0","0","0","0","0","0","0","0","0","0","1","0","0","0","0","0","0","0","0","0","0","0","0","0","0","0","0","0","0","0","0","0"
"0x7a6e0b9a87a0","      FADD2 R4, R4.F32x2.HI_LO, R90.F32x2.HI_LO","2","0","2","24576","786432","786432","32","32","0","-","-","-","0","0","0","0","0","0","0","0","0","0","0","0","0","0","0","0","0","2","0","0","0","0","0","0","0","0","0","0","0","0","0","0","0","0","0","0","0","0","0"
"0x7a6e0b9a87b0","      FADD2 R8, R8.F32x2.HI_LO, R88.F32x2.HI_LO","1","0","1","24576","786432","786432","32","32","0","-","-","-","0","0","0","0","0","0","0","0","0","0","0","0","0","0","0","0","0","1","0","0","0","0","0","0","0","0","0","0","0","0","0","0","0","0","0","0","0","0","0"
"0x7a6e0b9a87c0","      FADD2 R10, R10.F32x2.HI_LO, R86.F32x2.HI_LO","0","0","0","24576","786432","786432","32","32","0","-","-","-","0","0","0","0","0","0","0","0","0","0","0","0","0","0","0","0","0","0","0","0","0","0","0","0","0","0","0","0","0","0","0","0","0","0","0","0","0","0","0"
"0x7a6e0b9a87d0","      FADD2 R12, R12.F32x2.HI_LO, R84.F32x2.HI_LO","1","0","1","24576","786432","786432","32","32","0","-","-","-","0","0","0","0","0","0","0","0","0","0","0","0","0","0","0","0","0","0","0","0","0","1","0","0","0","0","0","0","0","0","0","0","0","0","0","0","0","0","0"
"0x7a6e0b9a87e0","      FADD2 R4, R4.F32x2.HI_LO, R82.F32x2.HI_LO","1","0","1","24576","786432","786432","32","32","0","-","-","-","0","0","0","0","0","0","0","0","0","0","0","0","0","0","0","0","0","1","0","0","0","0","0","0","0","0","0","0","0","0","0","0","0","0","0","0","0","0","0"
"0x7a6e0b9a87f0","      FADD2 R8, R8.F32x2.HI_LO, R80.F32x2.HI_LO","2","0","2","24576","786432","786432","32","32","0","-","-","-","0","0","0","0","0","0","0","0","0","0","0","0","0","0","0","0","0","1","0","0","0","1","0","0","0","0","0","0","0","0","0","0","0","0","0","0","0","0","0"
"0x7a6e0b9a8800","      FADD2 R10, R10.F32x2.HI_LO, R78.F32x2.HI_LO","3","1","3","24576","786432","786432","32","32","0","-","-","-","0","0","0","0","0","0","0","0","0","0","0","0","0","0","0","0","0","1","0","0","0","2","0","0","0","0","0","0","0","0","0","0","0","0","0","0","0","0","1"
"0x7a6e0b9a8810","      FADD2 R12, R12.F32x2.HI_LO, R76.F32x2.HI_LO","0","0","0","24576","786432","786432","32","32","0","-","-","-","0","0","0","0","0","0","0","0","0","0","0","0","0","0","0","0","0","0","0","0","0","0","0","0","0","0","0","0","0","0","0","0","0","0","0","0","0","0","0"
"0x7a6e0b9a8820","      FADD2 R4, R4.F32x2.HI_LO, R74.F32x2.HI_LO","4","3","4","24576","786432","786432","32","32","0","-","-","-","0","0","0","0","0","0","0","0","0","0","0","0","0","0","0","0","0","0","0","0","0","4","0","0","0","0","0","0","0","0","0","0","0","0","0","0","0","0","3"
"0x7a6e0b9a8830","      FADD2 R8, R8.F32x2.HI_LO, R72.F32x2.HI_LO","0","0","0","24576","786432","786432","32","32","0","-","-","-","0","0","0","0","0","0","0","0","0","0","0","0","0","0","0","0","0","0","0","0","0","0","0","0","0","0","0","0","0","0","0","0","0","0","0","0","0","0","0"
"0x7a6e0b9a8840","      FADD2 R10, R10.F32x2.HI_LO, R70.F32x2.HI_LO","2","2","2","24576","786432","786432","32","32","0","-","-","-","0","0","0","0","0","0","0","0","0","0","0","0","0","0","0","0","0","0","0","0","0","2","0","0","0","0","0","0","0","0","0","0","0","0","0","0","0","0","2"
"0x7a6e0b9a8850","      FADD2 R12, R12.F32x2.HI_LO, R68.F32x2.HI_LO","1","1","1","24576","786432","786432","32","32","0","-","-","-","0","0","0","0","0","0","0","0","0","0","0","0","0","0","0","0","0","0","0","0","0","1","0","0","0","0","0","0","0","0","0","0","0","0","0","0","0","0","1"
"0x7a6e0b9a8860","      FADD2 R4, R4.F32x2.HI_LO, R66.F32x2.HI_LO","1","0","1","24576","786432","786432","32","32","0","-","-","-","0","0","0","0","0","0","0","0","0","0","0","0","0","0","0","0","0","1","0","0","0","0","0","0","0","0","0","0","0","0","0","0","0","0","0","0","0","0","0"
"0x7a6e0b9a8870","      FADD2 R8, R8.F32x2.HI_LO, R64.F32x2.HI_LO","2","1","2","24576","786432","786432","32","32","0","-","-","-","0","0","0","0","0","0","0","0","0","0","0","0","0","0","0","0","0","1","0","0","0","1","0","0","0","0","0","0","0","0","0","0","0","0","0","0","0","0","1"
"0x7a6e0b9a8880","      FADD2 R10, R10.F32x2.HI_LO, R62.F32x2.HI_LO","0","0","0","24576","786432","786432","32","32","0","-","-","-","0","0","0","0","0","0","0","0","0","0","0","0","0","0","0","0","0","0","0","0","0","0","0","0","0","0","0","0","0","0","0","0","0","0","0","0","0","0","0"
"0x7a6e0b9a8890","      FADD2 R12, R12.F32x2.HI_LO, R60.F32x2.HI_LO","1","0","1","24576","786432","786432","32","32","0","-","-","-","0","0","0","0","0","0","0","0","0","0","0","0","0","0","0","0","0","1","0","0","0","0","0","0","0","0","0","0","0","0","0","0","0","0","0","0","0","0","0"
"0x7a6e0b9a88a0","      FADD2 R4, R4.F32x2.HI_LO, R58.F32x2.HI_LO","0","0","0","24576","786432","786432","32","32","0","-","-","-","0","0","0","0","0","0","0","0","0","0","0","0","0","0","0","0","0","0","0","0","0","0","0","0","0","0","0","0","0","0","0","0","0","0","0","0","0","0","0"
"0x7a6e0b9a88b0","      FADD2 R8, R8.F32x2.HI_LO, R56.F32x2.HI_LO","0","0","0","24576","786432","786432","32","32","0","-","-","-","0","0","0","0","0","0","0","0","0","0","0","0","0","0","0","0","0","0","0","0","0","0","0","0","0","0","0","0","0","0","0","0","0","0","0","0","0","0","0"
"0x7a6e0b9a88c0","      FADD2 R10, R10.F32x2.HI_LO, R54.F32x2.HI_LO","2","1","2","24576","786432","786432","32","32","0","-","-","-","0","0","0","0","0","0","0","0","0","0","0","0","0","0","0","0","0","0","0","0","0","2","0","0","0","0","0","0","0","0","0","0","0","0","0","0","0","0","1"
"0x7a6e0b9a88d0","      FADD2 R12, R12.F32x2.HI_LO, R52.F32x2.HI_LO","1","0","1","24576","786432","786432","32","32","0","-","-","-","0","0","0","0","0","0","0","0","0","0","0","0","0","0","0","0","0","1","0","0","0","0","0","0","0","0","0","0","0","0","0","0","0","0","0","0","0","0","0"
"0x7a6e0b9a88e0","      FADD2 R6, R4.F32x2.HI_LO, R50.F32x2.HI_LO","1","0","1","24576","786432","786432","32","32","0","-","-","-","0","0","0","0","0","0","0","0","0","0","0","0","0","0","0","0","0","1","0","0","0","0","0","0","0","0","0","0","0","0","0","0","0","0","0","0","0","0","0"
"0x7a6e0b9a88f0","      FADD2 R4, R8.F32x2.HI_LO, R48.F32x2.HI_LO","0","0","0","24576","786432","786432","32","32","0","-","-","-","0","0","0","0","0","0","0","0","0","0","0","0","0","0","0","0","0","0","0","0","0","0","0","0","0","0","0","0","0","0","0","0","0","0","0","0","0","0","0"
"0x7a6e0b9a8900","      FADD2 R10, R10.F32x2.HI_LO, R46.F32x2.HI_LO","0","0","0","24576","786432","786432","32","32","0","-","-","-","0","0","0","0","0","0","0","0","0","0","0","0","0","0","0","0","0","0","0","0","0","0","0","0","0","0","0","0","0","0","0","0","0","0","0","0","0","0","0"
"0x7a6e0b9a8910","      FADD2 R12, R12.F32x2.HI_LO, R44.F32x2.HI_LO","2","1","2","24576","786432","786432","32","32","0","-","-","-","0","0","0","0","0","0","0","0","0","0","0","0","0","0","0","0","0","1","0","0","0","1","0","0","0","0","0","0","0","0","0","0","0","0","0","0","0","0","1"
"0x7a6e0b9a8920","      FADD2 R8, R6.F32x2.HI_LO, R42.F32x2.HI_LO","0","0","0","24576","786432","786432","32","32","0","-","-","-","0","0","0","0","0","0","0","0","0","0","0","0","0","0","0","0","0","0","0","0","0","0","0","0","0","0","0","0","0","0","0","0","0","0","0","0","0","0","0"
"0x7a6e0b9a8930","      FADD2 R6, R4.F32x2.HI_LO, R40.F32x2.HI_LO","1","0","1","24576","786432","786432","32","32","0","-","-","-","0","0","0","0","0","0","0","0","0","0","0","0","0","0","0","0","0","1","0","0","0","0","0","0","0","0","0","0","0","0","0","0","0","0","0","0","0","0","0"
"0x7a6e0b9a8940","      FADD2 R4, R10.F32x2.HI_LO, R38.F32x2.HI_LO","2","1","2","24576","786432","786432","32","32","0","-","-","-","0","0","0","0","0","0","0","0","0","0","0","0","0","0","0","0","0","1","0","0","0","1","0","0","0","0","0","0","0","0","0","0","0","0","0","0","0","0","1"
"0x7a6e0b9a8950","      FADD2 R12, R12.F32x2.HI_LO, R36.F32x2.HI_LO","1","1","1","24576","786432","786432","32","32","0","-","-","-","0","0","0","0","0","0","0","0","0","0","0","0","0","0","0","0","0","0","0","0","0","1","0","0","0","0","0","0","0","0","0","0","0","0","0","0","0","0","1"
"0x7a6e0b9a8960","      FADD2 R10, R8.F32x2.HI_LO, R26.F32x2.HI_LO","2","1","2","24576","786432","786432","32","32","0","-","-","-","0","0","0","0","0","0","0","0","0","0","0","0","0","0","0","0","1","0","0","0","0","1","0","0","0","0","0","0","0","0","0","0","0","0","0","0","0","0","1"
"0x7a6e0b9a8970","      FADD2 R8, R6.F32x2.HI_LO, R24.F32x2.HI_LO","1","1","1","24576","786432","786432","32","32","0","-","-","-","0","0","0","0","0","0","0","0","0","0","0","0","0","0","0","0","0","0","0","0","0","1","0","0","0","0","0","0","0","0","0","0","0","0","0","0","0","0","1"
"0x7a6e0b9a8980","      FADD2 R6, R4.F32x2.HI_LO, R22.F32x2.HI_LO","0","0","0","24576","786432","786432","32","32","0","-","-","-","0","0","0","0","0","0","0","0","0","0","0","0","0","0","0","0","0","0","0","0","0","0","0","0","0","0","0","0","0","0","0","0","0","0","0","0","0","0","0"
"0x7a6e0b9a8990","      FADD2 R4, R12.F32x2.HI_LO, R20.F32x2.HI_LO","2","0","2","24576","786432","786432","32","32","0","-","-","-","0","0","0","0","0","0","0","0","0","0","0","0","0","0","0","0","0","2","0","0","0","0","0","0","0","0","0","0","0","0","0","0","0","0","0","0","0","0","0"
"0x7a6e0b9a89a0","      FADD2 R8, R10.F32x2.HI_LO, R8.F32x2.HI_LO","1","0","1","24576","786432","786432","32","32","0","-","-","-","0","0","0","0","0","0","0","0","0","0","0","0","0","0","0","0","0","0","0","0","0","1","0","0","0","0","0","0","0","0","0","0","0","0","0","0","0","0","0"
"0x7a6e0b9a89b0","      FADD2 R4, R6.F32x2.HI_LO, R4.F32x2.HI_LO","1","0","1","24576","786432","786432","32","32","0","-","-","-","0","0","0","0","0","0","0","0","0","0","0","0","0","0","0","0","0","1","0","0","0","0","0","0","0","0","0","0","0","0","0","0","0","0","0","0","0","0","0"
"0x7a6e0b9a89c0","      FADD2 R6, R8.F32x2.HI_LO, R4.F32x2.HI_LO","1","1","1","24576","786432","786432","32","32","0","-","-","-","0","0","0","0","0","0","0","0","0","0","0","0","0","0","0","0","0","0","0","0","0","1","0","0","0","0","0","0","0","0","0","0","0","0","0","0","0","0","1"
"0x7a6e0b9a89d0","@!P0  BRA 0x7a6e0b9adec0","9","7","9","24576","786432","37312","32","1","0","-","-","-","0","0","0","0","0","0","0","0","0","0","9","0","0","0","0","0","0","0","0","0","0","0","0","0","0","0","0","7","0","0","0","0","0","0","0","0","0","0","0"
"0x7a6e0b9a89e0","      FADD R139, R6, R7","2","0","2","24576","786432","786432","32","32","0","-","-","-","0","0","0","0","0","0","0","0","0","0","0","0","0","0","0","0","0","2","0","0","0","0","0","0","0","0","0","0","0","0","0","0","0","0","0","0","0","0","0"
"0x7a6e0b9a89f0","      BRA.U !UP0, 0x7a6e0b9aa5c0","1","0","1","24576","786432","786432","32","32","0","-","-","-","0","0","0","0","0","0","0","0","0","0","0","0","0","0","0","0","0","1","0","0","0","0","0","0","0","0","0","0","0","0","0","0","0","0","0","0","0","0","0"
"0x7a6e0b9a8a00","      LDCU UR4, c[0x0][0x5c0]","2","2","2","24576","786432","786432","32","32","0","-","-","-","0","0","0","0","0","0","0","0","0","0","0","0","0","0","0","0","0","0","0","0","0","2","0","0","0","0","0","0","0","0","0","0","0","0","0","0","0","0","2"
"0x7a6e0b9a8a10","      UMOV UR11, URZ","0","0","0","24576","786432","786432","32","32","0","-","-","-","0","0","0","0","0","0","0","0","0","0","0","0","0","0","0","0","0","0","0","0","0","0","0","0","0","0","0","0","0","0","0","0","0","0","0","0","0","0","0"
"0x7a6e0b9a8a20","      USHF.L.U32 UR6, UR9, 0x1f, URZ","1948","1583","1948","6266880","200540160","200540160","32","32","0","-","-","-","0","0","0","0","0","0","307","8","0","0","0","6","0","0","0","1611","16","0","0","0","0","0","0","244","8","0","0","0","2","0","0","0","1329","0","0","0","0","0","0"
"0x7a6e0b9a8a30","      IMAD.U32 R0, RZ, RZ, UR8","111","0","111","6266880","200540160","200540160","32","32","0","-","-","-","0","0","0","0","0","0","0","1","0","0","0","0","0","0","0","0","0","110","0","0","0","0","0","0","0","0","0","0","0","0","0","0","0","0","0","0","0","0","0"
"0x7a6e0b9a8a40","      R2UR UR5, R136","108","0","108","6266880","200540160","200540160","32","32","0","-","-","-","0","0","0","0","0","0","0","4","0","0","0","0","0","0","0","0","1","103","0","0","0","0","0","0","0","0","0","0","0","0","0","0","0","0","0","0","0","0","0"
"0x7a6e0b9a8a50","      MOV R3, UR6","439","243","439","6266880","200540160","200540160","32","32","0","-","-","-","0","0","0","0","0","0","0","5","0","0","0","15","0","0","0","0","7","102","0","0","0","310","0","0","5","0","0","0","13","0","0","0","0","0","0","0","0","0","225"
"0x7a6e0b9a8a60","      SYNCS.PHASECHK.TRANS64.TRYWAIT P0, [R0+UR7+0x70], R3","448","248","448","6266880","200540160","200540160","32","32","0","-","-","-","0","0","0","0","0","0","0","3","0","0","0","0","0","0","0","0","11","106","0","0","0","328","0","0","3","0","0","0","0","0","0","0","0","0","0","0","0","0","245"
"0x7a6e0b9a8a70","@!P0  BRA 0x7a6e0b9adf30","14704","11949","14704","6266880","200540160","417664","32","0","0","-","-","-","0","0","0","0","0","0","0","3","0","0","14498","0","0","0","0","0","10","100","0","0","0","93","0","0","0","0","0","11869","0","0","0","0","0","0","0","0","0","0","80"
"0x7a6e0b9a8a80","      LDTM.x32 R100, tmem[UR5]","571","362","571","6266880","200540160","200540160","32","32","0","Tmem","Load","-","0","0","0","0","0","0","0","1","0","0","0","0","0","0","0","0","12","103","0","0","0","455","0","0","0","0","0","0","0","0","0","0","0","0","0","0","0","0","362"
"0x7a6e0b9a8a90","      R2UR UR5, R138","92","0","92","6266880","200540160","200540160","32","32","0","-","-","-","0","0","0","0","0","0","0","0","0","0","0","0","0","0","0","0","0","92","0","0","0","0","0","0","0","0","0","0","0","0","0","0","0","0","0","0","0","0","0"
"0x7a6e0b9a8aa0","      R2UR UR6, R137","245","78","245","6266880","200540160","200540160","32","32","0","-","-","-","0","0","0","0","0","0","0","0","0","0","0","8","0","0","0","0","10","119","0","0","0","108","0","0","0","0","0","0","7","0","0","0","0","0","0","0","0","0","71"
"0x7a6e0b9a8ab0","      LDTM.x32 R68, tmem[UR5]","1140","821","1140","6266880","200540160","200540160","32","32","0","Tmem","Load","-","0","0","0","0","0","0","0","0","0","0","0","0","0","0","0","0","11","97","0","0","0","1032","0","0","0","0","0","0","0","0","0","0","0","0","0","0","0","0","821"
"0x7a6e0b9a8ac0","      R2UR UR5, R135","98","0","98","6266880","200540160","200540160","32","32","0","-","-","-","0","0","0","0","0","0","0","0","0","0","0","0","0","0","0","0","0","98","0","0","0","0","0","0","0","0","0","0","0","0","0","0","0","0","0","0","0","0","0"
"0x7a6e0b9a8ad0","      LDTM.x32 R36, tmem[UR6]","94","0","94","6266880","200540160","200540160","32","32","0","Tmem","Load","-","0","0","0","0","0","0","0","0","0","0","0","0","0","0","0","0","0","94","0","0","0","0","0","0","0","0","0","0","0","0","0","0","0","0","0","0","0","0","0"
"0x7a6e0b9a8ae0","      R2UR UR6, R158","117","0","117","6266880","200540160","200540160","32","32","0","-","-","-","0","0","0","0","0","0","0","0","0","0","0","0","0","0","0","0","0","117","0","0","0","0","0","0","0","0","0","0","0","0","0","0","0","0","0","0","0","0","0"
"0x7a6e0b9a8af0","      FMNMX R5, R102, R103, !PT","1065","774","1065","6266880","200540160","200540160","32","32","0","-","-","-","0","0","0","0","0","0","0","50","0","0","0","1","0","0","0","0","11","79","808","0","0","116","0","0","34","0","0","0","1","0","0","0","0","0","0","689","0","0","50"
"0x7a6e0b9a8b00","      FMNMX R4, R104, R105, !PT","285","133","285","6266880","200540160","200540160","32","32","0","-","-","-","0","0","0","0","0","0","0","48","0","0","0","0","0","0","0","0","9","109","0","0","0","119","0","0","41","0","0","0","0","0","0","0","0","0","0","0","0","0","92"
"0x7a6e0b9a8b10","      FMNMX3 R5, R5, R110, R111, !PT","293","99","293","6266880","200540160","200540160","32","32","0","-","-","-","0","0","0","0","0","0","0","15","0","0","0","3","0","0","0","0","14","110","0","0","0","151","0","0","13","0","0","0","0","0","0","0","0","0","0","0","0","0","86"
"0x7a6e0b9a8b20","      FMNMX3 R4, R4, R112, R113, !PT","228","85","228","6266880","200540160","200540160","32","32","0","-","-","-","0","0","0","0","0","0","0","23","0","0","0","2","0","0","0","0","12","84","0","0","0","107","0","0","15","0","0","0","2","0","0","0","0","0","0","0","0","0","68"
"0x7a6e0b9a8b30","      FMNMX3 R132, R5, R118, R119, !PT","255","92","255","6266880","200540160","200540160","32","32","0","-","-","-","0","0","0","0","0","0","0","24","0","0","0","0","0","0","0","0","12","106","0","0","0","113","0","0","18","0","0","0","0","0","0","0","0","0","0","0","0","0","74"
"0x7a6e0b9a8b40","      FMNMX3 R133, R4, R120, R121, !PT","218","92","218","6266880","200540160","200540160","32","32","0","-","-","-","0","0","0","0","0","0","0","5","0","0","0","3","0","0","0","0","7","99","0","0","0","104","0","0","2","0","0","0","3","0","0","0","0","0","0","0","0","0","87"
"0x7a6e0b9a8b50","      LDTM.x32 R4, tmem[UR5]","224","97","224","6266880","200540160","200540160","32","32","0","Tmem","Load","-","0","0","0","0","0","0","0","2","0","0","0","0","0","0","0","0","11","101","0","0","0","110","0","0","0","0","0","0","0","0","0","0","0","0","0","0","0","0","97"
"0x7a6e0b9a8b60","      NOP","107","0","107","6266880","200540160","200540160","32","32","0","-","-","-","0","0","0","0","0","0","0","11","0","0","0","0","0","0","0","0","0","96","0","0","0","0","0","0","0","0","0","0","0","0","0","0","0","0","0","0","0","0","0"
"0x7a6e0b9a8b70","      R2UR UR5, R137","109","0","109","6266880","200540160","200540160","32","32","0","-","-","-","0","0","0","0","0","0","0","2","0","0","0","0","0","0","0","0","0","107","0","0","0","0","0","0","0","0","0","0","0","0","0","0","0","0","0","0","0","0","0"
"0x7a6e0b9a8b80","      FMNMX3 R0, R2, R100, R101, !PT","245","71","245","6266880","200540160","200540160","32","32","0","-","-","-","0","0","0","0","0","0","0","3","0","0","0","2","0","0","0","0","11","116","0","0","0","113","0","0","0","0","0","0","2","0","0","0","0","0","0","0","0","0","69"
"0x7a6e0b9a8b90","      FMNMX R3, R106, R107, !PT","215","93","215","6266880","200540160","200540160","32","32","0","-","-","-","0","0","0","0","0","0","0","0","0","0","0","1","0","0","0","0","5","106","0","0","0","103","0","0","0","0","0","0","1","0","0","0","0","0","0","0","0","0","92"
"0x7a6e0b9a8ba0","      FMNMX3 R0, R0, R108, R109, !PT","210","93","210","6266880","200540160","200540160","32","32","0","-","-","-","0","0","0","0","0","0","0","1","0","0","0","0","0","0","0","0","3","107","0","0","0","99","0","0","0","0","0","0","0","0","0","0","0","0","0","0","0","0","93"
"0x7a6e0b9a8bb0","      FMNMX3 R3, R3, R114, R115, !PT","205","101","205","6266880","200540160","200540160","32","32","0","-","-","-","0","0","0","0","0","0","0","0","0","0","0","1","0","0","0","0","4","99","0","0","0","101","0","0","0","0","0","0","1","0","0","0","0","0","0","0","0","0","100"
"0x7a6e0b9a8bc0","      FMNMX3 R0, R0, R116, R117, !PT","206","98","206","6266880","200540160","200540160","32","32","0","-","-","-","0","0","0","0","0","0","0","0","0","0","0","0","0","0","0","0","0","101","0","0","0","105","0","0","0","0","0","0","0","0","0","0","0","0","0","0","0","0","98"
"0x7a6e0b9a8bd0","      FMNMX3 R3, R3, R122, R123, !PT","226","99","226","6266880","200540160","200540160","32","32","0","-","-","-","0","0","0","0","0","0","0","0","0","0","0","0","0","0","0","0","1","105","0","0","0","120","0","0","0","0","0","0","0","0","0","0","0","0","0","0","0","0","99"
"0x7a6e0b9a8be0","      FMNMX3 R0, R0, R124, R125, !PT","185","96","185","6266880","200540160","200540160","32","32","0","-","-","-","0","0","0","0","0","0","0","0","0","0","0","0","0","0","0","0","0","85","0","0","0","100","0","0","0","0","0","0","0","0","0","0","0","0","0","0","0","0","96"
"0x7a6e0b9a8bf0","      FMNMX3 R132, R132, R126, R127, !PT","223","99","223","6266880","200540160","200540160","32","32","0","-","-","-","0","0","0","0","0","0","0","0","0","0","0","1","0","0","0","0","1","120","0","0","0","101","0","0","0","0","0","0","1","0","0","0","0","0","0","0","0","0","98"
"0x7a6e0b9a8c00","      FMNMX3 R133, R133, R128, R129, !PT","233","113","233","6266880","200540160","200540160","32","32","0","-","-","-","0","0","0","0","0","0","0","2","0","0","0","0","0","0","0","0","0","112","0","0","0","119","0","0","2","0","0","0","0","0","0","0","0","0","0","0","0","0","111"
"0x7a6e0b9a8c10","      FMNMX3 R134, R3, R130, R131, !PT","228","104","228","6266880","200540160","200540160","32","32","0","-","-","-","0","0","0","0","0","0","0","0","0","0","0","4","0","0","0","0","4","103","0","0","0","117","0","0","0","0","0","0","4","0","0","0","0","0","0","0","0","0","100"
"0x7a6e0b9a8c20","      FMNMX3 R0, R0, R68, R69, !PT","220","104","220","6266880","200540160","200540160","32","32","0","-","-","-","0","0","0","0","0","0","0","0","0","0","0","1","0","0","0","0","0","95","0","0","0","124","0","0","0","0","0","0","1","0","0","0","0","0","0","0","0","0","103"
"0x7a6e0b9a8c30","      FMNMX3 R132, R132, R70, R71, !PT","227","114","227","6266880","200540160","200540160","32","32","0","-","-","-","0","0","0","0","0","0","0","0","0","0","0","0","0","0","0","0","0","110","0","0","0","117","0","0","0","0","0","0","0","0","0","0","0","0","0","0","0","0","114"
"0x7a6e0b9a8c40","      FMNMX3 R133, R133, R72, R73, !PT","193","95","193","6266880","200540160","200540160","32","32","0","-","-","-","0","0","0","0","0","0","0","0","0","0","0","0","0","0","0","0","0","96","0","0","0","97","0","0","0","0","0","0","0","0","0","0","0","0","0","0","0","0","95"
"0x7a6e0b9a8c50","      FMNMX3 R134, R134, R74, R75, !PT","195","81","195","6266880","200540160","200540160","32","32","0","-","-","-","0","0","0","0","0","0","0","0","0","0","0","0","0","0","0","0","0","107","0","0","0","88","0","0","0","0","0","0","0","0","0","0","0","0","0","0","0","0","81"
"0x7a6e0b9a8c60","      FMNMX3 R0, R0, R76, R77, !PT","207","89","207","6266880","200540160","200540160","32","32","0","-","-","-","0","0","0","0","0","0","0","0","0","0","0","0","0","0","0","0","0","118","0","0","0","89","0","0","0","0","0","0","0","0","0","0","0","0","0","0","0","0","89"
"0x7a6e0b9a8c70","      FMNMX3 R132, R132, R78, R79, !PT","227","100","227","6266880","200540160","200540160","32","32","0","-","-","-","0","0","0","0","0","0","0","0","0","0","0","1","0","0","0","0","0","115","0","0","0","111","0","0","0","0","0","0","1","0","0","0","0","0","0","0","0","0","99"
"0x7a6e0b9a8c80","      FMNMX3 R133, R133, R80, R81, !PT","215","104","215","6266880","200540160","200540160","32","32","0","-","-","-","0","0","0","0","0","0","0","0","0","0","0","0","0","0","0","0","0","107","0","0","0","108","0","0","0","0","0","0","0","0","0","0","0","0","0","0","0","0","104"
"0x7a6e0b9a8c90","      FMNMX3 R134, R134, R82, R83, !PT","209","91","209","6266880","200540160","200540160","32","32","0","-","-","-","0","0","0","0","0","0","0","0","0","0","0","0","0","0","0","0","1","113","0","0","0","95","0","0","0","0","0","0","0","0","0","0","0","0","0","0","0","0","91"
"0x7a6e0b9a8ca0","      FMNMX3 R0, R0, R84, R85, !PT","214","93","214","6266880","200540160","200540160","32","32","0","-","-","-","0","0","0","0","0","0","0","0","0","0","0","4","0","0","0","0","2","114","0","0","0","94","0","0","0","0","0","0","4","0","0","0","0","0","0","0","0","0","89"
"0x7a6e0b9a8cb0","      FMNMX3 R132, R132, R86, R87, !PT","209","108","209","6266880","200540160","200540160","32","32","0","-","-","-","0","0","0","0","0","0","0","0","0","0","0","0","0","0","0","0","1","98","0","0","0","110","0","0","0","0","0","0","0","0","0","0","0","0","0","0","0","0","108"
"0x7a6e0b9a8cc0","      FMNMX3 R133, R133, R88, R89, !PT","224","104","224","6266880","200540160","200540160","32","32","0","-","-","-","0","0","0","0","0","0","0","0","0","0","0","1","0","0","0","0","0","106","0","0","0","117","0","0","0","0","0","0","0","0","0","0","0","0","0","0","0","0","104"
"0x7a6e0b9a8cd0","      FMNMX3 R134, R134, R90, R91, !PT","232","111","232","6266880","200540160","200540160","32","32","0","-","-","-","0","0","0","0","0","0","0","0","0","0","0","1","0","0","0","0","0","121","0","0","0","110","0","0","0","0","0","0","1","0","0","0","0","0","0","0","0","0","110"
"0x7a6e0b9a8ce0","      FMNMX3 R0, R0, R92, R93, !PT","219","106","219","6266880","200540160","200540160","32","32","0","-","-","-","0","0","0","0","0","0","0","0","0","0","0","0","0","0","0","0","0","109","0","0","0","110","0","0","0","0","0","0","0","0","0","0","0","0","0","0","0","0","106"
"0x7a6e0b9a8cf0","      FMNMX3 R132, R132, R94, R95, !PT","198","94","198","6266880","200540160","200540160","32","32","0","-","-","-","0","0","0","0","0","0","0","0","0","0","0","0","0","0","0","0","0","103","0","0","0","95","0","0","0","0","0","0","0","0","0","0","0","0","0","0","0","0","94"
"0x7a6e0b9a8d00","      FMNMX3 R133, R133, R96, R97, !PT","207","102","207","6266880","200540160","200540160","32","32","0","-","-","-","0","0","0","0","0","0","0","1","0","0","0","0","0","0","0","0","0","105","0","0","0","101","0","0","1","0","0","0","0","0","0","0","0","0","0","0","0","0","101"
"0x7a6e0b9a8d10","      FMNMX3 R134, R134, R98, R99, !PT","200","106","200","6266880","200540160","200540160","32","32","0","-","-","-","0","0","0","0","0","0","0","0","0","0","0","0","0","0","0","0","1","92","0","0","0","107","0","0","0","0","0","0","0","0","0","0","0","0","0","0","0","0","106"
"0x7a6e0b9a8d20","      FMNMX3 R0, R0, R36, R37, !PT","211","111","211","6266880","200540160","200540160","32","32","0","-","-","-","0","0","0","0","0","0","0","0","0","0","0","0","0","0","0","0","0","98","0","0","0","113","0","0","0","0","0","0","0","0","0","0","0","0","0","0","0","0","111"
"0x7a6e0b9a8d30","      FMNMX3 R132, R132, R38, R39, !PT","201","85","201","6266880","200540160","200540160","32","32","0","-","-","-","0","0","0","0","0","0","0","0","0","0","0","7","0","0","0","0","3","105","0","0","0","86","0","0","0","0","0","0","7","0","0","0","0","0","0","0","0","0","78"
"0x7a6e0b9a8d40","      FMNMX3 R133, R133, R40, R41, !PT","201","93","201","6266880","200540160","200540160","32","32","0","-","-","-","0","0","0","0","0","0","0","0","0","0","0","1","0","0","0","0","0","108","0","0","0","92","0","0","0","0","0","0","1","0","0","0","0","0","0","0","0","0","92"
"0x7a6e0b9a8d50","      FMNMX3 R134, R134, R42, R43, !PT","195","108","195","6266880","200540160","200540160","32","32","0","-","-","-","0","0","0","0","0","0","0","0","0","0","0","0","0","0","0","0","0","87","0","0","0","108","0","0","0","0","0","0","0","0","0","0","0","0","0","0","0","0","108"
"0x7a6e0b9a8d60","      FMNMX3 R3, R0, R44, R45, !PT","196","105","196","6266880","200540160","200540160","32","32","0","-","-","-","0","0","0","0","0","0","0","0","0","0","0","0","0","0","0","0","0","91","0","0","0","105","0","0","0","0","0","0","0","0","0","0","0","0","0","0","0","0","105"
"0x7a6e0b9a8d70","      FMNMX3 R0, R132, R46, R47, !PT","211","103","211","6266880","200540160","200540160","32","32","0","-","-","-","0","0","0","0","0","0","0","0","0","0","0","0","0","0","0","0","0","102","0","0","0","109","0","0","0","0","0","0","0","0","0","0","0","0","0","0","0","0","103"
"0x7a6e0b9a8d80","      FMNMX3 R133, R133, R48, R49, !PT","247","120","247","6266880","200540160","200540160","32","32","0","-","-","-","0","0","0","0","0","0","0","0","0","0","0","0","0","0","0","0","2","124","0","0","0","121","0","0","0","0","0","0","0","0","0","0","0","0","0","0","0","0","120"
"0x7a6e0b9a8d90","      FMNMX3 R134, R134, R50, R51, !PT","195","99","195","6266880","200540160","200540160","32","32","0","-","-","-","0","0","0","0","0","0","0","0","0","0","0","0","0","0","0","0","0","96","0","0","0","99","0","0","0","0","0","0","0","0","0","0","0","0","0","0","0","0","99"
"0x7a6e0b9a8da0","      FMNMX3 R132, R3, R52, R53, !PT","188","93","188","6266880","200540160","200540160","32","32","0","-","-","-","0","0","0","0","0","0","0","0","0","0","0","0","0","0","0","0","0","95","0","0","0","93","0","0","0","0","0","0","0","0","0","0","0","0","0","0","0","0","93"
"0x7a6e0b9a8db0","      FMNMX3 R3, R0, R54, R55, !PT","216","106","216","6266880","200540160","200540160","32","32","0","-","-","-","0","0","0","0","0","0","0","0","0","0","0","0","0","0","0","0","0","109","0","0","0","107","0","0","0","0","0","0","0","0","0","0","0","0","0","0","0","0","106"
"0x7a6e0b9a8dc0","      FMNMX3 R0, R133, R56, R57, !PT","220","120","220","6266880","200540160","200540160","32","32","0","-","-","-","0","0","0","0","0","0","0","0","0","0","0","1","0","0","0","0","6","91","0","0","0","122","0","0","0","0","0","0","1","0","0","0","0","0","0","0","0","0","119"
"0x7a6e0b9a8dd0","      FMNMX3 R134, R134, R58, R59, !PT","222","123","222","6266880","200540160","200540160","32","32","0","-","-","-","0","0","0","0","0","0","0","0","0","0","0","0","0","0","0","0","0","98","0","0","0","124","0","0","0","0","0","0","0","0","0","0","0","0","0","0","0","0","123"
"0x7a6e0b9a8de0","      FMNMX3 R133, R132, R60, R61, !PT","194","89","194","6266880","200540160","200540160","32","32","0","-","-","-","0","0","0","0","0","0","0","4","0","0","0","0","0","0","0","0","3","93","0","0","0","94","0","0","0","0","0","0","0","0","0","0","0","0","0","0","0","0","89"
"0x7a6e0b9a8df0","      FMNMX3 R3, R3, R62, R63, !PT","227","123","227","6266880","200540160","200540160","32","32","0","-","-","-","0","0","0","0","0","0","0","0","0","0","0","0","0","0","0","0","0","104","0","0","0","123","0","0","0","0","0","0","0","0","0","0","0","0","0","0","0","0","123"
"0x7a6e0b9a8e00","      FMNMX3 R0, R0, R64, R65, !PT","172","88","172","6266880","200540160","200540160","32","32","0","-","-","-","0","0","0","0","0","0","0","0","0","0","0","0","0","0","0","0","0","84","0","0","0","88","0","0","0","0","0","0","0","0","0","0","0","0","0","0","0","0","88"
"0x7a6e0b9a8e10","      FMNMX3 R132, R134, R66, R67, !PT","189","97","189","6266880","200540160","200540160","32","32","0","-","-","-","0","0","0","0","0","0","0","0","0","0","0","0","0","0","0","0","0","92","0","0","0","97","0","0","0","0","0","0","0","0","0","0","0","0","0","0","0","0","97"
"0x7a6e0b9a8e20","      FMNMX3 R133, R133, R4, R5, !PT","238","112","238","6266880","200540160","200540160","32","32","0","-","-","-","0","0","0","0","0","0","0","0","0","0","0","0","0","0","0","0","0","113","0","0","0","125","0","0","0","0","0","0","0","0","0","0","0","0","0","0","0","0","112"
"0x7a6e0b9a8e30","      FMNMX3 R134, R3, R6, R7, !PT","199","109","199","6266880","200540160","200540160","32","32","0","-","-","-","0","0","0","0","0","0","0","0","0","0","0","0","0","0","0","0","0","89","0","0","0","110","0","0","0","0","0","0","0","0","0","0","0","0","0","0","0","0","109"
"0x7a6e0b9a8e40","      FMNMX3 R3, R0, R8, R9, !PT","215","97","215","6266880","200540160","200540160","32","32","0","-","-","-","0","0","0","0","0","0","0","0","0","0","0","0","0","0","0","0","0","116","0","0","0","99","0","0","0","0","0","0","0","0","0","0","0","0","0","0","0","0","97"
"0x7a6e0b9a8e50","      FMNMX3 R0, R132, R10, R11, !PT","205","89","205","6266880","200540160","200540160","32","32","0","-","-","-","0","0","0","0","0","0","0","0","0","0","0","4","0","0","0","0","3","106","0","0","0","92","0","0","0","0","0","0","4","0","0","0","0","0","0","0","0","0","85"
"0x7a6e0b9a8e60","      FMNMX3 R133, R133, R12, R13, !PT","222","104","222","6266880","200540160","200540160","32","32","0","-","-","-","0","0","0","0","0","0","0","0","0","0","0","0","0","0","0","0","0","118","0","0","0","104","0","0","0","0","0","0","0","0","0","0","0","0","0","0","0","0","104"
"0x7a6e0b9a8e70","      FMNMX3 R134, R134, R14, R15, !PT","208","108","208","6266880","200540160","200540160","32","32","0","-","-","-","0","0","0","0","0","0","0","0","0","0","0","0","0","0","0","0","0","100","0","0","0","108","0","0","0","0","0","0","0","0","0","0","0","0","0","0","0","0","108"
"0x7a6e0b9a8e80","      FMNMX3 R132, R3, R16, R17, !PT","223","114","223","6266880","200540160","200540160","32","32","0","-","-","-","0","0","0","0","0","0","0","0","0","0","0","0","0","0","0","0","0","105","0","0","0","118","0","0","0","0","0","0","0","0","0","0","0","0","0","0","0","0","114"
"0x7a6e0b9a8e90","      FMNMX3 R3, R0, R18, R19, !PT","210","118","210","6266880","200540160","200540160","32","32","0","-","-","-","0","0","0","0","0","0","0","0","0","0","0","5","0","0","0","0","1","87","0","0","0","117","0","0","0","0","0","0","5","0","0","0","0","0","0","0","0","0","113"
"0x7a6e0b9a8ea0","      FMNMX3 R0, R133, R20, R21, !PT","189","94","189","6266880","200540160","200540160","32","32","0","-","-","-","0","0","0","0","0","0","0","0","0","0","0","0","0","0","0","0","0","95","0","0","0","94","0","0","0","0","0","0","0","0","0","0","0","0","0","0","0","0","94"
"0x7a6e0b9a8eb0","      FMNMX3 R134, R134, R22, R23, !PT","206","107","206","6266880","200540160","200540160","32","32","0","-","-","-","0","0","0","0","0","0","0","0","0","0","0","0","0","0","0","0","0","99","0","0","0","107","0","0","0","0","0","0","0","0","0","0","0","0","0","0","0","0","107"
"0x7a6e0b9a8ec0","      FMNMX3 R133, R132, R24, R25, !PT","194","95","194","6266880","200540160","200540160","32","32","0","-","-","-","0","0","0","0","0","0","0","0","0","0","0","0","0","0","0","0","0","99","0","0","0","95","0","0","0","0","0","0","0","0","0","0","0","0","0","0","0","0","95"
"0x7a6e0b9a8ed0","      FMNMX3 R132, R3, R26, R27, !PT","219","102","219","6266880","200540160","200540160","32","32","0","-","-","-","0","0","0","0","0","0","0","0","0","0","0","0","0","0","0","0","0","114","0","0","0","105","0","0","0","0","0","0","0","0","0","0","0","0","0","0","0","0","102"
"0x7a6e0b9a8ee0","      FMNMX3 R0, R0, R28, R29, !PT","215","116","215","6266880","200540160","200540160","32","32","0","-","-","-","0","0","0","0","0","0","0","0","0","0","0","0","0","0","0","0","0","99","0","0","0","116","0","0","0","0","0","0","0","0","0","0","0","0","0","0","0","0","116"
"0x7a6e0b9a8ef0","      FMNMX3 R3, R134, R30, R31, !PT","218","106","218","6266880","200540160","200540160","32","32","0","-","-","-","0","0","0","0","0","0","0","0","0","0","0","0","0","0","0","0","0","112","0","0","0","106","0","0","0","0","0","0","0","0","0","0","0","0","0","0","0","0","106"
"0x7a6e0b9a8f00","      FMNMX3 R133, R133, R32, R33, !PT","200","94","200","6266880","200540160","200540160","32","32","0","-","-","-","0","0","0","0","0","0","0","0","0","0","0","0","0","0","0","0","0","106","0","0","0","94","0","0","0","0","0","0","0","0","0","0","0","0","0","0","0","0","94"
"0x7a6e0b9a8f10","      FMNMX3 R132, R132, R34, R35, !PT","212","95","212","6266880","200540160","200540160","32","32","0","-","-","-","0","0","0","0","0","0","0","0","0","0","0","0","0","0","0","0","1","116","0","0","0","95","0","0","0","0","0","0","0","0","0","0","0","0","0","0","0","0","95"
"0x7a6e0b9a8f20","      FMNMX R3, R0, R3, !PT","191","96","191","6266880","200540160","200540160","32","32","0","-","-","-","0","0","0","0","0","0","0","0","0","0","0","3","0","0","0","0","5","89","0","0","0","94","0","0","0","0","0","0","3","0","0","0","0","0","0","0","0","0","93"
"0x7a6e0b9a8f30","      FMNMX3 R3, R3, R133, R132, !PT","418","201","418","6266880","200540160","200540160","32","32","0","-","-","-","0","0","0","0","0","0","0","0","0","0","0","0","0","0","0","0","0","112","0","0","0","306","0","0","0","0","0","0","0","0","0","0","0","0","0","0","0","0","201"
"0x7a6e0b9a8f40","      IMAD.U32 R133, RZ, RZ, UR4","96","0","96","6266880","200540160","200540160","32","32","0","-","-","-","0","0","0","0","0","0","0","0","0","0","0","0","0","0","0","0","0","96","0","0","0","0","0","0","0","0","0","0","0","0","0","0","0","0","0","0","0","0","0"
"0x7a6e0b9a8f50","      FSETP.NEU.AND P0, PT, R3, -INF , PT","317","144","317","6266880","200540160","200540160","32","32","0","-","-","-","0","0","0","0","0","0","0","0","0","0","0","1","0","0","0","0","9","94","0","0","0","213","0","0","0","0","0","0","1","0","0","0","0","0","0","0","0","0","143"
"0x7a6e0b9a8f60","      FSEL R132, R3, RZ, P0","409","201","409","6266880","200540160","200540160","32","32","0","-","-","-","0","0","0","0","0","0","0","0","0","0","0","3","0","0","0","0","4","110","0","0","0","292","0","0","0","0","0","0","3","0","0","0","0","0","0","0","0","0","198"
"0x7a6e0b9a8f70","      FADD R0, -R132, R2","551","438","551","6266880","200540160","200540160","32","32","0","-","-","-","0","0","0","0","0","0","0","1","0","0","0","0","0","0","0","0","3","102","0","0","0","445","0","0","1","0","0","0","0","0","0","0","0","0","0","0","0","0","437"
"0x7a6e0b9a8f80","      FMUL R0, R0, UR4","466","332","466","6266880","200540160","200540160","32","32","0","-","-","-","0","0","0","0","0","0","0","0","0","0","0","0","0","0","0","0","6","111","0","0","0","349","0","0","0","0","0","0","0","0","0","0","0","0","0","0","0","0","332"
"0x7a6e0b9a8f90","      MUFU.EX2 R134, R0","435","136","435","6266880","200540160","200540160","32","32","0","-","-","-","0","0","0","0","0","0","0","0","0","0","0","0","0","5","0","0","0","110","0","0","0","320","0","0","0","0","0","0","0","0","1","0","0","0","0","0","0","0","135"
"0x7a6e0b9a8fa0","      FSETP.GE.AND P0, PT, R0, -8, PT","100","0","100","6266880","200540160","200540160","32","32","0","-","-","-","0","0","0","0","0","0","0","2","0","0","0","0","0","0","0","0","0","98","0","0","0","0","0","0","0","0","0","0","0","0","0","0","0","0","0","0","0","0","0"
"0x7a6e0b9a8fb0","      FSEL R132, R2, R132, P0","408","250","408","6266880","200540160","200540160","32","32","0","-","-","-","0","0","0","0","0","0","0","0","0","0","0","0","0","0","0","0","0","100","0","0","0","308","0","0","0","0","0","0","0","0","0","0","0","0","0","0","0","0","250"
"0x7a6e0b9a8fc0","      FSEL R2, R2, R3, P0","203","101","203","6266880","200540160","200540160","32","32","0","-","-","-","0","0","0","0","0","0","0","0","0","0","0","6","0","0","0","0","4","88","0","0","0","105","0","0","0","0","0","0","6","0","0","0","0","0","0","0","0","0","95"
"0x7a6e0b9a8fd0","      FFMA R0, R132, R133, -8","1208","905","1208","6266880","200540160","200540160","32","32","0","-","-","-","0","0","0","0","0","0","0","0","0","0","0","0","0","0","0","0","1","107","887","0","0","213","0","0","0","0","0","0","0","0","0","0","0","0","0","702","0","0","203"
"0x7a6e0b9a8fe0","      FFMA2 R100, R100.F32x2.HI_LO, UR4.F32, -R0.F32","453","163","453","6266880","200540160","200540160","32","32","0","-","-","-","0","0","0","0","0","0","0","0","0","0","0","0","0","0","0","0","0","121","0","0","0","332","0","0","0","0","0","0","0","0","0","0","0","0","0","0","0","0","163"
"0x7a6e0b9a8ff0","      FFMA2 R102, R102.F32x2.HI_LO, UR4.F32, -R0.F32","174","91","174","6266880","200540160","200540160","32","32","0","-","-","-","0","0","0","0","0","0","0","0","0","0","0","0","0","0","0","0","0","83","0","0","0","91","0","0","0","0","0","0","0","0","0","0","0","0","0","0","0","0","91"
"0x7a6e0b9a9000","      MUFU.EX2 R154, R100","204","111","204","6266880","200540160","200540160","32","32","0","-","-","-","0","0","0","0","0","0","0","0","0","0","0","0","0","0","0","0","1","91","0","0","0","112","0","0","0","0","0","0","0","0","0","0","0","0","0","0","0","0","111"
"0x7a6e0b9a9010","      FFMA2 R104, R104.F32x2.HI_LO, UR4.F32, -R0.F32","100","0","100","6266880","200540160","200540160","32","32","0","-","-","-","0","0","0","0","0","0","0","0","0","0","0","0","0","0","0","0","0","100","0","0","0","0","0","0","0","0","0","0","0","0","0","0","0","0","0","0","0","0","0"
"0x7a6e0b9a9020","      FFMA2 R106, R106.F32x2.HI_LO, UR4.F32, -R0.F32","213","102","213","6266880","200540160","200540160","32","32","0","-","-","-","0","0","0","0","0","0","0","1","0","0","0","0","0","0","0","0","0","111","0","0","0","101","0","0","1","0","0","0","0","0","0","0","0","0","0","0","0","0","101"
"0x7a6e0b9a9030","      FFMA2 R108, R108.F32x2.HI_LO, UR4.F32, -R0.F32","215","104","215","6266880","200540160","200540160","32","32","0","-","-","-","0","0","0","0","0","0","0","0","0","0","0","0","0","0","0","0","0","111","0","0","0","104","0","0","0","0","0","0","0","0","0","0","0","0","0","0","0","0","104"
"0x7a6e0b9a9040","      FFMA2 R110, R110.F32x2.HI_LO, UR4.F32, -R0.F32","202","103","202","6266880","200540160","200540160","32","32","0","-","-","-","0","0","0","0","0","0","0","0","0","0","0","0","0","0","0","0","1","96","0","0","0","105","0","0","0","0","0","0","0","0","0","0","0","0","0","0","0","0","103"
"0x7a6e0b9a9050","      MUFU.EX2 R150, R102","958","741","958","6266880","200540160","200540160","32","32","0","-","-","-","0","0","0","0","0","0","0","0","0","0","0","0","0","637","0","0","0","113","0","0","0","208","0","0","0","0","0","0","0","0","637","0","0","0","0","0","0","0","104"
"0x7a6e0b9a9060","      FFMA2 R112, R112.F32x2.HI_LO, UR4.F32, -R0.F32","107","0","107","6266880","200540160","200540160","32","32","0","-","-","-","0","0","0","0","0","0","0","0","0","0","0","0","0","0","0","0","0","107","0","0","0","0","0","0","0","0","0","0","0","0","0","0","0","0","0","0","0","0","0"
"0x7a6e0b9a9070","      FFMA2 R114, R114.F32x2.HI_LO, UR4.F32, -R0.F32","183","92","183","6266880","200540160","200540160","32","32","0","-","-","-","0","0","0","0","0","0","0","0","0","0","0","0","0","0","0","0","0","90","0","0","0","93","0","0","0","0","0","0","0","0","0","0","0","0","0","0","0","0","92"
"0x7a6e0b9a9080","      FFMA2 R116, R116.F32x2.HI_LO, UR4.F32, -R0.F32","224","105","224","6266880","200540160","200540160","32","32","0","-","-","-","0","0","0","0","0","0","0","0","0","0","0","0","0","0","0","0","0","119","0","0","0","105","0","0","0","0","0","0","0","0","0","0","0","0","0","0","0","0","105"
"0x7a6e0b9a9090","      FFMA2 R118, R118.F32x2.HI_LO, UR4.F32, -R0.F32","208","111","208","6266880","200540160","200540160","32","32","0","-","-","-","0","0","0","0","0","0","0","0","0","0","0","0","0","0","0","0","0","96","0","0","0","112","0","0","0","0","0","0","0","0","0","0","0","0","0","0","0","0","111"
"0x7a6e0b9a90a0","      MUFU.EX2 R140, R110","931","659","931","6266880","200540160","200540160","32","32","0","-","-","-","0","0","0","0","0","0","0","0","0","0","0","0","0","618","0","0","0","115","0","0","0","198","0","0","0","0","0","0","0","0","603","0","0","0","0","0","0","0","56"
"0x7a6e0b9a90b0","      FFMA2 R120, R120.F32x2.HI_LO, UR4.F32, -R0.F32","96","0","96","6266880","200540160","200540160","32","32","0","-","-","-","0","0","0","0","0","0","0","0","0","0","0","0","0","0","0","0","0","96","0","0","0","0","0","0","0","0","0","0","0","0","0","0","0","0","0","0","0","0","0"
"0x7a6e0b9a90c0","      FFMA2 R122, R122.F32x2.HI_LO, UR4.F32, -R0.F32","176","89","176","6266880","200540160","200540160","32","32","0","-","-","-","0","0","0","0","0","0","0","0","0","0","0","0","0","0","0","0","0","83","0","0","0","93","0","0","0","0","0","0","0","0","0","0","0","0","0","0","0","0","89"
"0x7a6e0b9a90d0","      FFMA2 R124, R124.F32x2.HI_LO, UR4.F32, -R0.F32","209","109","209","6266880","200540160","200540160","32","32","0","-","-","-","0","0","0","0","0","0","0","0","0","0","0","0","0","0","0","0","0","100","0","0","0","109","0","0","0","0","0","0","0","0","0","0","0","0","0","0","0","0","109"
"0x7a6e0b9a90e0","      FFMA2 R126, R126.F32x2.HI_LO, UR4.F32, -R0.F32","216","101","216","6266880","200540160","200540160","32","32","0","-","-","-","0","0","0","0","0","0","0","0","0","0","0","0","0","0","0","0","0","115","0","0","0","101","0","0","0","0","0","0","0","0","0","0","0","0","0","0","0","0","101"
"0x7a6e0b9a90f0","      MUFU.EX2 R141, R111","957","718","957","6266880","200540160","200540160","32","32","0","-","-","-","0","0","0","0","0","0","0","0","0","0","0","0","0","645","0","0","1","107","0","0","0","204","0","0","0","0","0","0","0","0","631","0","0","0","0","0","0","0","87"
"0x7a6e0b9a9100","      FFMA2 R128, R128.F32x2.HI_LO, UR4.F32, -R0.F32","104","0","104","6266880","200540160","200540160","32","32","0","-","-","-","0","0","0","0","0","0","0","0","0","0","0","0","0","0","0","0","0","104","0","0","0","0","0","0","0","0","0","0","0","0","0","0","0","0","0","0","0","0","0"
"0x7a6e0b9a9110","      FFMA2 R130, R130.F32x2.HI_LO, UR4.F32, -R0.F32","169","76","169","6266880","200540160","200540160","32","32","0","-","-","-","0","0","0","0","0","0","0","0","0","0","0","0","0","0","0","0","0","89","0","0","0","80","0","0","0","0","0","0","0","0","0","0","0","0","0","0","0","0","76"
"0x7a6e0b9a9120","      FFMA2 R68, R68.F32x2.HI_LO, UR4.F32, -R0.F32","210","84","210","6266880","200540160","200540160","32","32","0","-","-","-","0","0","0","0","0","0","0","0","0","0","0","0","0","0","0","0","3","120","0","0","0","87","0","0","0","0","0","0","0","0","0","0","0","0","0","0","0","0","84"
"0x7a6e0b9a9130","      FFMA2 R70, R70.F32x2.HI_LO, UR4.F32, -R0.F32","201","103","201","6266880","200540160","200540160","32","32","0","-","-","-","0","0","0","0","0","0","0","0","0","0","0","0","0","0","0","0","0","98","0","0","0","103","0","0","0","0","0","0","0","0","0","0","0","0","0","0","0","0","103"
"0x7a6e0b9a9140","      MUFU.EX2 R151, R103","899","614","899","6266880","200540160","200540160","32","32","0","-","-","-","0","0","0","0","0","0","0","0","0","0","0","0","0","594","0","0","0","106","0","0","0","199","0","0","0","0","0","0","0","0","553","0","0","0","0","0","0","0","61"
"0x7a6e0b9a9150","      FFMA2 R72, R72.F32x2.HI_LO, UR4.F32, -R0.F32","107","0","107","6266880","200540160","200540160","32","32","0","-","-","-","0","0","0","0","0","0","0","0","0","0","0","0","0","0","0","0","0","107","0","0","0","0","0","0","0","0","0","0","0","0","0","0","0","0","0","0","0","0","0"
"0x7a6e0b9a9160","      FFMA2 R74, R74.F32x2.HI_LO, UR4.F32, -R0.F32","196","109","196","6266880","200540160","200540160","32","32","0","-","-","-","0","0","0","0","0","0","0","0","0","0","0","0","0","0","0","0","0","87","0","0","0","109","0","0","0","0","0","0","0","0","0","0","0","0","0","0","0","0","109"
"0x7a6e0b9a9170","      FFMA2 R76, R76.F32x2.HI_LO, UR4.F32, -R0.F32","222","108","222","6266880","200540160","200540160","32","32","0","-","-","-","0","0","0","0","0","0","0","0","0","0","0","0","0","0","0","0","0","114","0","0","0","108","0","0","0","0","0","0","0","0","0","0","0","0","0","0","0","0","108"
"0x7a6e0b9a9180","      FFMA2 R78, R78.F32x2.HI_LO, UR4.F32, -R0.F32","214","106","214","6266880","200540160","200540160","32","32","0","-","-","-","0","0","0","0","0","0","0","0","0","0","0","0","0","0","0","0","0","108","0","0","0","106","0","0","0","0","0","0","0","0","0","0","0","0","0","0","0","0","106"
"0x7a6e0b9a9190","      MUFU.EX2 R102, R74","850","626","850","6266880","200540160","200540160","32","32","0","-","-","-","0","0","0","0","0","0","0","0","0","0","0","0","0","512","0","0","0","111","0","0","0","227","0","0","0","0","0","0","0","0","507","0","0","0","0","0","0","0","119"
"0x7a6e0b9a91a0","      FFMA2 R80, R80.F32x2.HI_LO, UR4.F32, -R0.F32","89","0","89","6266880","200540160","200540160","32","32","0","-","-","-","0","0","0","0","0","0","0","0","0","0","0","0","0","0","0","0","0","89","0","0","0","0","0","0","0","0","0","0","0","0","0","0","0","0","0","0","0","0","0"
"0x7a6e0b9a91b0","      FFMA2 R82, R82.F32x2.HI_LO, UR4.F32, -R0.F32","196","85","196","6266880","200540160","200540160","32","32","0","-","-","-","0","0","0","0","0","0","0","0","0","0","0","0","0","0","0","0","0","100","0","0","0","96","0","0","0","0","0","0","0","0","0","0","0","0","0","0","0","0","85"
"0x7a6e0b9a91c0","      FFMA2 R84, R84.F32x2.HI_LO, UR4.F32, -R0.F32","227","94","227","6266880","200540160","200540160","32","32","0","-","-","-","0","0","0","0","0","0","0","0","0","0","0","0","0","0","0","0","12","108","0","0","0","107","0","0","0","0","0","0","0","0","0","0","0","0","0","0","0","0","94"
"0x7a6e0b9a91d0","      FFMA2 R86, R86.F32x2.HI_LO, UR4.F32, -R0.F32","202","93","202","6266880","200540160","200540160","32","32","0","-","-","-","0","0","0","0","0","0","0","0","0","0","0","0","0","0","0","0","0","109","0","0","0","93","0","0","0","0","0","0","0","0","0","0","0","0","0","0","0","0","93"
"0x7a6e0b9a91e0","      MUFU.EX2 R110, R72","889","615","889","6266880","200540160","200540160","32","32","0","-","-","-","0","0","0","0","0","0","0","0","0","0","0","0","0","562","0","0","1","109","0","0","0","217","0","0","0","0","0","0","0","0","521","0","0","0","0","0","0","0","94"
"0x7a6e0b9a91f0","      FFMA2 R88, R88.F32x2.HI_LO, UR4.F32, -R0.F32","104","0","104","6266880","200540160","200540160","32","32","0","-","-","-","0","0","0","0","0","0","0","0","0","0","0","0","0","0","0","0","0","104","0","0","0","0","0","0","0","0","0","0","0","0","0","0","0","0","0","0","0","0","0"
"0x7a6e0b9a9200","      FFMA2 R90, R90.F32x2.HI_LO, UR4.F32, -R0.F32","182","86","182","6266880","200540160","200540160","32","32","0","-","-","-","0","0","0","0","0","0","0","0","0","0","0","0","0","0","0","0","0","96","0","0","0","86","0","0","0","0","0","0","0","0","0","0","0","0","0","0","0","0","86"
"0x7a6e0b9a9210","      FFMA2 R92, R92.F32x2.HI_LO, UR4.F32, -R0.F32","230","113","230","6266880","200540160","200540160","32","32","0","-","-","-","0","0","0","0","0","0","0","0","0","0","0","0","0","0","0","0","0","117","0","0","0","113","0","0","0","0","0","0","0","0","0","0","0","0","0","0","0","0","113"
"0x7a6e0b9a9220","      FFMA2 R94, R94.F32x2.HI_LO, UR4.F32, -R0.F32","202","90","202","6266880","200540160","200540160","32","32","0","-","-","-","0","0","0","0","0","0","0","0","0","0","0","0","0","0","0","0","0","112","0","0","0","90","0","0","0","0","0","0","0","0","0","0","0","0","0","0","0","0","90"
"0x7a6e0b9a9230","      MUFU.EX2 R111, R73","882","602","882","6266880","200540160","200540160","32","32","0","-","-","-","0","0","0","0","0","0","0","0","0","0","0","0","0","511","0","0","1","103","0","0","0","267","0","0","0","0","0","0","0","0","500","0","0","0","0","0","0","0","102"
"0x7a6e0b9a9240","      FFMA2 R96, R96.F32x2.HI_LO, UR4.F32, -R0.F32","110","0","110","6266880","200540160","200540160","32","32","0","-","-","-","0","0","0","0","0","0","0","0","0","0","0","0","0","0","0","0","0","110","0","0","0","0","0","0","0","0","0","0","0","0","0","0","0","0","0","0","0","0","0"
"0x7a6e0b9a9250","      FFMA2 R98, R98.F32x2.HI_LO, UR4.F32, -R0.F32","198","73","198","6266880","200540160","200540160","32","32","0","-","-","-","0","0","0","0","0","0","0","0","0","0","0","0","0","0","0","0","0","107","0","0","0","91","0","0","0","0","0","0","0","0","0","0","0","0","0","0","0","0","73"
"0x7a6e0b9a9260","      FFMA2 R36, R36.F32x2.HI_LO, UR4.F32, -R0.F32","233","92","233","6266880","200540160","200540160","32","32","0","-","-","-","0","0","0","0","0","0","0","0","0","0","0","0","0","0","0","0","18","106","0","0","0","109","0","0","0","0","0","0","0","0","0","0","0","0","0","0","0","0","92"
"0x7a6e0b9a9270","      FFMA2 R38, R38.F32x2.HI_LO, UR4.F32, -R0.F32","216","101","216","6266880","200540160","200540160","32","32","0","-","-","-","0","0","0","0","0","0","0","0","0","0","0","0","0","0","0","0","0","115","0","0","0","101","0","0","0","0","0","0","0","0","0","0","0","0","0","0","0","0","101"
"0x7a6e0b9a9280","      MUFU.EX2 R145, R125","873","555","873","6266880","200540160","200540160","32","32","0","-","-","-","0","0","0","0","0","0","0","0","0","0","0","0","0","554","0","0","0","122","0","0","0","197","0","0","0","0","0","0","0","0","491","0","0","0","0","0","0","0","64"
"0x7a6e0b9a9290","      FFMA2 R40, R40.F32x2.HI_LO, UR4.F32, -R0.F32","111","0","111","6266880","200540160","200540160","32","32","0","-","-","-","0","0","0","0","0","0","0","0","0","0","0","0","0","0","0","0","0","111","0","0","0","0","0","0","0","0","0","0","0","0","0","0","0","0","0","0","0","0","0"
"0x7a6e0b9a92a0","      FFMA2 R42, R42.F32x2.HI_LO, UR4.F32, -R0.F32","211","106","211","6266880","200540160","200540160","32","32","0","-","-","-","0","0","0","0","0","0","0","0","0","0","0","0","0","0","0","0","0","104","0","0","0","107","0","0","0","0","0","0","0","0","0","0","0","0","0","0","0","0","106"
"0x7a6e0b9a92b0","      FFMA2 R44, R44.F32x2.HI_LO, UR4.F32, -R0.F32","199","97","199","6266880","200540160","200540160","32","32","0","-","-","-","0","0","0","0","0","0","0","0","0","0","0","0","0","0","0","0","0","102","0","0","0","97","0","0","0","0","0","0","0","0","0","0","0","0","0","0","0","0","97"
"0x7a6e0b9a92c0","      FFMA2 R46, R46.F32x2.HI_LO, UR4.F32, -R0.F32","221","105","221","6266880","200540160","200540160","32","32","0","-","-","-","0","0","0","0","0","0","0","0","0","0","0","0","0","0","0","0","0","115","0","0","0","106","0","0","0","0","0","0","0","0","0","0","0","0","0","0","0","0","105"
"0x7a6e0b9a92d0","      MUFU.EX2 R125, R69","913","575","913","6266880","200540160","200540160","32","32","0","-","-","-","0","0","0","0","0","0","0","0","0","0","0","0","0","605","0","0","0","106","0","0","0","202","0","0","0","0","0","0","0","0","552","0","0","0","0","0","0","0","23"
"0x7a6e0b9a92e0","      FFMA2 R48, R48.F32x2.HI_LO, UR4.F32, -R0.F32","87","0","87","6266880","200540160","200540160","32","32","0","-","-","-","0","0","0","0","0","0","0","0","0","0","0","0","0","0","0","0","0","87","0","0","0","0","0","0","0","0","0","0","0","0","0","0","0","0","0","0","0","0","0"
"0x7a6e0b9a92f0","      FFMA2 R50, R50.F32x2.HI_LO, UR4.F32, -R0.F32","212","91","212","6266880","200540160","200540160","32","32","0","-","-","-","0","0","0","0","0","0","0","0","0","0","0","0","0","0","0","0","0","117","0","0","0","95","0","0","0","0","0","0","0","0","0","0","0","0","0","0","0","0","91"
"0x7a6e0b9a9300","      FFMA2 R52, R52.F32x2.HI_LO, UR4.F32, -R0.F32","213","103","213","6266880","200540160","200540160","32","32","0","-","-","-","0","0","0","0","0","0","0","0","0","0","0","0","0","0","0","0","6","103","0","0","0","104","0","0","0","0","0","0","0","0","0","0","0","0","0","0","0","0","103"
"0x7a6e0b9a9310","      FFMA2 R54, R54.F32x2.HI_LO, UR4.F32, -R0.F32","208","101","208","6266880","200540160","200540160","32","32","0","-","-","-","0","0","0","0","0","0","0","0","0","0","0","0","0","0","0","0","0","106","0","0","0","102","0","0","0","0","0","0","0","0","0","0","0","0","0","0","0","0","101"
"0x7a6e0b9a9320","      MUFU.EX2 R69, R51","905","559","905","6266880","200540160","200540160","32","32","0","-","-","-","0","0","0","0","0","0","0","0","0","0","0","0","0","588","0","0","1","112","0","0","0","204","0","0","0","0","0","0","0","0","523","0","0","0","0","0","0","0","36"
"0x7a6e0b9a9330","      FFMA2 R56, R56.F32x2.HI_LO, UR4.F32, -R0.F32","95","0","95","6266880","200540160","200540160","32","32","0","-","-","-","0","0","0","0","0","0","0","0","0","0","0","0","0","0","0","0","0","95","0","0","0","0","0","0","0","0","0","0","0","0","0","0","0","0","0","0","0","0","0"
"0x7a6e0b9a9340","      FFMA2 R58, R58.F32x2.HI_LO, UR4.F32, -R0.F32","196","99","196","6266880","200540160","200540160","32","32","0","-","-","-","0","0","0","0","0","0","0","0","0","0","0","0","0","0","0","0","0","97","0","0","0","99","0","0","0","0","0","0","0","0","0","0","0","0","0","0","0","0","99"
"0x7a6e0b9a9350","      FFMA2 R60, R60.F32x2.HI_LO, UR4.F32, -R0.F32","201","105","201","6266880","200540160","200540160","32","32","0","-","-","-","0","0","0","0","0","0","0","0","0","0","0","0","0","0","0","0","0","96","0","0","0","105","0","0","0","0","0","0","0","0","0","0","0","0","0","0","0","0","105"
"0x7a6e0b9a9360","      FFMA2 R62, R62.F32x2.HI_LO, UR4.F32, -R0.F32","199","105","199","6266880","200540160","200540160","32","32","0","-","-","-","0","0","0","0","0","0","0","0","0","0","0","0","0","0","0","0","0","93","0","0","0","106","0","0","0","0","0","0","0","0","0","0","0","0","0","0","0","0","105"
"0x7a6e0b9a9370","      MUFU.EX2 R103, R75","883","496","883","6266880","200540160","200540160","32","32","0","-","-","-","0","0","0","0","0","0","0","0","0","0","0","0","0","560","0","0","12","102","0","0","0","209","0","0","0","0","0","0","0","0","481","0","0","0","0","0","0","0","15"
"0x7a6e0b9a9380","      FFMA2 R64, R64.F32x2.HI_LO, UR4.F32, -R0.F32","92","0","92","6266880","200540160","200540160","32","32","0","-","-","-","0","0","0","0","0","0","0","0","0","0","0","0","0","0","0","0","0","92","0","0","0","0","0","0","0","0","0","0","0","0","0","0","0","0","0","0","0","0","0"
"0x7a6e0b9a9390","      FFMA2 R66, R66.F32x2.HI_LO, UR4.F32, -R0.F32","205","80","205","6266880","200540160","200540160","32","32","0","-","-","-","0","0","0","0","0","0","0","0","0","0","0","1","0","0","0","0","3","110","0","0","0","91","0","0","0","0","0","0","0","0","0","0","0","0","0","0","0","0","80"
"0x7a6e0b9a93a0","      FFMA2 R4, R4.F32x2.HI_LO, UR4.F32, -R0.F32","209","88","209","6266880","200540160","200540160","32","32","0","-","-","-","0","0","0","0","0","0","0","0","0","0","0","2","0","0","0","0","11","104","0","0","0","92","0","0","0","0","0","0","2","0","0","0","0","0","0","0","0","0","86"
"0x7a6e0b9a93b0","      FFMA2 R6, R6.F32x2.HI_LO, UR4.F32, -R0.F32","184","92","184","6266880","200540160","200540160","32","32","0","-","-","-","0","0","0","0","0","0","0","1","0","0","0","0","0","0","0","0","4","86","0","0","0","93","0","0","0","0","0","0","0","0","0","0","0","0","0","0","0","0","92"
"0x7a6e0b9a93c0","      MUFU.EX2 R142, R106","893","551","893","6266880","200540160","200540160","32","32","0","-","-","-","0","0","0","0","0","0","0","0","0","0","0","0","0","537","0","0","2","103","0","0","0","251","0","0","0","0","0","0","0","0","515","0","0","0","0","0","0","0","36"
"0x7a6e0b9a93d0","      FFMA2 R8, R8.F32x2.HI_LO, UR4.F32, -R0.F32","117","0","117","6266880","200540160","200540160","32","32","0","-","-","-","0","0","0","0","0","0","0","0","0","0","0","0","0","0","0","0","0","117","0","0","0","0","0","0","0","0","0","0","0","0","0","0","0","0","0","0","0","0","0"
"0x7a6e0b9a93e0","      FFMA2 R10, R10.F32x2.HI_LO, UR4.F32, -R0.F32","203","121","203","6266880","200540160","200540160","32","32","0","-","-","-","0","0","0","0","0","0","0","0","0","0","0","0","0","0","0","0","0","82","0","0","0","121","0","0","0","0","0","0","0","0","0","0","0","0","0","0","0","0","121"
"0x7a6e0b9a93f0","      FFMA2 R12, R12.F32x2.HI_LO, UR4.F32, -R0.F32","209","105","209","6266880","200540160","200540160","32","32","0","-","-","-","0","0","0","0","0","0","0","0","0","0","0","0","0","0","0","0","3","98","0","0","0","108","0","0","0","0","0","0","0","0","0","0","0","0","0","0","0","0","105"
"0x7a6e0b9a9400","      FFMA2 R14, R14.F32x2.HI_LO, UR4.F32, -R0.F32","202","80","202","6266880","200540160","200540160","32","32","0","-","-","-","0","0","0","0","0","0","0","0","0","0","0","0","0","0","0","0","3","110","0","0","0","89","0","0","0","0","0","0","0","0","0","0","0","0","0","0","0","0","80"
"0x7a6e0b9a9410","      MUFU.EX2 R106, R80","968","594","968","6266880","200540160","200540160","32","32","0","-","-","-","0","0","0","0","0","0","0","0","0","0","0","0","0","634","0","0","16","110","0","0","0","208","0","0","0","0","0","0","0","0","575","0","0","0","0","0","0","0","19"
"0x7a6e0b9a9420","      FFMA2 R16, R16.F32x2.HI_LO, UR4.F32, -R0.F32","103","0","103","6266880","200540160","200540160","32","32","0","-","-","-","0","0","0","0","0","0","0","0","0","0","0","0","0","0","0","0","0","103","0","0","0","0","0","0","0","0","0","0","0","0","0","0","0","0","0","0","0","0","0"
"0x7a6e0b9a9430","      FFMA2 R18, R18.F32x2.HI_LO, UR4.F32, -R0.F32","205","103","205","6266880","200540160","200540160","32","32","0","-","-","-","0","0","0","0","0","0","0","0","0","0","0","3","0","0","0","0","1","96","0","0","0","105","0","0","0","0","0","0","0","0","0","0","0","0","0","0","0","0","103"
"0x7a6e0b9a9440","      FFMA2 R20, R20.F32x2.HI_LO, UR4.F32, -R0.F32","199","101","199","6266880","200540160","200540160","32","32","0","-","-","-","0","0","0","0","0","0","0","1","0","0","0","2","0","0","0","0","1","91","0","0","0","104","0","0","0","0","0","0","2","0","0","0","0","0","0","0","0","0","99"
"0x7a6e0b9a9450","      FFMA2 R22, R22.F32x2.HI_LO, UR4.F32, -R0.F32","217","111","217","6266880","200540160","200540160","32","32","0","-","-","-","0","0","0","0","0","0","0","0","0","0","0","0","0","0","0","0","0","100","0","0","0","117","0","0","0","0","0","0","0","0","0","0","0","0","0","0","0","0","111"
"0x7a6e0b9a9460","      MUFU.EX2 R51, R13","890","559","890","6266880","200540160","200540160","32","32","0","-","-","-","0","0","0","0","0","0","0","0","0","0","0","0","0","531","0","0","0","101","0","0","0","258","0","0","0","0","0","0","0","0","496","0","0","0","0","0","0","0","63"
"0x7a6e0b9a9470","      FFMA2 R24, R24.F32x2.HI_LO, UR4.F32, -R0.F32","93","0","93","6266880","200540160","200540160","32","32","0","-","-","-","0","0","0","0","0","0","0","0","0","0","0","0","0","0","0","0","0","93","0","0","0","0","0","0","0","0","0","0","0","0","0","0","0","0","0","0","0","0","0"
"0x7a6e0b9a9480","      FFMA2 R26, R26.F32x2.HI_LO, UR4.F32, -R0.F32","181","87","181","6266880","200540160","200540160","32","32","0","-","-","-","0","0","0","0","0","0","0","0","0","0","0","0","0","0","0","0","0","91","0","0","0","90","0","0","0","0","0","0","0","0","0","0","0","0","0","0","0","0","87"
"0x7a6e0b9a9490","      FFMA2 R28, R28.F32x2.HI_LO, UR4.F32, -R0.F32","251","115","251","6266880","200540160","200540160","32","32","0","-","-","-","0","0","0","0","0","0","0","0","0","0","0","0","0","0","0","0","6","126","0","0","0","119","0","0","0","0","0","0","0","0","0","0","0","0","0","0","0","0","115"
"0x7a6e0b9a94a0","      FFMA2 R30, R30.F32x2.HI_LO, UR4.F32, -R0.F32","208","96","208","6266880","200540160","200540160","32","32","0","-","-","-","0","0","0","0","0","0","0","0","0","0","0","0","0","0","0","0","1","107","0","0","0","100","0","0","0","0","0","0","0","0","0","0","0","0","0","0","0","0","96"
"0x7a6e0b9a94b0","      MUFU.EX2 R80, R52","909","558","909","6266880","200540160","200540160","32","32","0","-","-","-","0","0","0","0","0","0","0","0","0","0","0","0","0","580","0","0","8","111","0","0","0","210","0","0","0","0","0","0","0","0","509","0","0","0","0","0","0","0","49"
"0x7a6e0b9a94c0","      FFMA2 R32, R32.F32x2.HI_LO, UR4.F32, -R0.F32","105","0","105","6266880","200540160","200540160","32","32","0","-","-","-","0","0","0","0","0","0","0","0","0","0","0","0","0","0","0","0","0","105","0","0","0","0","0","0","0","0","0","0","0","0","0","0","0","0","0","0","0","0","0"
"0x7a6e0b9a94d0","      FFMA2 R34, R34.F32x2.HI_LO, UR4.F32, -R0.F32","225","112","225","6266880","200540160","200540160","32","32","0","-","-","-","0","0","0","0","0","0","0","0","0","0","0","1","0","0","0","0","2","105","0","0","0","117","0","0","0","0","0","0","0","0","0","0","0","0","0","0","0","0","112"
"0x7a6e0b9a94e0","      IMAD.U32 R0, RZ, RZ, UR8","196","110","196","6266880","200540160","200540160","32","32","0","-","-","-","0","0","0","0","0","0","0","1","0","0","0","2","0","0","0","0","1","80","0","0","0","112","0","0","0","0","0","0","2","0","0","0","0","0","0","0","0","0","108"
"0x7a6e0b9a94f0","      MUFU.EX2 R52, R4","1191","872","1191","6266880","200540160","200540160","32","32","0","-","-","-","0","0","0","0","0","0","0","0","0","0","0","0","0","605","0","0","0","130","0","0","0","456","0","0","0","0","0","0","0","0","551","0","0","0","0","0","0","0","321"
"0x7a6e0b9a9500","      F2FP.SATFINITE.E4M3.F32.PACK_AB_MERGE_C R13, R103, R102, RZ","111","0","111","6266880","200540160","200540160","32","32","0","-","-","-","0","0","0","0","0","0","0","0","0","0","0","0","0","0","0","0","0","111","0","0","0","0","0","0","0","0","0","0","0","0","0","0","0","0","0","0","0","0","0"
"0x7a6e0b9a9510","      F2FP.SATFINITE.E4M3.F32.PACK_AB_MERGE_C R13, R111, R110, R13","435","302","435","6266880","200540160","200540160","32","32","0","-","-","-","0","0","0","0","0","0","0","0","0","0","0","0","0","0","0","0","0","108","0","0","0","327","0","0","0","0","0","0","0","0","0","0","0","0","0","0","0","0","302"
"0x7a6e0b9a9520","      MUFU.EX2 R143, R107","1143","738","1143","6266880","200540160","200540160","32","32","0","-","-","-","0","0","0","0","0","0","0","0","0","0","0","0","0","595","0","0","0","110","0","0","0","438","0","0","0","0","0","0","0","0","480","0","0","0","0","0","0","0","258"
"0x7a6e0b9a9530","      MUFU.EX2 R107, R81","1665","1303","1665","6266880","200540160","200540160","32","32","0","-","-","-","0","0","0","0","0","0","0","0","0","0","0","0","0","620","0","0","0","129","0","0","0","916","0","0","0","0","0","0","0","0","523","0","0","0","0","0","0","0","780"
"0x7a6e0b9a9540","      IMAD.U32 R4, RZ, RZ, UR13","89","0","89","6266880","200540160","200540160","32","32","0","-","-","-","0","0","0","0","0","0","0","0","0","0","0","0","0","0","0","0","0","89","0","0","0","0","0","0","0","0","0","0","0","0","0","0","0","0","0","0","0","0","0"
"0x7a6e0b9a9550","      SYNCS.ARRIVE.TRANS64.ART0 RZ, [R4+UR7+0x128], R172","472","343","472","6266880","200540160","200540160","32","32","0","-","-","-","0","0","0","0","0","0","0","0","0","0","0","0","0","0","0","0","0","112","0","0","0","360","0","0","0","0","0","0","0","0","0","0","0","0","0","0","0","0","343"
"0x7a6e0b9a9560","      MUFU.EX2 R74, R46","1096","738","1096","6266880","200540160","200540160","32","32","0","-","-","-","0","0","0","0","0","0","0","0","0","0","0","0","0","565","0","0","0","108","0","0","0","423","0","0","0","0","0","0","0","0","509","0","0","0","0","0","0","0","229"
"0x7a6e0b9a9570","      MUFU.EX2 R81, R53","1627","1317","1627","6266880","200540160","200540160","32","32","0","-","-","-","0","0","0","0","0","0","0","0","0","0","0","0","0","584","0","0","0","93","0","0","0","950","0","0","0","0","0","0","0","0","519","0","0","0","0","0","0","0","798"
"0x7a6e0b9a9580","      MUFU.EX2 R46, R20","1660","1338","1660","6266880","200540160","200540160","32","32","0","-","-","-","0","0","0","0","0","0","0","0","0","0","0","0","0","620","0","0","0","111","0","0","0","929","0","0","0","0","0","0","0","0","606","0","0","0","0","0","0","0","732"
"0x7a6e0b9a9590","      F2FP.SATFINITE.E4M3.F32.PACK_AB_MERGE_C R4, R151, R150, RZ","105","0","105","6266880","200540160","200540160","32","32","0","-","-","-","0","0","0","0","0","0","0","0","0","0","0","0","0","0","0","0","0","105","0","0","0","0","0","0","0","0","0","0","0","0","0","0","0","0","0","0","0","0","0"
"0x7a6e0b9a95a0","      MUFU.EX2 R53, R5","1537","1273","1537","6266880","200540160","200540160","32","32","0","-","-","-","0","0","0","0","0","0","0","0","0","0","0","0","0","629","0","0","0","102","0","0","0","806","0","0","0","0","0","0","0","0","610","0","0","0","0","0","0","0","663"
"0x7a6e0b9a95b0","      MUFU.EX2 R155, R101","1624","1369","1624","6266880","200540160","200540160","32","32","0","-","-","-","0","0","0","0","0","0","0","0","0","0","0","0","0","571","0","0","0","94","0","0","0","959","0","0","0","0","0","0","0","0","566","0","0","0","0","0","0","0","803"
"0x7a6e0b9a95c0","      FSEL R20, R134, 1, !P0","108","0","108","6266880","200540160","200540160","32","32","0","-","-","-","0","0","0","0","0","0","0","0","0","0","0","0","0","0","0","0","0","108","0","0","0","0","0","0","0","0","0","0","0","0","0","0","0","0","0","0","0","0","0"
"0x7a6e0b9a95d0","      STS [R164+0x400], R20","524","425","524","6266880","200540160","200540160","32","32","0","Shared","Store","32","1","0","6266880","6266880","0","0","0","0","0","0","0","0","0","0","0","0","0","92","0","0","0","432","0","0","0","0","0","0","0","0","0","0","0","0","0","0","0","0","425"
"0x7a6e0b9a95e0","      MUFU.EX2 R146, R116","1017","731","1017","6266880","200540160","200540160","32","32","0","-","-","-","0","0","0","0","0","0","0","0","0","0","0","0","0","589","0","0","0","126","0","0","0","302","0","0","0","0","0","0","0","0","577","0","0","0","0","0","0","0","154"
"0x7a6e0b9a95f0","      IMAD.U32 R5, RZ, RZ, UR8","115","0","115","6266880","200540160","200540160","32","32","0","-","-","-","0","0","0","0","0","0","0","0","0","0","0","0","0","0","0","0","0","115","0","0","0","0","0","0","0","0","0","0","0","0","0","0","0","0","0","0","0","0","0"
"0x7a6e0b9a9600","      SYNCS.ARRIVE.TRANS64.ART0 RZ, [R5+UR7+0x90], R172","378","281","378","6266880","200540160","200540160","32","32","0","-","-","-","0","0","0","0","0","0","0","0","0","0","0","0","0","0","0","0","0","97","0","0","0","281","0","0","0","0","0","0","0","0","0","0","0","0","0","0","0","0","281"
"0x7a6e0b9a9610","      MUFU.EX2 R147, R117","987","732","987","6266880","200540160","200540160","32","32","0","-","-","-","0","0","0","0","0","0","0","0","0","0","0","0","0","454","0","0","0","121","0","0","0","412","0","0","0","0","0","0","0","0","454","0","0","0","0","0","0","0","278"
"0x7a6e0b9a9620","      F2FP.SATFINITE.E4M3.F32.PACK_AB_MERGE_C R4, R155, R154, R4","112","0","112","6266880","200540160","200540160","32","32","0","-","-","-","0","0","0","0","0","0","0","0","0","0","0","0","0","0","0","0","0","112","0","0","0","0","0","0","0","0","0","0","0","0","0","0","0","0","0","0","0","0","0"
"0x7a6e0b9a9630","      MUFU.EX2 R116, R76","1399","1118","1399","6266880","200540160","200540160","32","32","0","-","-","-","0","0","0","0","0","0","0","0","0","0","0","0","0","460","0","0","0","104","0","0","0","835","0","0","0","0","0","0","0","0","457","0","0","0","0","0","0","0","661"
"0x7a6e0b9a9640","      MUFU.EX2 R117, R77","1432","1219","1432","6266880","200540160","200540160","32","32","0","-","-","-","0","0","0","0","0","0","0","0","0","0","0","0","0","390","0","0","0","97","0","0","0","945","0","0","0","0","0","0","0","0","384","0","0","0","0","0","0","0","835"
"0x7a6e0b9a9650","      F2FP.SATFINITE.E4M3.F32.PACK_AB_MERGE_C R5, R143, R142, RZ","98","0","98","6266880","200540160","200540160","32","32","0","-","-","-","0","0","0","0","0","0","0","0","0","0","0","0","0","0","0","0","0","98","0","0","0","0","0","0","0","0","0","0","0","0","0","0","0","0","0","0","0","0","0"
"0x7a6e0b9a9660","      MUFU.EX2 R100, R82","1317","987","1317","6266880","200540160","200540160","32","32","0","-","-","-","0","0","0","0","0","0","0","0","0","0","0","0","0","358","0","0","13","94","0","0","0","852","0","0","0","0","0","0","0","0","313","0","0","0","0","0","0","0","674"
"0x7a6e0b9a9670","      MUFU.EX2 R101, R83","1342","920","1342","6266880","200540160","200540160","32","32","0","-","-","-","0","0","0","0","0","0","0","0","0","0","0","0","0","280","0","0","19","105","0","0","0","938","0","0","0","0","0","0","0","0","167","0","0","0","0","0","0","0","753"
"0x7a6e0b9a9680","      MUFU.EX2 R76, R40","1056","783","1056","6266880","200540160","200540160","32","32","0","-","-","-","0","0","0","0","0","0","0","0","0","0","0","0","0","56","0","0","10","102","0","0","0","888","0","0","0","0","0","0","0","0","49","0","0","0","0","0","0","0","734"
"0x7a6e0b9a9690","      MUFU.EX2 R77, R41","1290","905","1290","6266880","200540160","200540160","32","32","0","-","-","-","0","0","0","0","0","0","0","0","0","0","0","0","0","230","0","0","8","96","0","0","0","956","0","0","0","0","0","0","0","0","204","0","0","0","0","0","0","0","701"
"0x7a6e0b9a96a0","      MUFU.EX2 R82, R44","1405","1045","1405","6266880","200540160","200540160","32","32","0","-","-","-","0","0","0","0","0","0","0","0","0","0","0","0","0","304","0","0","6","115","0","0","0","980","0","0","0","0","0","0","0","0","260","0","0","0","0","0","0","0","785"
"0x7a6e0b9a96b0","      MUFU.EX2 R83, R45","1345","1080","1345","6266880","200540160","200540160","32","32","0","-","-","-","0","0","0","0","0","0","0","1","0","0","0","0","0","321","0","0","8","97","0","0","0","918","0","0","1","0","0","0","0","0","304","0","0","0","0","0","0","0","775"
"0x7a6e0b9a96c0","      MUFU.EX2 R72, R48","1428","957","1428","6266880","200540160","200540160","32","32","0","-","-","-","0","0","0","0","0","0","0","4","0","0","0","0","0","316","0","0","56","118","0","0","0","934","0","0","0","0","0","0","0","0","256","0","0","0","0","0","0","0","701"
"0x7a6e0b9a96d0","      MUFU.EX2 R73, R49","1325","884","1325","6266880","200540160","200540160","32","32","0","-","-","-","0","0","0","0","0","0","0","0","0","0","0","0","0","230","0","0","76","96","0","0","0","923","0","0","0","0","0","0","0","0","190","0","0","0","0","0","0","0","694"
"0x7a6e0b9a96e0","      MUFU.EX2 R114, R114","1271","833","1271","6266880","200540160","200540160","32","32","0","-","-","-","0","0","0","0","0","0","0","0","0","0","0","0","0","246","0","0","43","94","0","0","0","888","0","0","0","0","0","0","0","0","154","0","0","0","0","0","0","0","679"
"0x7a6e0b9a96f0","      MUFU.EX2 R115, R115","1349","947","1349","6266880","200540160","200540160","32","32","0","-","-","-","0","0","0","0","0","0","0","0","0","0","0","0","0","285","0","0","24","96","0","0","0","944","0","0","0","0","0","0","0","0","214","0","0","0","0","0","0","0","733"
"0x7a6e0b9a9700","      MUFU.EX2 R118, R118","1389","1092","1389","6266880","200540160","200540160","32","32","0","-","-","-","0","0","0","0","0","0","0","0","0","0","0","0","0","276","0","0","16","98","0","0","0","999","0","0","0","0","0","0","0","0","247","0","0","0","0","0","0","0","845"
"0x7a6e0b9a9710","      MUFU.EX2 R119, R119","1370","1123","1370","6266880","200540160","200540160","32","32","0","-","-","-","0","0","0","0","0","0","0","0","0","0","0","0","0","303","0","0","8","114","0","0","0","945","0","0","0","0","0","0","0","0","297","0","0","0","0","0","0","0","826"
"0x7a6e0b9a9720","      MUFU.EX2 R122, R122","1328","1133","1328","6266880","200540160","200540160","32","32","0","-","-","-","0","0","0","0","0","0","0","0","0","0","0","0","0","284","0","0","4","101","0","0","0","939","0","0","0","0","0","0","0","0","275","0","0","0","0","0","0","0","858"
"0x7a6e0b9a9730","      MUFU.EX2 R123, R123","1374","1072","1374","6266880","200540160","200540160","32","32","0","-","-","-","0","0","0","0","0","0","0","0","0","0","0","0","0","301","0","0","3","131","0","0","0","939","0","0","0","0","0","0","0","0","236","0","0","0","0","0","0","0","836"
"0x7a6e0b9a9740","      MUFU.EX2 R126, R126","1398","1037","1398","6266880","200540160","200540160","32","32","0","-","-","-","0","0","0","0","0","0","0","1","0","0","0","0","0","279","0","0","5","112","0","0","0","1001","0","0","0","0","0","0","0","0","154","0","0","0","0","0","0","0","883"
"0x7a6e0b9a9750","      MUFU.EX2 R127, R127","1383","981","1383","6266880","200540160","200540160","32","32","0","-","-","-","0","0","0","0","0","0","0","4","0","0","0","0","0","311","0","0","46","93","0","0","0","929","0","0","0","0","0","0","0","0","171","0","0","0","0","0","0","0","810"
"0x7a6e0b9a9760","      MUFU.EX2 R130, R130","1474","1043","1474","6266880","200540160","200540160","32","32","0","-","-","-","0","0","0","0","0","0","0","6","0","0","0","0","0","310","0","0","106","120","0","0","0","932","0","0","0","0","0","0","0","0","262","0","0","0","0","0","0","0","781"
"0x7a6e0b9a9770","      MUFU.EX2 R131, R131","1523","980","1523","6266880","200540160","200540160","32","32","0","-","-","-","0","0","0","0","0","0","0","22","0","0","0","0","0","276","0","0","160","128","0","0","0","937","0","0","1","0","0","0","0","0","273","0","0","0","0","0","0","0","706"
"0x7a6e0b9a9780","      MUFU.EX2 R48, R6","1583","1053","1583","6266880","200540160","200540160","32","32","0","-","-","-","0","0","0","0","0","0","0","12","0","0","0","0","0","328","0","0","117","103","0","0","0","1023","0","0","0","0","0","0","0","0","321","0","0","0","0","0","0","0","732"
"0x7a6e0b9a9790","      MUFU.EX2 R49, R7","1428","907","1428","6266880","200540160","200540160","32","32","0","-","-","-","0","0","0","0","0","0","0","4","0","0","0","0","0","314","0","0","67","89","0","0","0","954","0","0","0","0","0","0","0","0","300","0","0","0","0","0","0","0","607"
"0x7a6e0b9a97a0","      MUFU.EX2 R44, R8","1431","911","1431","6266880","200540160","200540160","32","32","0","-","-","-","0","0","0","0","0","0","0","5","0","0","0","0","0","347","0","0","34","104","0","0","0","941","0","0","1","0","0","0","0","0","301","0","0","0","0","0","0","0","609"
"0x7a6e0b9a97b0","      F2FP.SATFINITE.E4M3.F32.PACK_AB_MERGE_C R6, R141, R140, RZ","100","0","100","6266880","200540160","200540160","32","32","0","-","-","-","0","0","0","0","0","0","0","0","0","0","0","0","0","0","0","0","0","100","0","0","0","0","0","0","0","0","0","0","0","0","0","0","0","0","0","0","0","0","0"
"0x7a6e0b9a97c0","      MUFU.EX2 R45, R9","1378","837","1378","6266880","200540160","200540160","32","32","0","-","-","-","0","0","0","0","0","0","0","9","0","0","0","0","0","342","0","0","55","98","0","0","0","874","0","0","0","0","0","0","0","0","302","0","0","0","0","0","0","0","535"
"0x7a6e0b9a97d0","      F2FP.SATFINITE.E4M3.F32.PACK_AB_MERGE_C R7, R115, R114, RZ","106","0","106","6266880","200540160","200540160","32","32","0","-","-","-","0","0","0","0","0","0","0","2","0","0","0","0","0","0","0","0","0","104","0","0","0","0","0","0","0","0","0","0","0","0","0","0","0","0","0","0","0","0","0"
"0x7a6e0b9a97e0","      MUFU.EX2 R40, R10","1189","696","1189","6266880","200540160","200540160","32","32","0","-","-","-","0","0","0","0","0","0","0","3","0","0","0","0","0","137","0","0","58","91","0","0","0","900","0","0","0","0","0","0","0","0","104","0","0","0","0","0","0","0","592"
"0x7a6e0b9a97f0","      F2FP.SATFINITE.E4M3.F32.PACK_AB_MERGE_C R8, R119, R118, RZ","96","0","96","6266880","200540160","200540160","32","32","0","-","-","-","0","0","0","0","0","0","0","1","0","0","0","0","0","0","0","0","0","95","0","0","0","0","0","0","0","0","0","0","0","0","0","0","0","0","0","0","0","0","0"
"0x7a6e0b9a9800","      F2FP.SATFINITE.E4M3.F32.PACK_AB_MERGE_C R8, R147, R146, R8","430","176","430","6266880","200540160","200540160","32","32","0","-","-","-","0","0","0","0","0","0","0","0","0","0","0","0","0","0","0","0","13","99","0","0","0","318","0","0","0","0","0","0","0","0","0","0","0","0","0","0","0","0","176"
"0x7a6e0b9a9810","      MUFU.EX2 R41, R11","756","353","756","6266880","200540160","200540160","32","32","0","-","-","-","0","0","0","0","0","0","0","87","0","0","0","0","0","38","0","0","45","95","0","0","0","491","0","0","44","0","0","0","0","0","23","0","0","0","0","0","0","0","286"
"0x7a6e0b9a9820","      F2FP.SATFINITE.E4M3.F32.PACK_AB_MERGE_C R9, R123, R122, RZ","84","0","84","6266880","200540160","200540160","32","32","0","-","-","-","0","0","0","0","0","0","0","1","0","0","0","0","0","0","0","0","0","83","0","0","0","0","0","0","0","0","0","0","0","0","0","0","0","0","0","0","0","0","0"
"0x7a6e0b9a9830","      MUFU.EX2 R148, R104","1091","631","1091","6266880","200540160","200540160","32","32","0","-","-","-","0","0","0","0","0","0","0","8","0","0","0","0","0","31","0","0","42","99","0","0","0","911","0","0","0","0","0","0","0","0","16","0","0","0","0","0","0","0","615"
"0x7a6e0b9a9840","      F2FP.SATFINITE.E4M3.F32.PACK_AB_MERGE_C R10, R127, R126, RZ","101","0","101","6266880","200540160","200540160","32","32","0","-","-","-","0","0","0","0","0","0","0","0","0","0","0","0","0","0","0","0","0","101","0","0","0","0","0","0","0","0","0","0","0","0","0","0","0","0","0","0","0","0","0"
"0x7a6e0b9a9850","      MUFU.EX2 R149, R105","1046","607","1046","6266880","200540160","200540160","32","32","0","-","-","-","0","0","0","0","0","0","0","3","0","0","0","0","0","24","0","0","25","108","0","0","0","886","0","0","0","0","0","0","0","0","11","0","0","0","0","0","0","0","596"
"0x7a6e0b9a9860","      F2FP.SATFINITE.E4M3.F32.PACK_AB_MERGE_C R11, R131, R130, RZ","103","0","103","6266880","200540160","200540160","32","32","0","-","-","-","0","0","0","0","0","0","0","1","0","0","0","0","0","0","0","0","0","102","0","0","0","0","0","0","0","0","0","0","0","0","0","0","0","0","0","0","0","0","0"
"0x7a6e0b9a9870","      MUFU.EX2 R152, R108","1129","646","1129","6266880","200540160","200540160","32","32","0","-","-","-","0","0","0","0","0","0","0","8","0","0","0","0","0","27","0","0","42","130","0","0","0","922","0","0","1","0","0","0","0","0","13","0","0","0","0","0","0","0","632"
"0x7a6e0b9a9880","      MUFU.EX2 R153, R109","1145","715","1145","6266880","200540160","200540160","32","32","0","-","-","-","0","0","0","0","0","0","0","7","0","0","0","0","0","16","0","0","24","99","0","0","0","999","0","0","4","0","0","0","0","0","12","0","0","0","0","0","0","0","699"
"0x7a6e0b9a9890","      F2FP.SATFINITE.E4M3.F32.PACK_AB_MERGE_C R5, R149, R148, R5","187","36","187","6266880","200540160","200540160","32","32","0","-","-","-","0","0","0","0","0","0","0","1","0","0","0","0","0","0","0","0","2","113","71","0","0","0","0","0","0","0","0","0","0","0","0","0","0","0","0","36","0","0","0"
"0x7a6e0b9a98a0","      MUFU.EX2 R132, R112","1122","685","1122","6266880","200540160","200540160","32","32","0","-","-","-","0","0","0","0","0","0","0","0","0","0","0","0","0","0","0","0","42","107","0","0","0","973","0","0","0","0","0","0","0","0","0","0","0","0","0","0","0","0","685"
"0x7a6e0b9a98b0","      MUFU.EX2 R133, R113","1139","703","1139","6266880","200540160","200540160","32","32","0","-","-","-","0","0","0","0","0","0","0","3","0","0","0","0","0","2","0","0","37","104","0","0","0","993","0","0","0","0","0","0","0","0","2","0","0","0","0","0","0","0","701"
"0x7a6e0b9a98c0","      F2FP.SATFINITE.E4M3.F32.PACK_AB_MERGE_C R6, R153, R152, R6","116","4","116","6266880","200540160","200540160","32","32","0","-","-","-","0","0","0","0","0","0","0","0","0","0","0","0","0","0","0","0","2","102","12","0","0","0","0","0","0","0","0","0","0","0","0","0","0","0","0","4","0","0","0"
"0x7a6e0b9a98d0","      MUFU.EX2 R120, R120","1246","463","1246","6266880","200540160","200540160","32","32","0","-","-","-","0","0","0","0","0","0","0","7","0","0","0","0","0","0","0","0","274","102","0","0","0","863","0","0","0","0","0","0","0","0","0","0","0","0","0","0","0","0","463"
"0x7a6e0b9a98e0","      MUFU.EX2 R121, R121","1309","473","1309","6266880","200540160","200540160","32","32","0","-","-","-","0","0","0","0","0","0","0","1","0","0","0","0","0","0","0","0","168","106","0","0","0","1034","0","0","0","0","0","0","0","0","0","0","0","0","0","0","0","0","473"
"0x7a6e0b9a98f0","      F2FP.SATFINITE.E4M3.F32.PACK_AB_MERGE_C R7, R133, R132, R7","116","5","116","6266880","200540160","200540160","32","32","0","-","-","-","0","0","0","0","0","0","0","1","0","0","0","0","0","0","0","0","1","107","7","0","0","0","0","0","0","0","0","0","0","0","0","0","0","0","0","5","0","0","0"
"0x7a6e0b9a9900","      MUFU.EX2 R144, R124","1230","478","1230","6266880","200540160","200540160","32","32","0","-","-","-","0","0","0","0","0","0","0","0","0","0","0","0","0","2","0","0","120","91","0","0","0","1017","0","0","0","0","0","0","0","0","2","0","0","0","0","0","0","0","476"
"0x7a6e0b9a9910","      MUFU.EX2 R128, R128","1164","595","1164","6266880","200540160","200540160","32","32","0","-","-","-","0","0","0","0","0","0","0","0","0","0","0","0","0","0","0","0","33","101","0","0","0","1030","0","0","0","0","0","0","0","0","0","0","0","0","0","0","0","0","595"
"0x7a6e0b9a9920","      F2FP.SATFINITE.E4M3.F32.PACK_AB_MERGE_C R9, R121, R120, R9","117","0","117","6266880","200540160","200540160","32","32","0","-","-","-","0","0","0","0","0","0","0","0","0","0","0","0","0","0","0","0","0","115","2","0","0","0","0","0","0","0","0","0","0","0","0","0","0","0","0","0","0","0","0"
"0x7a6e0b9a9930","      MUFU.EX2 R129, R129","1081","545","1081","6266880","200540160","200540160","32","32","0","-","-","-","0","0","0","0","0","0","0","0","0","0","0","0","0","0","0","0","77","76","0","0","0","928","0","0","0","0","0","0","0","0","0","0","0","0","0","0","0","0","545"
"0x7a6e0b9a9940","      F2FP.SATFINITE.E4M3.F32.PACK_AB_MERGE_C R10, R145, R144, R10","104","4","104","6266880","200540160","200540160","32","32","0","-","-","-","0","0","0","0","0","0","0","0","0","0","0","1","0","0","0","0","0","100","3","0","0","0","0","0","0","0","0","0","1","0","0","0","0","0","0","3","0","0","0"
"0x7a6e0b9a9950","      MUFU.EX2 R124, R68","1062","547","1062","6266880","200540160","200540160","32","32","0","-","-","-","0","0","0","0","0","0","0","0","0","0","0","0","0","0","0","0","62","95","0","0","0","905","0","0","0","0","0","0","0","0","0","0","0","0","0","0","0","0","547"
"0x7a6e0b9a9960","      MUFU.EX2 R108, R70","1132","650","1132","6266880","200540160","200540160","32","32","0","-","-","-","0","0","0","0","0","0","0","1","0","0","0","0","0","0","0","0","7","89","0","0","0","1035","0","0","0","0","0","0","0","0","0","0","0","0","0","0","0","0","650"
"0x7a6e0b9a9970","      F2FP.SATFINITE.E4M3.F32.PACK_AB_MERGE_C R11, R129, R128, R11","103","1","103","6266880","200540160","200540160","32","32","0","-","-","-","0","0","0","0","0","0","0","0","0","0","0","0","0","0","0","0","0","102","1","0","0","0","0","0","0","0","0","0","0","0","0","0","0","0","0","1","0","0","0"
"0x7a6e0b9a9980","      STTM.x8 tmem[UR5], R4","431","221","431","6266880","200540160","200540160","32","32","0","Tmem","Store","-","0","0","0","0","0","0","0","3","0","0","0","0","0","0","0","0","4","93","0","0","0","331","0","0","2","0","0","0","0","0","0","0","0","0","0","0","0","0","219"
"0x7a6e0b9a9990","      R2UR UR5, R157","103","0","103","6266880","200540160","200540160","32","32","0","-","-","-","0","0","0","0","0","0","0","0","0","0","0","0","0","0","0","0","0","103","0","0","0","0","0","0","0","0","0","0","0","0","0","0","0","0","0","0","0","0","0"
"0x7a6e0b9a99a0","      MUFU.EX2 R109, R71","437","205","437","6266880","200540160","200540160","32","32","0","-","-","-","0","0","0","0","0","0","0","1","0","0","0","0","0","0","0","0","3","100","0","0","0","333","0","0","0","0","0","0","0","0","0","0","0","0","0","0","0","0","205"
"0x7a6e0b9a99b0","      MUFU.EX2 R104, R78","1347","712","1347","6266880","200540160","200540160","32","32","0","-","-","-","0","0","0","0","0","0","0","2","0","0","0","0","0","0","0","0","33","97","0","0","0","1215","0","0","0","0","0","0","0","0","0","0","0","0","0","0","0","0","712"
"0x7a6e0b9a99c0","      MUFU.EX2 R105, R79","1182","711","1182","6266880","200540160","200540160","32","32","0","-","-","-","0","0","0","0","0","0","0","4","0","0","0","0","0","0","0","0","34","101","0","0","0","1043","0","0","0","0","0","0","0","0","0","0","0","0","0","0","0","0","711"
"0x7a6e0b9a99d0","      MUFU.EX2 R112, R84","1164","692","1164","6266880","200540160","200540160","32","32","0","-","-","-","0","0","0","0","0","0","0","2","0","0","0","0","0","9","0","0","50","110","0","0","0","993","0","0","0","0","0","0","0","0","5","0","0","0","0","0","0","0","687"
"0x7a6e0b9a99e0","      MUFU.EX2 R113, R85","1176","693","1176","6266880","200540160","200540160","32","32","0","-","-","-","0","0","0","0","0","0","0","10","0","0","0","0","0","32","0","0","80","108","0","0","0","946","0","0","0","0","0","0","0","0","17","0","0","0","0","0","0","0","676"
"0x7a6e0b9a99f0","      MUFU.EX2 R84, R36","1131","656","1131","6266880","200540160","200540160","32","32","0","-","-","-","0","0","0","0","0","0","0","16","0","0","0","0","0","37","0","0","55","101","0","0","0","922","0","0","0","0","0","0","0","0","22","0","0","0","0","0","0","0","634"
"0x7a6e0b9a9a00","      MUFU.EX2 R85, R37","1163","540","1163","6266880","200540160","200540160","32","32","0","-","-","-","0","0","0","0","0","0","0","9","0","0","0","0","0","36","0","0","111","108","0","0","0","899","0","0","0","0","0","0","0","0","11","0","0","0","0","0","0","0","529"
"0x7a6e0b9a9a10","      MUFU.EX2 R78, R38","1349","594","1349","6266880","200540160","200540160","32","32","0","-","-","-","0","0","0","0","0","0","0","19","0","0","0","0","0","46","0","0","151","95","0","0","0","1038","0","0","0","0","0","0","0","0","26","0","0","0","0","0","0","0","568"
"0x7a6e0b9a9a20","      MUFU.EX2 R79, R39","1218","694","1218","6266880","200540160","200540160","32","32","0","-","-","-","0","0","0","0","0","0","0","6","0","0","0","0","0","59","0","0","56","120","0","0","0","977","0","0","0","0","0","0","0","0","31","0","0","0","0","0","0","0","663"
"0x7a6e0b9a9a30","      MUFU.EX2 R70, R42","1160","665","1160","6266880","200540160","200540160","32","32","0","-","-","-","0","0","0","0","0","0","0","13","0","0","0","0","0","46","0","0","65","112","0","0","0","924","0","0","0","0","0","0","0","0","25","0","0","0","0","0","0","0","640"
"0x7a6e0b9a9a40","      MUFU.EX2 R71, R43","1271","680","1271","6266880","200540160","200540160","32","32","0","-","-","-","0","0","0","0","0","0","0","6","0","0","0","0","0","176","0","0","31","108","0","0","0","950","0","0","0","0","0","0","0","0","107","0","0","0","0","0","0","0","573"
"0x7a6e0b9a9a50","      F2FP.SATFINITE.E4M3.F32.PACK_AB_MERGE_C R4, R79, R78, RZ","4671","2384","4671","6266880","200540160","200540160","32","32","0","-","-","-","0","0","0","0","0","0","0","6","0","0","0","1988","0","0","0","0","2020","106","551","0","0","0","0","0","0","0","0","0","1982","0","0","0","0","0","0","402","0","0","0"
"0x7a6e0b9a9a60","      F2FP.SATFINITE.E4M3.F32.PACK_AB_MERGE_C R4, R85, R84, R4","802","368","802","6266880","200540160","200540160","32","32","0","-","-","-","0","0","0","0","0","0","0","0","0","0","0","194","0","0","0","0","206","112","0","0","0","290","0","0","0","0","0","0","192","0","0","0","0","0","0","0","0","0","176"
"0x7a6e0b9a9a70","      MUFU.EX2 R68, R50","522","353","522","6266880","200540160","200540160","32","32","0","-","-","-","0","0","0","0","0","0","0","13","0","0","0","0","0","0","0","0","3","94","0","0","0","412","0","0","12","0","0","0","0","0","0","0","0","0","0","0","0","0","341"
"0x7a6e0b9a9a80","      MUFU.EX2 R86, R86","1186","903","1186","6266880","200540160","200540160","32","32","0","-","-","-","0","0","0","0","0","0","0","0","0","0","0","0","0","95","0","0","55","92","0","0","0","944","0","0","0","0","0","0","0","0","89","0","0","0","0","0","0","0","814"
"0x7a6e0b9a9a90","      F2FP.SATFINITE.E4M3.F32.PACK_AB_MERGE_C R5, R71, R70, RZ","559","357","559","6266880","200540160","200540160","32","32","0","-","-","-","0","0","0","0","0","0","0","0","0","0","0","122","0","0","0","0","107","84","246","0","0","0","0","0","0","0","0","0","120","0","0","0","0","0","0","237","0","0","0"
"0x7a6e0b9a9aa0","      F2FP.SATFINITE.E4M3.F32.PACK_AB_MERGE_C R5, R77, R76, R5","557","293","557","6266880","200540160","200540160","32","32","0","-","-","-","0","0","0","0","0","0","0","0","0","0","0","90","0","0","0","0","43","100","0","0","0","324","0","0","0","0","0","0","89","0","0","0","0","0","0","0","0","0","204"
"0x7a6e0b9a9ab0","      MUFU.EX2 R87, R87","625","424","625","6266880","200540160","200540160","32","32","0","-","-","-","0","0","0","0","0","0","0","0","0","0","0","0","0","114","0","0","3","93","0","0","0","415","0","0","0","0","0","0","0","0","108","0","0","0","0","0","0","0","316"
"0x7a6e0b9a9ac0","      F2FP.SATFINITE.E4M3.F32.PACK_AB_MERGE_C R7, R69, R68, RZ","184","77","184","6266880","200540160","200540160","32","32","0","-","-","-","0","0","0","0","0","0","0","0","0","0","0","0","0","0","0","0","0","107","77","0","0","0","0","0","0","0","0","0","0","0","0","0","0","0","0","77","0","0","0"
"0x7a6e0b9a9ad0","      F2FP.SATFINITE.E4M3.F32.PACK_AB_MERGE_C R7, R73, R72, R7","463","302","463","6266880","200540160","200540160","32","32","0","-","-","-","0","0","0","0","0","0","0","0","0","0","0","29","0","0","0","0","36","104","0","0","0","294","0","0","0","0","0","0","28","0","0","0","0","0","0","0","0","0","274"
"0x7a6e0b9a9ae0","      MUFU.EX2 R90, R90","493","366","493","6266880","200540160","200540160","32","32","0","-","-","-","0","0","0","0","0","0","0","0","0","0","0","0","0","0","0","0","1","89","0","0","0","403","0","0","0","0","0","0","0","0","0","0","0","0","0","0","0","0","366"
"0x7a6e0b9a9af0","      MUFU.EX2 R91, R91","1286","837","1286","6266880","200540160","200540160","32","32","0","-","-","-","0","0","0","0","0","0","0","1","0","0","0","0","0","215","0","0","58","100","0","0","0","912","0","0","0","0","0","0","0","0","128","0","0","0","0","0","0","0","709"
"0x7a6e0b9a9b00","      MUFU.EX2 R94, R94","1323","955","1323","6266880","200540160","200540160","32","32","0","-","-","-","0","0","0","0","0","0","0","1","0","0","0","0","0","303","0","0","4","109","0","0","0","906","0","0","0","0","0","0","0","0","161","0","0","0","0","0","0","0","794"
"0x7a6e0b9a9b10","      MUFU.EX2 R95, R95","1351","994","1351","6266880","200540160","200540160","32","32","0","-","-","-","0","0","0","0","0","0","0","0","0","0","0","0","0","294","0","0","3","97","0","0","0","957","0","0","0","0","0","0","0","0","147","0","0","0","0","0","0","0","847"
"0x7a6e0b9a9b20","      MUFU.EX2 R98, R98","1343","988","1343","6266880","200540160","200540160","32","32","0","-","-","-","0","0","0","0","0","0","0","0","0","0","0","0","0","283","0","0","1","104","0","0","0","955","0","0","0","0","0","0","0","0","143","0","0","0","0","0","0","0","845"
"0x7a6e0b9a9b30","      MUFU.EX2 R99, R99","1280","933","1280","6266880","200540160","200540160","32","32","0","-","-","-","0","0","0","0","0","0","0","0","0","0","0","0","0","298","0","0","0","96","0","0","0","886","0","0","0","0","0","0","0","0","142","0","0","0","0","0","0","0","791"
"0x7a6e0b9a9b40","      MUFU.EX2 R50, R12","1376","989","1376","6266880","200540160","200540160","32","32","0","-","-","-","0","0","0","0","0","0","0","0","0","0","0","0","0","335","0","0","1","106","0","0","0","934","0","0","0","0","0","0","0","0","181","0","0","0","0","0","0","0","808"
"0x7a6e0b9a9b50","      MUFU.EX2 R42, R14","1294","962","1294","6266880","200540160","200540160","32","32","0","-","-","-","0","0","0","0","0","0","0","0","0","0","0","0","0","292","0","0","0","86","0","0","0","916","0","0","0","0","0","0","0","0","146","0","0","0","0","0","0","0","816"
"0x7a6e0b9a9b60","      MUFU.EX2 R43, R15","1352","994","1352","6266880","200540160","200540160","32","32","0","-","-","-","0","0","0","0","0","0","0","0","0","0","0","0","0","302","0","0","0","108","0","0","0","942","0","0","0","0","0","0","0","0","153","0","0","0","0","0","0","0","841"
"0x7a6e0b9a9b70","      F2FP.SATFINITE.E4M3.F32.PACK_AB_MERGE_C R12, R109, R108, RZ","94","0","94","6266880","200540160","200540160","32","32","0","-","-","-","0","0","0","0","0","0","0","0","0","0","0","0","0","0","0","0","0","94","0","0","0","0","0","0","0","0","0","0","0","0","0","0","0","0","0","0","0","0","0"
"0x7a6e0b9a9b80","      F2FP.SATFINITE.E4M3.F32.PACK_AB_MERGE_C R12, R125, R124, R12","452","315","452","6266880","200540160","200540160","32","32","0","-","-","-","0","0","0","0","0","0","0","0","0","0","0","33","0","0","0","0","34","99","0","0","0","286","0","0","0","0","0","0","32","0","0","0","0","0","0","0","0","0","283"
"0x7a6e0b9a9b90","      MUFU.EX2 R38, R16","828","454","828","6266880","200540160","200540160","32","32","0","-","-","-","0","0","0","0","0","0","0","0","0","0","0","0","0","312","0","0","0","109","0","0","0","407","0","0","0","0","0","0","0","0","150","0","0","0","0","0","0","0","304"
"0x7a6e0b9a9ba0","      F2FP.SATFINITE.E4M3.F32.PACK_AB_MERGE_C R14, R105, R104, RZ","102","0","102","6266880","200540160","200540160","32","32","0","-","-","-","0","0","0","0","0","0","0","0","0","0","0","0","0","0","0","0","0","102","0","0","0","0","0","0","0","0","0","0","0","0","0","0","0","0","0","0","0","0","0"
"0x7a6e0b9a9bb0","      F2FP.SATFINITE.E4M3.F32.PACK_AB_MERGE_C R14, R117, R116, R14","431","309","431","6266880","200540160","200540160","32","32","0","-","-","-","0","0","0","0","0","0","0","0","0","0","0","1","0","0","0","0","4","116","0","0","0","310","0","0","0","0","0","0","1","0","0","0","0","0","0","0","0","0","308"
"0x7a6e0b9a9bc0","      MUFU.EX2 R39, R17","812","445","812","6266880","200540160","200540160","32","32","0","-","-","-","0","0","0","0","0","0","0","0","0","0","0","0","0","292","0","0","0","91","0","0","0","429","0","0","0","0","0","0","0","0","134","0","0","0","0","0","0","0","311"
"0x7a6e0b9a9bd0","      F2FP.SATFINITE.E4M3.F32.PACK_AB_MERGE_C R15, R101, R100, RZ","106","0","106","6266880","200540160","200540160","32","32","0","-","-","-","0","0","0","0","0","0","0","0","0","0","0","0","0","0","0","0","0","106","0","0","0","0","0","0","0","0","0","0","0","0","0","0","0","0","0","0","0","0","0"
"0x7a6e0b9a9be0","      F2FP.SATFINITE.E4M3.F32.PACK_AB_MERGE_C R15, R107, R106, R15","428","314","428","6266880","200540160","200540160","32","32","0","-","-","-","0","0","0","0","0","0","0","0","0","0","0","1","0","0","0","0","2","111","0","0","0","314","0","0","0","0","0","0","1","0","0","0","0","0","0","0","0","0","313"
"0x7a6e0b9a9bf0","      MUFU.EX2 R36, R18","813","429","813","6266880","200540160","200540160","32","32","0","-","-","-","0","0","0","0","0","0","0","0","0","0","0","0","0","294","0","0","0","112","0","0","0","407","0","0","0","0","0","0","0","0","139","0","0","0","0","0","0","0","290"
"0x7a6e0b9a9c00","      F2FP.SATFINITE.E4M3.F32.PACK_AB_MERGE_C R16, R87, R86, RZ","105","0","105","6266880","200540160","200540160","32","32","0","-","-","-","0","0","0","0","0","0","0","0","0","0","0","0","0","0","0","0","0","105","0","0","0","0","0","0","0","0","0","0","0","0","0","0","0","0","0","0","0","0","0"
"0x7a6e0b9a9c10","      F2FP.SATFINITE.E4M3.F32.PACK_AB_MERGE_C R16, R113, R112, R16","414","302","414","6266880","200540160","200540160","32","32","0","-","-","-","0","0","0","0","0","0","0","0","0","0","0","6","0","0","0","0","4","107","0","0","0","297","0","0","0","0","0","0","6","0","0","0","0","0","0","0","0","0","296"
"0x7a6e0b9a9c20","      MUFU.EX2 R37, R19","782","446","782","6266880","200540160","200540160","32","32","0","-","-","-","0","0","0","0","0","0","0","0","0","0","0","0","0","275","0","0","0","95","0","0","0","412","0","0","0","0","0","0","0","0","133","0","0","0","0","0","0","0","313"
"0x7a6e0b9a9c30","      F2FP.SATFINITE.E4M3.F32.PACK_AB_MERGE_C R17, R91, R90, RZ","122","0","122","6266880","200540160","200540160","32","32","0","-","-","-","0","0","0","0","0","0","0","0","0","0","0","0","0","0","0","0","0","122","0","0","0","0","0","0","0","0","0","0","0","0","0","0","0","0","0","0","0","0","0"
"0x7a6e0b9a9c40","      MUFU.EX2 R75, R47","1226","846","1226","6266880","200540160","200540160","32","32","0","-","-","-","0","0","0","0","0","0","0","0","0","0","0","0","0","296","0","0","5","105","0","0","0","820","0","0","0","0","0","0","0","0","146","0","0","0","0","0","0","0","700"
"0x7a6e0b9a9c50","      F2FP.SATFINITE.E4M3.F32.PACK_AB_MERGE_C R18, R95, R94, RZ","93","0","93","6266880","200540160","200540160","32","32","0","-","-","-","0","0","0","0","0","0","0","0","0","0","0","0","0","0","0","0","0","93","0","0","0","0","0","0","0","0","0","0","0","0","0","0","0","0","0","0","0","0","0"
"0x7a6e0b9a9c60","      MUFU.EX2 R54, R54","1260","887","1260","6266880","200540160","200540160","32","32","0","-","-","-","0","0","0","0","0","0","0","0","0","0","0","0","0","299","0","0","1","120","0","0","0","840","0","0","0","0","0","0","0","0","157","0","0","0","0","0","0","0","730"
"0x7a6e0b9a9c70","      F2FP.SATFINITE.E4M3.F32.PACK_AB_MERGE_C R19, R99, R98, RZ","97","0","97","6266880","200540160","200540160","32","32","0","-","-","-","0","0","0","0","0","0","0","0","0","0","0","0","0","0","0","0","0","97","0","0","0","0","0","0","0","0","0","0","0","0","0","0","0","0","0","0","0","0","0"
"0x7a6e0b9a9c80","      MUFU.EX2 R55, R55","1162","835","1162","6266880","200540160","200540160","32","32","0","-","-","-","0","0","0","0","0","0","0","0","0","0","0","0","0","272","0","0","3","77","0","0","0","810","0","0","0","0","0","0","0","0","152","0","0","0","0","0","0","0","683"
"0x7a6e0b9a9c90","      F2FP.SATFINITE.E4M3.F32.PACK_AB_MERGE_C R6, R75, R74, RZ","500","222","500","6266880","200540160","200540160","32","32","0","-","-","-","0","0","0","0","0","0","0","0","0","0","0","197","0","0","0","0","162","105","36","0","0","0","0","0","0","0","0","0","197","0","0","0","0","0","0","25","0","0","0"
"0x7a6e0b9a9ca0","      F2FP.SATFINITE.E4M3.F32.PACK_AB_MERGE_C R6, R83, R82, R6","433","307","433","6266880","200540160","200540160","32","32","0","-","-","-","0","0","0","0","0","0","0","0","0","0","0","31","0","0","0","0","30","90","0","0","0","282","0","0","0","0","0","0","31","0","0","0","0","0","0","0","0","0","276"
"0x7a6e0b9a9cb0","      MUFU.EX2 R58, R58","811","489","811","6266880","200540160","200540160","32","32","0","-","-","-","0","0","0","0","0","0","0","0","0","0","0","0","0","293","0","0","5","101","0","0","0","412","0","0","0","0","0","0","0","0","198","0","0","0","0","0","0","0","291"
"0x7a6e0b9a9cc0","      MUFU.EX2 R59, R59","1401","1028","1401","6266880","200540160","200540160","32","32","0","-","-","-","0","0","0","0","0","0","0","0","0","0","0","0","0","328","0","0","20","110","0","0","0","943","0","0","0","0","0","0","0","0","250","0","0","0","0","0","0","0","778"
"0x7a6e0b9a9cd0","      F2FP.SATFINITE.E4M3.F32.PACK_AB_MERGE_C R8, R55, R54, RZ","546","220","546","6266880","200540160","200540160","32","32","0","-","-","-","0","0","0","0","0","0","0","0","0","0","0","194","0","0","0","0","216","97","39","0","0","0","0","0","0","0","0","0","194","0","0","0","0","0","0","26","0","0","0"
"0x7a6e0b9a9ce0","      F2FP.SATFINITE.E4M3.F32.PACK_AB_MERGE_C R8, R81, R80, R8","455","312","455","6266880","200540160","200540160","32","32","0","-","-","-","0","0","0","0","0","0","0","0","0","0","0","16","0","0","0","0","10","102","0","0","0","327","0","0","0","0","0","0","16","0","0","0","0","0","0","0","0","0","296"
"0x7a6e0b9a9cf0","      MUFU.EX2 R62, R62","862","620","862","6266880","200540160","200540160","32","32","0","-","-","-","0","0","0","0","0","0","0","0","0","0","0","0","0","336","0","0","13","103","0","0","0","410","0","0","0","0","0","0","0","0","327","0","0","0","0","0","0","0","293"
"0x7a6e0b9a9d00","      MUFU.EX2 R63, R63","1438","964","1438","6266880","200540160","200540160","32","32","0","-","-","-","0","0","0","0","0","0","0","3","0","0","0","0","0","359","0","0","24","125","0","0","0","927","0","0","0","0","0","0","0","0","280","0","0","0","0","0","0","0","684"
"0x7a6e0b9a9d10","      F2FP.SATFINITE.E4M3.F32.PACK_AB_MERGE_C R9, R59, R58, RZ","2656","1302","2656","6266880","200540160","200540160","32","32","0","-","-","-","0","0","0","0","0","0","0","0","0","0","0","1218","0","0","0","0","1209","91","138","0","0","0","0","0","0","0","0","0","1218","0","0","0","0","0","0","84","0","0","0"
"0x7a6e0b9a9d20","      MUFU.EX2 R66, R66","1296","962","1296","6266880","200540160","200540160","32","32","0","-","-","-","0","0","0","0","0","0","0","0","0","0","0","0","0","332","0","0","15","109","0","0","0","840","0","0","0","0","0","0","0","0","319","0","0","0","0","0","0","0","643"
"0x7a6e0b9a9d30","      MUFU.EX2 R67, R67","1423","1113","1423","6266880","200540160","200540160","32","32","0","-","-","-","0","0","0","0","0","0","0","0","0","0","0","0","0","348","0","0","37","99","0","0","0","939","0","0","0","0","0","0","0","0","334","0","0","0","0","0","0","0","779"
"0x7a6e0b9a9d40","      F2FP.SATFINITE.E4M3.F32.PACK_AB_MERGE_C R10, R63, R62, RZ","2379","1154","2379","6266880","200540160","200540160","32","32","0","-","-","-","0","0","0","0","0","0","0","0","0","0","0","1049","0","0","0","0","1066","95","169","0","0","0","0","0","0","0","0","0","1049","0","0","0","0","0","0","105","0","0","0"
"0x7a6e0b9a9d50","      MUFU.EX2 R88, R88","1355","940","1355","6266880","200540160","200540160","32","32","0","-","-","-","0","0","0","0","0","0","0","0","0","0","0","0","0","395","0","0","4","97","0","0","0","859","0","0","0","0","0","0","0","0","346","0","0","0","0","0","0","0","594"
"0x7a6e0b9a9d60","      MUFU.EX2 R89, R89","1379","1086","1379","6266880","200540160","200540160","32","32","0","-","-","-","0","0","0","0","0","0","0","0","0","0","0","0","0","379","0","0","16","99","0","0","0","885","0","0","0","0","0","0","0","0","345","0","0","0","0","0","0","0","741"
"0x7a6e0b9a9d70","      F2FP.SATFINITE.E4M3.F32.PACK_AB_MERGE_C R11, R67, R66, RZ","570","241","570","6266880","200540160","200540160","32","32","0","-","-","-","0","0","0","0","0","0","0","0","0","0","0","229","0","0","0","0","233","84","24","0","0","0","0","0","0","0","0","0","228","0","0","0","0","0","0","13","0","0","0"
"0x7a6e0b9a9d80","      MUFU.EX2 R92, R92","1426","903","1426","6266880","200540160","200540160","32","32","0","-","-","-","0","0","0","0","0","0","0","0","0","0","0","0","0","463","0","0","26","100","0","0","0","837","0","0","0","0","0","0","0","0","342","0","0","0","0","0","0","0","561"
"0x7a6e0b9a9d90","      MUFU.EX2 R93, R93","1556","1098","1556","6266880","200540160","200540160","32","32","0","-","-","-","0","0","0","0","0","0","0","1","0","0","0","0","0","512","0","0","3","102","0","0","0","938","0","0","0","0","0","0","0","0","383","0","0","0","0","0","0","0","715"
"0x7a6e0b9a9da0","      F2FP.SATFINITE.E4M3.F32.PACK_AB_MERGE_C R17, R89, R88, R17","222","63","222","6266880","200540160","200540160","32","32","0","-","-","-","0","0","0","0","0","0","0","0","0","0","0","58","0","0","0","0","60","95","9","0","0","0","0","0","0","0","0","0","58","0","0","0","0","0","0","5","0","0","0"
"0x7a6e0b9a9db0","      MUFU.EX2 R96, R96","1530","1012","1530","6266880","200540160","200540160","32","32","0","-","-","-","0","0","0","0","0","0","0","0","0","0","0","0","0","574","0","0","20","111","0","0","0","825","0","0","0","0","0","0","0","0","443","0","0","0","0","0","0","0","569"
"0x7a6e0b9a9dc0","      MUFU.EX2 R97, R97","1628","1211","1628","6266880","200540160","200540160","32","32","0","-","-","-","0","0","0","0","0","0","0","0","0","0","0","0","0","545","0","0","2","113","0","0","0","968","0","0","0","0","0","0","0","0","416","0","0","0","0","0","0","0","795"
"0x7a6e0b9a9dd0","      F2FP.SATFINITE.E4M3.F32.PACK_AB_MERGE_C R18, R93, R92, R18","148","16","148","6266880","200540160","200540160","32","32","0","-","-","-","0","0","0","0","0","0","0","0","0","0","0","15","0","0","0","0","31","101","1","0","0","0","0","0","0","0","0","0","15","0","0","0","0","0","0","1","0","0","0"
"0x7a6e0b9a9de0","      MUFU.EX2 R56, R56","1495","995","1495","6266880","200540160","200540160","32","32","0","-","-","-","0","0","0","0","0","0","0","1","0","0","0","0","0","578","0","0","15","115","0","0","0","786","0","0","0","0","0","0","0","0","407","0","0","0","0","0","0","0","588"
"0x7a6e0b9a9df0","      MUFU.EX2 R57, R57","1616","1112","1616","6266880","200540160","200540160","32","32","0","-","-","-","0","0","0","0","0","0","0","1","0","0","0","0","0","611","0","0","15","96","0","0","0","893","0","0","0","0","0","0","0","0","424","0","0","0","0","0","0","0","688"
"0x7a6e0b9a9e00","      F2FP.SATFINITE.E4M3.F32.PACK_AB_MERGE_C R19, R97, R96, R19","91","2","91","6266880","200540160","200540160","32","32","0","-","-","-","0","0","0","0","0","0","0","0","0","0","0","2","0","0","0","0","5","83","1","0","0","0","0","0","0","0","0","0","2","0","0","0","0","0","0","0","0","0","0"
"0x7a6e0b9a9e10","      STTM.x8 tmem[UR6], R12","414","263","414","6266880","200540160","200540160","32","32","0","Tmem","Store","-","0","0","0","0","0","0","0","0","0","0","0","0","0","0","0","0","10","102","0","0","0","302","0","0","0","0","0","0","0","0","0","0","0","0","0","0","0","0","263"
"0x7a6e0b9a9e20","      FENCE.VIEW.ASYNC.T","92","0","92","6266880","200540160","200540160","32","32","0","-","-","-","0","0","0","0","0","0","0","0","0","0","0","0","0","0","0","0","0","92","0","0","0","0","0","0","0","0","0","0","0","0","0","0","0","0","0","0","0","0","0"
"0x7a6e0b9a9e30","      SYNCS.ARRIVE.TRANS64.ART0 RZ, [R0+UR7+0x60], R172","1564","804","1564","6266880","200540160","200540160","32","32","0","-","-","-","0","0","0","0","0","0","0","0","0","0","0","0","0","0","0","0","94","126","1239","0","0","105","0","0","0","0","0","0","0","0","0","0","0","0","0","727","0","0","77"
"0x7a6e0b9a9e40","      MUFU.EX2 R60, R60","285","115","285","6266880","200540160","200540160","32","32","0","-","-","-","0","0","0","0","0","0","0","0","0","0","0","0","0","83","0","0","2","103","0","0","0","97","0","0","0","0","0","0","0","0","80","0","0","0","0","0","0","0","35"
"0x7a6e0b9a9e50","      R2UR UR6, R156","101","0","101","6266880","200540160","200540160","32","32","0","-","-","-","0","0","0","0","0","0","0","0","0","0","0","0","0","0","0","0","0","101","0","0","0","0","0","0","0","0","0","0","0","0","0","0","0","0","0","0","0","0","0"
"0x7a6e0b9a9e60","      MUFU.EX2 R61, R61","1562","1000","1562","6266880","200540160","200540160","32","32","0","-","-","-","0","0","0","0","0","0","0","0","0","0","0","0","0","667","0","0","9","88","0","0","0","798","0","0","0","0","0","0","0","0","456","0","0","0","0","0","0","0","544"
"0x7a6e0b9a9e70","      F2FP.SATFINITE.E4M3.F32.PACK_AB_MERGE_C R9, R57, R56, R9","107","0","107","6266880","200540160","200540160","32","32","0","-","-","-","0","0","0","0","0","0","0","0","0","0","0","0","0","0","0","0","0","107","0","0","0","0","0","0","0","0","0","0","0","0","0","0","0","0","0","0","0","0","0"
"0x7a6e0b9a9e80","      MUFU.EX2 R64, R64","1469","1014","1469","6266880","200540160","200540160","32","32","0","-","-","-","0","0","0","0","0","0","0","0","0","0","0","0","0","562","0","0","7","98","0","0","0","802","0","0","0","0","0","0","0","0","397","0","0","0","0","0","0","0","617"
"0x7a6e0b9a9e90","      MUFU.EX2 R65, R65","1588","1095","1588","6266880","200540160","200540160","32","32","0","-","-","-","0","0","0","0","0","0","0","1","0","0","0","0","0","554","0","0","37","93","0","0","0","903","0","0","0","0","0","0","0","0","367","0","0","0","0","0","0","0","728"
"0x7a6e0b9a9ea0","      F2FP.SATFINITE.E4M3.F32.PACK_AB_MERGE_C R10, R61, R60, R10","102","1","102","6266880","200540160","200540160","32","32","0","-","-","-","0","0","0","0","0","0","0","0","0","0","0","0","0","0","0","0","0","101","1","0","0","0","0","0","0","0","0","0","0","0","0","0","0","0","0","1","0","0","0"
"0x7a6e0b9a9eb0","      MUFU.EX2 R22, R22","1593","980","1593","6266880","200540160","200540160","32","32","0","-","-","-","0","0","0","0","0","0","0","7","0","0","0","0","0","537","0","0","116","104","0","0","0","829","0","0","0","0","0","0","0","0","364","0","0","0","0","0","0","0","616"
"0x7a6e0b9a9ec0","      IMAD.U32 R12, RZ, RZ, UR8","111","0","111","6266880","200540160","200540160","32","32","0","-","-","-","0","0","0","0","0","0","0","5","0","0","0","0","0","0","0","0","0","106","0","0","0","0","0","0","0","0","0","0","0","0","0","0","0","0","0","0","0","0","0"
"0x7a6e0b9a9ed0","      MUFU.EX2 R23, R23","1539","920","1539","6266880","200540160","200540160","32","32","0","-","-","-","0","0","0","0","0","0","0","1","0","0","0","0","0","569","0","0","71","108","0","0","0","790","0","0","0","0","0","0","0","0","377","0","0","0","0","0","0","0","543"
"0x7a6e0b9a9ee0","      F2FP.SATFINITE.E4M3.F32.PACK_AB_MERGE_C R11, R65, R64, R11","104","0","104","6266880","200540160","200540160","32","32","0","-","-","-","0","0","0","0","0","0","0","0","0","0","0","0","0","0","0","0","0","104","0","0","0","0","0","0","0","0","0","0","0","0","0","0","0","0","0","0","0","0","0"
"0x7a6e0b9a9ef0","      STTM.x8 tmem[UR5], R4","440","287","440","6266880","200540160","200540160","32","32","0","Tmem","Store","-","0","0","0","0","0","0","0","0","0","0","0","0","0","0","0","0","9","113","0","0","0","318","0","0","0","0","0","0","0","0","0","0","0","0","0","0","0","0","287"
"0x7a6e0b9a9f00","      USHF.L.U32 UR5, UR10, 0x1f, URZ","90","0","90","6266880","200540160","200540160","32","32","0","-","-","-","0","0","0","0","0","0","0","0","0","0","0","0","0","0","0","0","0","90","0","0","0","0","0","0","0","0","0","0","0","0","0","0","0","0","0","0","0","0","0"
"0x7a6e0b9a9f10","      MUFU.EX2 R26, R26","1108","544","1108","6266880","200540160","200540160","32","32","0","-","-","-","0","0","0","0","0","0","0","109","0","0","0","0","0","594","0","0","18","85","0","0","0","302","0","0","13","0","0","0","0","0","394","0","0","0","0","0","0","0","137"
"0x7a6e0b9a9f20","      IMAD.U32 R13, RZ, RZ, UR5","218","95","218","6266880","200540160","200540160","32","32","0","-","-","-","0","0","0","0","0","0","0","0","0","0","0","5","0","0","0","0","0","111","0","0","0","102","0","0","0","0","0","0","5","0","0","0","0","0","0","0","0","0","90"
"0x7a6e0b9a9f30","      MUFU.EX2 R27, R27","1310","864","1310","6266880","200540160","200540160","32","32","0","-","-","-","0","0","0","0","0","0","0","0","0","0","0","0","0","506","0","0","8","106","0","0","0","690","0","0","0","0","0","0","0","0","401","0","0","0","0","0","0","0","463"
"0x7a6e0b9a9f40","      MUFU.EX2 R30, R30","1645","1280","1645","6266880","200540160","200540160","32","32","0","-","-","-","0","0","0","0","0","0","0","1","0","0","0","0","0","618","0","0","4","100","0","0","0","922","0","0","0","0","0","0","0","0","492","0","0","0","0","0","0","0","788"
"0x7a6e0b9a9f50","      MUFU.EX2 R31, R31","1683","1314","1683","6266880","200540160","200540160","32","32","0","-","-","-","0","0","0","0","0","0","0","1","0","0","0","0","0","664","0","0","5","96","0","0","0","917","0","0","0","0","0","0","0","0","556","0","0","0","0","0","0","0","758"
"0x7a6e0b9a9f60","      MUFU.EX2 R34, R34","1706","1426","1706","6266880","200540160","200540160","32","32","0","-","-","-","0","0","0","0","0","0","0","0","0","0","0","0","0","664","0","0","1","102","0","0","0","939","0","0","0","0","0","0","0","0","602","0","0","0","0","0","0","0","824"
"0x7a6e0b9a9f70","      F2FP.SATFINITE.E4M3.F32.PACK_AB_MERGE_C R4, R49, R48, RZ","106","0","106","6266880","200540160","200540160","32","32","0","-","-","-","0","0","0","0","0","0","0","0","0","0","0","0","0","0","0","0","0","106","0","0","0","0","0","0","0","0","0","0","0","0","0","0","0","0","0","0","0","0","0"
"0x7a6e0b9a9f80","      F2FP.SATFINITE.E4M3.F32.PACK_AB_MERGE_C R5, R41, R40, RZ","214","115","214","6266880","200540160","200540160","32","32","0","-","-","-","0","0","0","0","0","0","0","0","0","0","0","0","0","0","0","0","1","98","0","0","0","115","0","0","0","0","0","0","0","0","0","0","0","0","0","0","0","0","115"
"0x7a6e0b9a9f90","      F2FP.SATFINITE.E4M3.F32.PACK_AB_MERGE_C R4, R53, R52, R4","222","116","222","6266880","200540160","200540160","32","32","0","-","-","-","0","0","0","0","0","0","0","0","0","0","0","0","0","0","0","0","0","106","0","0","0","116","0","0","0","0","0","0","0","0","0","0","0","0","0","0","0","0","116"
"0x7a6e0b9a9fa0","      MUFU.EX2 R35, R35","1174","789","1174","6266880","200540160","200540160","32","32","0","-","-","-","0","0","0","0","0","0","0","0","0","0","0","0","0","635","0","0","6","118","0","0","0","415","0","0","0","0","0","0","0","0","524","0","0","0","0","0","0","0","265"
"0x7a6e0b9a9fb0","      F2FP.SATFINITE.E4M3.F32.PACK_AB_MERGE_C R5, R45, R44, R5","90","0","90","6266880","200540160","200540160","32","32","0","-","-","-","0","0","0","0","0","0","0","0","0","0","0","0","0","0","0","0","0","90","0","0","0","0","0","0","0","0","0","0","0","0","0","0","0","0","0","0","0","0","0"
"0x7a6e0b9a9fc0","      F2FP.SATFINITE.E4M3.F32.PACK_AB_MERGE_C R6, R43, R42, RZ","216","104","216","6266880","200540160","200540160","32","32","0","-","-","-","0","0","0","0","0","0","0","0","0","0","0","0","0","0","0","0","0","112","0","0","0","104","0","0","0","0","0","0","0","0","0","0","0","0","0","0","0","0","104"
"0x7a6e0b9a9fd0","      F2FP.SATFINITE.E4M3.F32.PACK_AB_MERGE_C R7, R37, R36, RZ","246","136","246","6266880","200540160","200540160","32","32","0","-","-","-","0","0","0","0","0","0","0","0","0","0","0","0","0","0","0","0","0","110","0","0","0","136","0","0","0","0","0","0","0","0","0","0","0","0","0","0","0","0","136"
"0x7a6e0b9a9fe0","      F2FP.SATFINITE.E4M3.F32.PACK_AB_MERGE_C R6, R51, R50, R6","203","109","203","6266880","200540160","200540160","32","32","0","-","-","-","0","0","0","0","0","0","0","0","0","0","0","0","0","0","0","0","0","93","0","0","0","110","0","0","0","0","0","0","0","0","0","0","0","0","0","0","0","0","109"
"0x7a6e0b9a9ff0","      MUFU.EX2 R47, R21","907","678","907","6266880","200540160","200540160","32","32","0","-","-","-","0","0","0","0","0","0","0","0","0","0","0","0","0","616","0","0","0","98","0","0","0","193","0","0","0","0","0","0","0","0","592","0","0","0","0","0","0","0","86"
"0x7a6e0b9aa000","      F2FP.SATFINITE.E4M3.F32.PACK_AB_MERGE_C R7, R39, R38, R7","99","0","99","6266880","200540160","200540160","32","32","0","-","-","-","0","0","0","0","0","0","0","0","0","0","0","0","0","0","0","0","0","99","0","0","0","0","0","0","0","0","0","0","0","0","0","0","0","0","0","0","0","0","0"
"0x7a6e0b9aa010","      F2FP.SATFINITE.E4M3.F32.PACK_AB_MERGE_C R8, R23, R22, RZ","215","109","215","6266880","200540160","200540160","32","32","0","-","-","-","0","0","0","0","0","0","0","0","0","0","0","0","0","0","0","0","0","105","0","0","0","110","0","0","0","0","0","0","0","0","0","0","0","0","0","0","0","0","109"
"0x7a6e0b9aa020","      F2FP.SATFINITE.E4M3.F32.PACK_AB_MERGE_C R9, R27, R26, RZ","189","100","189","6266880","200540160","200540160","32","32","0","-","-","-","0","0","0","0","0","0","0","0","0","0","0","0","0","0","0","0","0","89","0","0","0","100","0","0","0","0","0","0","0","0","0","0","0","0","0","0","0","0","100"
"0x7a6e0b9aa030","      F2FP.SATFINITE.E4M3.F32.PACK_AB_MERGE_C R10, R31, R30, RZ","208","116","208","6266880","200540160","200540160","32","32","0","-","-","-","0","0","0","0","0","0","0","0","0","0","0","0","0","0","0","0","0","92","0","0","0","116","0","0","0","0","0","0","0","0","0","0","0","0","0","0","0","0","116"
"0x7a6e0b9aa040","      MUFU.EX2 R24, R24","903","637","903","6266880","200540160","200540160","32","32","0","-","-","-","0","0","0","0","0","0","0","0","0","0","0","0","0","584","0","0","0","103","0","0","0","216","0","0","0","0","0","0","0","0","551","0","0","0","0","0","0","0","86"
"0x7a6e0b9aa050","      F2FP.SATFINITE.E4M3.F32.PACK_AB_MERGE_C R11, R35, R34, RZ","113","0","113","6266880","200540160","200540160","32","32","0","-","-","-","0","0","0","0","0","0","0","0","0","0","0","0","0","0","0","0","1","112","0","0","0","0","0","0","0","0","0","0","0","0","0","0","0","0","0","0","0","0","0"
"0x7a6e0b9aa060","      MUFU.EX2 R25, R25","1548","1294","1548","6266880","200540160","200540160","32","32","0","-","-","-","0","0","0","0","0","0","0","1","0","0","0","0","0","607","0","0","0","101","0","0","0","839","0","0","0","0","0","0","0","0","592","0","0","0","0","0","0","0","702"
"0x7a6e0b9aa070","      F2FP.SATFINITE.E4M3.F32.PACK_AB_MERGE_C R8, R47, R46, R8","112","0","112","6266880","200540160","200540160","32","32","0","-","-","-","0","0","0","0","0","0","0","0","0","0","0","0","0","0","0","0","0","112","0","0","0","0","0","0","0","0","0","0","0","0","0","0","0","0","0","0","0","0","0"
"0x7a6e0b9aa080","      MUFU.EX2 R28, R28","1527","1296","1527","6266880","200540160","200540160","32","32","0","-","-","-","0","0","0","0","0","0","0","0","0","0","0","0","0","639","0","0","1","92","0","0","0","795","0","0","0","0","0","0","0","0","621","0","0","0","0","0","0","0","675"
"0x7a6e0b9aa090","      MUFU.EX2 R29, R29","1647","1361","1647","6266880","200540160","200540160","32","32","0","-","-","-","0","0","0","0","0","0","0","0","0","0","0","0","0","636","0","0","0","111","0","0","0","900","0","0","0","0","0","0","0","0","605","0","0","0","0","0","0","0","756"
"0x7a6e0b9aa0a0","      F2FP.SATFINITE.E4M3.F32.PACK_AB_MERGE_C R9, R25, R24, R9","95","0","95","6266880","200540160","200540160","32","32","0","-","-","-","0","0","0","0","0","0","0","0","0","0","0","0","0","0","0","0","0","95","0","0","0","0","0","0","0","0","0","0","0","0","0","0","0","0","0","0","0","0","0"
"0x7a6e0b9aa0b0","      MUFU.EX2 R32, R32","1503","1225","1503","6266880","200540160","200540160","32","32","0","-","-","-","0","0","0","0","0","0","0","0","0","0","0","0","0","597","0","0","3","99","0","0","0","804","0","0","0","0","0","0","0","0","568","0","0","0","0","0","0","0","657"
"0x7a6e0b9aa0c0","      MUFU.EX2 R33, R33","1636","1311","1636","6266880","200540160","200540160","32","32","0","-","-","-","0","0","0","0","0","0","0","0","0","0","0","0","0","621","0","0","2","106","0","0","0","907","0","0","0","0","0","0","0","0","592","0","0","0","0","0","0","0","719"
"0x7a6e0b9aa0d0","      F2FP.SATFINITE.E4M3.F32.PACK_AB_MERGE_C R10, R29, R28, R10","102","0","102","6266880","200540160","200540160","32","32","0","-","-","-","0","0","0","0","0","0","0","0","0","0","0","0","0","0","0","0","0","101","1","0","0","0","0","0","0","0","0","0","0","0","0","0","0","0","0","0","0","0","0"
"0x7a6e0b9aa0e0","      F2FP.SATFINITE.E4M3.F32.PACK_AB_MERGE_C R11, R33, R32, R11","2051","1520","2051","6266880","200540160","200540160","32","32","0","-","-","-","0","0","0","0","0","0","0","0","0","0","0","93","0","0","0","0","2","115","1730","0","0","111","0","0","0","0","0","0","93","0","0","0","0","0","0","1317","0","0","110"
"0x7a6e0b9aa0f0","      STTM.x8 tmem[UR6], R4","405","257","405","6266880","200540160","200540160","32","32","0","Tmem","Store","-","0","0","0","0","0","0","0","0","0","0","0","0","0","0","0","0","0","101","0","0","0","304","0","0","0","0","0","0","0","0","0","0","0","0","0","0","0","0","257"
"0x7a6e0b9aa100","      FENCE.VIEW.ASYNC.T","110","0","110","6266880","200540160","200540160","32","32","0","-","-","-","0","0","0","0","0","0","0","2","0","0","0","0","0","0","0","0","0","108","0","0","0","0","0","0","0","0","0","0","0","0","0","0","0","0","0","0","0","0","0"
"0x7a6e0b9aa110","      SYNCS.ARRIVE.TRANS64.ART0 RZ, [R12+UR7+0x118], R172","1468","966","1468","6266880","200540160","200540160","32","32","0","-","-","-","0","0","0","0","0","0","0","0","0","0","0","0","0","0","0","0","8","87","1271","0","0","102","0","0","0","0","0","0","0","0","0","0","0","0","0","868","0","0","98"
"0x7a6e0b9aa120","      SYNCS.PHASECHK.TRANS64.TRYWAIT P1, [R0+UR7+0xa0], R13","100","0","100","6266880","200540160","200540160","32","32","0","-","-","-","0","0","0","0","0","0","0","0","0","0","0","0","0","0","0","0","0","100","0","0","0","0","0","0","0","0","0","0","0","0","0","0","0","0","0","0","0","0","0"
"0x7a6e0b9aa130","@!P1  BRA 0x7a6e0b9adfa0","12072","9895","12072","6266880","200540160","200146944","32","31","0","-","-","-","0","0","0","0","0","0","0","2","0","0","11842","0","0","0","0","0","26","109","0","0","0","93","0","0","0","0","0","9813","0","0","0","0","0","0","0","0","0","0","82"
"0x7a6e0b9aa140","      FADD2 R4, R148.F32x2.HI_LO, R132.F32x2.HI_LO","538","312","538","6266880","200540160","200540160","32","32","0","-","-","-","0","0","0","0","0","0","0","2","0","0","0","1","0","0","0","0","14","121","0","0","0","400","0","0","0","0","0","0","0","0","0","0","0","0","0","0","0","0","312"
"0x7a6e0b9aa150","      MOV R7, UR14","95","0","95","6266880","200540160","200540160","32","32","0","-","-","-","0","0","0","0","0","0","0","0","0","0","0","0","0","0","0","0","0","95","0","0","0","0","0","0","0","0","0","0","0","0","0","0","0","0","0","0","0","0","0"
"0x7a6e0b9aa160","      FADD2 R10, R150.F32x2.HI_LO, R140.F32x2.HI_LO","116","0","116","6266880","200540160","200540160","32","32","0","-","-","-","0","0","0","0","0","0","0","0","0","0","0","0","0","0","0","0","0","116","0","0","0","0","0","0","0","0","0","0","0","0","0","0","0","0","0","0","0","0","0"
"0x7a6e0b9aa170","      UIADD3 UR11, UR11, 0x1, URZ","111","0","111","6266880","200540160","200540160","32","32","0","-","-","-","0","0","0","0","0","0","0","0","0","0","0","0","0","0","0","0","0","111","0","0","0","0","0","0","0","0","0","0","0","0","0","0","0","0","0","0","0","0","0"
"0x7a6e0b9aa180","      FADD2 R8, R142.F32x2.HI_LO, R114.F32x2.HI_LO","101","0","101","6266880","200540160","200540160","32","32","0","-","-","-","0","0","0","0","0","0","0","0","0","0","0","0","0","0","0","0","0","101","0","0","0","0","0","0","0","0","0","0","0","0","0","0","0","0","0","0","0","0","0"
"0x7a6e0b9aa190","      ULOP3.LUT UR10, UR10, 0x1, URZ, 0x3c, !UPT","108","0","108","6266880","200540160","200540160","32","32","0","-","-","-","0","0","0","0","0","0","0","9","0","0","0","0","0","0","0","0","0","99","0","0","0","0","0","0","0","0","0","0","0","0","0","0","0","0","0","0","0","0","0"
"0x7a6e0b9aa1a0","      FADD2 R4, R4.F32x2.HI_LO, R120.F32x2.HI_LO","115","0","115","6266880","200540160","200540160","32","32","0","-","-","-","0","0","0","0","0","0","0","12","0","0","0","0","0","0","0","0","0","103","0","0","0","0","0","0","0","0","0","0","0","0","0","0","0","0","0","0","0","0","0"
"0x7a6e0b9aa1b0","      UISETP.NE.AND UP0, UPT, UR11, UR12, UPT","108","0","108","6266880","200540160","200540160","32","32","0","-","-","-","0","0","0","0","0","0","0","5","0","0","0","0","0","0","0","0","0","103","0","0","0","0","0","0","0","0","0","0","0","0","0","0","0","0","0","0","0","0","0"
"0x7a6e0b9aa1c0","      FADD2 R10, R10.F32x2.HI_LO, R118.F32x2.HI_LO","110","0","110","6266880","200540160","200540160","32","32","0","-","-","-","0","0","0","0","0","0","0","0","0","0","0","0","0","0","0","0","0","110","0","0","0","0","0","0","0","0","0","0","0","0","0","0","0","0","0","0","0","0","0"
"0x7a6e0b9aa1d0","      ULOP3.LUT UR9, UR9, 0x1, URZ, 0x3c, !UPT","109","0","109","6266880","200540160","200540160","32","32","0","-","-","-","0","0","0","0","0","0","0","0","0","0","0","0","0","0","0","0","0","109","0","0","0","0","0","0","0","0","0","0","0","0","0","0","0","0","0","0","0","0","0"
"0x7a6e0b9aa1e0","      FADD2 R8, R8.F32x2.HI_LO, R122.F32x2.HI_LO","89","0","89","6266880","200540160","200540160","32","32","0","-","-","-","0","0","0","0","0","0","0","0","0","0","0","0","0","0","0","0","0","89","0","0","0","0","0","0","0","0","0","0","0","0","0","0","0","0","0","0","0","0","0"
"0x7a6e0b9aa1f0","      FADD2 R4, R4.F32x2.HI_LO, R128.F32x2.HI_LO","305","0","305","6266880","200540160","200540160","32","32","0","-","-","-","0","0","0","0","0","0","0","11","0","0","0","3","0","0","0","0","99","94","0","0","0","98","0","0","0","0","0","0","0","0","0","0","0","0","0","0","0","0","0"
"0x7a6e0b9aa200","      FADD2 R10, R10.F32x2.HI_LO, R126.F32x2.HI_LO","247","97","247","6266880","200540160","200540160","32","32","0","-","-","-","0","0","0","0","0","0","0","0","0","0","0","1","0","0","0","0","16","110","0","0","0","120","0","0","0","0","0","0","0","0","0","0","0","0","0","0","0","0","97"
"0x7a6e0b9aa210","      FADD2 R8, R8.F32x2.HI_LO, R130.F32x2.HI_LO","268","104","268","6266880","200540160","200540160","32","32","0","-","-","-","0","0","0","0","0","0","0","6","0","0","0","5","0","0","0","0","28","115","0","0","0","114","0","0","2","0","0","0","0","0","0","0","0","0","0","0","0","0","102"
"0x7a6e0b9aa220","      FADD2 R4, R4.F32x2.HI_LO, R110.F32x2.HI_LO","320","88","320","6266880","200540160","200540160","32","32","0","-","-","-","0","0","0","0","0","0","0","12","0","0","0","3","0","0","0","0","64","116","0","0","0","125","0","0","1","0","0","0","0","0","0","0","0","0","0","0","0","0","87"
"0x7a6e0b9aa230","      FADD2 R10, R10.F32x2.HI_LO, R108.F32x2.HI_LO","342","107","342","6266880","200540160","200540160","32","32","0","-","-","-","0","0","0","0","0","0","0","13","0","0","0","3","0","0","0","0","33","93","0","0","0","200","0","0","4","0","0","0","0","0","0","0","0","0","0","0","0","0","103"
"0x7a6e0b9aa240","      FADD2 R8, R8.F32x2.HI_LO, R102.F32x2.HI_LO","316","18","316","6266880","200540160","200540160","32","32","0","-","-","-","0","0","0","0","0","0","0","4","0","0","0","0","0","0","0","0","63","119","0","0","0","130","0","0","0","0","0","0","0","0","0","0","0","0","0","0","0","0","18"
"0x7a6e0b9aa250","      FADD2 R4, R4.F32x2.HI_LO, R106.F32x2.HI_LO","233","95","233","6266880","200540160","200540160","32","32","0","-","-","-","0","0","0","0","0","0","0","5","0","0","0","0","0","0","0","0","9","112","0","0","0","107","0","0","3","0","0","0","0","0","0","0","0","0","0","0","0","0","92"
"0x7a6e0b9aa260","      FADD2 R10, R10.F32x2.HI_LO, R104.F32x2.HI_LO","252","108","252","6266880","200540160","200540160","32","32","0","-","-","-","0","0","0","0","0","0","0","9","0","0","0","1","0","0","0","0","24","100","0","0","0","118","0","0","6","0","0","0","0","0","0","0","0","0","0","0","0","0","102"
"0x7a6e0b9aa270","      FADD2 R8, R8.F32x2.HI_LO, R100.F32x2.HI_LO","275","100","275","6266880","200540160","200540160","32","32","0","-","-","-","0","0","0","0","0","0","0","4","0","0","0","1","0","0","0","0","3","87","0","0","0","180","0","0","2","0","0","0","1","0","0","0","0","0","0","0","0","0","97"
"0x7a6e0b9aa280","      FADD2 R4, R4.F32x2.HI_LO, R88.F32x2.HI_LO","275","104","275","6266880","200540160","200540160","32","32","0","-","-","-","0","0","0","0","0","0","0","10","0","0","0","5","0","0","0","0","27","84","0","0","0","149","0","0","3","0","0","0","3","0","0","0","0","0","0","0","0","0","98"
"0x7a6e0b9aa290","      FADD2 R10, R10.F32x2.HI_LO, R86.F32x2.HI_LO","273","18","273","6266880","200540160","200540160","32","32","0","-","-","-","0","0","0","0","0","0","0","1","0","0","0","0","0","0","0","0","53","111","0","0","0","108","0","0","0","0","0","0","0","0","0","0","0","0","0","0","0","0","18"
"0x7a6e0b9aa2a0","      FADD2 R8, R8.F32x2.HI_LO, R90.F32x2.HI_LO","222","96","222","6266880","200540160","200540160","32","32","0","-","-","-","0","0","0","0","0","0","0","0","0","0","0","1","0","0","0","0","4","105","0","0","0","112","0","0","0","0","0","0","1","0","0","0","0","0","0","0","0","0","95"
"0x7a6e0b9aa2b0","      FADD2 R4, R4.F32x2.HI_LO, R96.F32x2.HI_LO","227","103","227","6266880","200540160","200540160","32","32","0","-","-","-","0","0","0","0","0","0","0","3","0","0","0","1","0","0","0","0","2","94","0","0","0","127","0","0","2","0","0","0","1","0","0","0","0","0","0","0","0","0","100"
"0x7a6e0b9aa2c0","      FADD2 R10, R10.F32x2.HI_LO, R94.F32x2.HI_LO","276","111","276","6266880","200540160","200540160","32","32","0","-","-","-","0","0","0","0","0","0","0","4","0","0","0","0","0","0","0","0","6","100","0","0","0","166","0","0","2","0","0","0","0","0","0","0","0","0","0","0","0","0","109"
"0x7a6e0b9aa2d0","      FADD2 R8, R8.F32x2.HI_LO, R98.F32x2.HI_LO","292","114","292","6266880","200540160","200540160","32","32","0","-","-","-","0","0","0","0","0","0","0","15","0","0","0","2","0","0","0","0","11","105","0","0","0","159","0","0","14","0","0","0","2","0","0","0","0","0","0","0","0","0","98"
"0x7a6e0b9aa2e0","      FADD2 R4, R4.F32x2.HI_LO, R76.F32x2.HI_LO","279","32","279","6266880","200540160","200540160","32","32","0","-","-","-","0","0","0","0","0","0","0","1","0","0","0","1","0","0","0","0","53","108","0","0","0","116","0","0","1","0","0","0","1","0","0","0","0","0","0","0","0","0","30"
"0x7a6e0b9aa2f0","      FADD2 R10, R10.F32x2.HI_LO, R78.F32x2.HI_LO","230","88","230","6266880","200540160","200540160","32","32","0","-","-","-","0","0","0","0","0","0","0","4","0","0","0","0","0","0","0","0","6","107","0","0","0","113","0","0","1","0","0","0","0","0","0","0","0","0","0","0","0","0","87"
"0x7a6e0b9aa300","      FADD2 R8, R8.F32x2.HI_LO, R70.F32x2.HI_LO","223","79","223","6266880","200540160","200540160","32","32","0","-","-","-","0","0","0","0","0","0","0","4","0","0","0","0","0","0","0","0","8","101","0","0","0","110","0","0","4","0","0","0","0","0","0","0","0","0","0","0","0","0","75"
"0x7a6e0b9aa310","      FADD2 R4, R4.F32x2.HI_LO, R72.F32x2.HI_LO","303","125","303","6266880","200540160","200540160","32","32","0","-","-","-","0","0","0","0","0","0","0","11","0","0","0","0","0","0","0","0","6","93","0","0","0","193","0","0","11","0","0","0","0","0","0","0","0","0","0","0","0","0","114"
"0x7a6e0b9aa320","      FADD2 R10, R10.F32x2.HI_LO, R74.F32x2.HI_LO","257","116","257","6266880","200540160","200540160","32","32","0","-","-","-","0","0","0","0","0","0","0","21","0","0","0","1","0","0","0","0","5","107","0","0","0","123","0","0","20","0","0","0","1","0","0","0","0","0","0","0","0","0","95"
"0x7a6e0b9aa330","      FADD2 R8, R8.F32x2.HI_LO, R68.F32x2.HI_LO","304","33","304","6266880","200540160","200540160","32","32","0","-","-","-","0","0","0","0","0","0","0","4","0","0","0","0","0","0","0","0","55","125","0","0","0","120","0","0","1","0","0","0","0","0","0","0","0","0","0","0","0","0","32"
"0x7a6e0b9aa340","      FADD2 R4, R4.F32x2.HI_LO, R56.F32x2.HI_LO","237","95","237","6266880","200540160","200540160","32","32","0","-","-","-","0","0","0","0","0","0","0","5","0","0","0","0","0","0","0","0","10","101","0","0","0","121","0","0","1","0","0","0","0","0","0","0","0","0","0","0","0","0","94"
"0x7a6e0b9aa350","      FADD2 R10, R10.F32x2.HI_LO, R54.F32x2.HI_LO","222","72","222","6266880","200540160","200540160","32","32","0","-","-","-","0","0","0","0","0","0","0","10","0","0","0","0","0","0","0","0","12","103","0","0","0","97","0","0","5","0","0","0","0","0","0","0","0","0","0","0","0","0","67"
"0x7a6e0b9aa360","      FADD2 R8, R8.F32x2.HI_LO, R58.F32x2.HI_LO","274","106","274","6266880","200540160","200540160","32","32","0","-","-","-","0","0","0","0","0","0","0","11","0","0","0","0","0","0","0","0","4","111","0","0","0","148","0","0","8","0","0","0","0","0","0","0","0","0","0","0","0","0","98"
"0x7a6e0b9aa370","      FADD2 R4, R4.F32x2.HI_LO, R64.F32x2.HI_LO","269","98","269","6266880","200540160","200540160","32","32","0","-","-","-","0","0","0","0","0","0","0","14","0","0","0","0","0","0","0","0","11","101","0","0","0","143","0","0","12","0","0","0","0","0","0","0","0","0","0","0","0","0","86"
"0x7a6e0b9aa380","      FADD2 R10, R10.F32x2.HI_LO, R62.F32x2.HI_LO","278","40","278","6266880","200540160","200540160","32","32","0","-","-","-","0","0","0","0","0","0","0","10","0","0","0","0","0","0","0","0","40","99","0","0","0","129","0","0","3","0","0","0","0","0","0","0","0","0","0","0","0","0","37"
"0x7a6e0b9aa390","      FADD2 R8, R8.F32x2.HI_LO, R66.F32x2.HI_LO","219","62","219","6266880","200540160","200540160","32","32","0","-","-","-","0","0","0","0","0","0","0","7","0","0","0","0","0","0","0","0","13","100","0","0","0","99","0","0","2","0","0","0","0","0","0","0","0","0","0","0","0","0","60"
"0x7a6e0b9aa3a0","      FADD2 R4, R4.F32x2.HI_LO, R44.F32x2.HI_LO","258","89","258","6266880","200540160","200540160","32","32","0","-","-","-","0","0","0","0","0","0","0","29","0","0","0","0","0","0","0","0","27","94","0","0","0","108","0","0","14","0","0","0","0","0","0","0","0","0","0","0","0","0","75"
"0x7a6e0b9aa3b0","      FADD2 R10, R10.F32x2.HI_LO, R48.F32x2.HI_LO","229","83","229","6266880","200540160","200540160","32","32","0","-","-","-","0","0","0","0","0","0","0","7","0","0","0","0","0","0","0","0","18","86","0","0","0","118","0","0","4","0","0","0","0","0","0","0","0","0","0","0","0","0","79"
"0x7a6e0b9aa3c0","      FADD2 R8, R8.F32x2.HI_LO, R40.F32x2.HI_LO","263","71","263","6266880","200540160","200540160","32","32","0","-","-","-","0","0","0","0","0","0","0","7","0","0","0","0","0","0","0","0","9","109","0","0","0","138","0","0","4","0","0","0","0","0","0","0","0","0","0","0","0","0","67"
"0x7a6e0b9aa3d0","      FADD2 R14, R10.F32x2.HI_LO, R42.F32x2.HI_LO","250","46","250","6266880","200540160","200540160","32","32","0","-","-","-","0","0","0","0","0","0","0","2","0","0","0","0","0","0","0","0","35","103","0","0","0","110","0","0","1","0","0","0","0","0","0","0","0","0","0","0","0","0","45"
"0x7a6e0b9aa3e0","      FMUL R6, R20, R139","279","96","279","6266880","200540160","200540160","32","32","0","-","-","-","0","0","0","0","0","0","0","2","0","0","0","0","0","0","0","0","17","86","0","0","0","174","0","0","0","0","0","0","0","0","0","0","0","0","0","0","0","0","96"
"0x7a6e0b9aa3f0","      FADD2 R6, R6.F32x2.HI_LO, R154.F32x2.HI_LO","525","257","525","6266880","200540160","200540160","32","32","0","-","-","-","0","0","0","0","0","0","0","11","0","0","0","0","0","0","0","0","10","121","0","0","0","383","0","0","11","0","0","0","0","0","0","0","0","0","0","0","0","0","246"
"0x7a6e0b9aa400","      FADD2 R12, R6.F32x2.HI_LO, R152.F32x2.HI_LO","434","238","434","6266880","200540160","200540160","32","32","0","-","-","-","0","0","0","0","0","0","0","2","0","0","0","0","0","0","0","0","10","101","0","0","0","321","0","0","0","0","0","0","0","0","0","0","0","0","0","0","0","0","238"
"0x7a6e0b9aa410","      FADD2 R6, R4.F32x2.HI_LO, R38.F32x2.HI_LO","267","83","267","6266880","200540160","200540160","32","32","0","-","-","-","0","0","0","0","0","0","0","0","0","0","0","0","0","0","0","0","8","88","0","0","0","171","0","0","0","0","0","0","0","0","0","0","0","0","0","0","0","0","83"
"0x7a6e0b9aa420","      FADD2 R12, R12.F32x2.HI_LO, R146.F32x2.HI_LO","216","72","216","6266880","200540160","200540160","32","32","0","-","-","-","0","0","0","0","0","0","0","3","0","0","0","0","0","0","0","0","16","104","0","0","0","93","0","0","1","0","0","0","0","0","0","0","0","0","0","0","0","0","71"
"0x7a6e0b9aa430","      FADD2 R4, R8.F32x2.HI_LO, R36.F32x2.HI_LO","272","80","272","6266880","200540160","200540160","32","32","0","-","-","-","0","0","0","0","0","0","0","3","0","0","0","0","0","0","0","0","4","101","0","0","0","164","0","0","0","0","0","0","0","0","0","0","0","0","0","0","0","0","80"
"0x7a6e0b9aa440","      FADD2 R12, R12.F32x2.HI_LO, R144.F32x2.HI_LO","194","62","194","6266880","200540160","200540160","32","32","0","-","-","-","0","0","0","0","0","0","0","4","0","0","0","0","0","0","0","0","3","96","0","0","0","91","0","0","3","0","0","0","0","0","0","0","0","0","0","0","0","0","59"
"0x7a6e0b9aa450","      FADD2 R8, R6.F32x2.HI_LO, R24.F32x2.HI_LO","228","49","228","6266880","200540160","200540160","32","32","0","-","-","-","0","0","0","0","0","0","0","0","0","0","0","0","0","0","0","0","18","101","0","0","0","109","0","0","0","0","0","0","0","0","0","0","0","0","0","0","0","0","49"
"0x7a6e0b9aa460","      FADD2 R12, R12.F32x2.HI_LO, R124.F32x2.HI_LO","243","88","243","6266880","200540160","200540160","32","32","0","-","-","-","0","0","0","0","0","0","0","6","0","0","0","0","0","0","0","0","9","99","0","0","0","129","0","0","2","0","0","0","0","0","0","0","0","0","0","0","0","0","86"
"0x7a6e0b9aa470","      FADD2 R4, R4.F32x2.HI_LO, R26.F32x2.HI_LO","247","80","247","6266880","200540160","200540160","32","32","0","-","-","-","0","0","0","0","0","0","0","6","0","0","0","0","0","0","0","0","26","99","0","0","0","116","0","0","1","0","0","0","0","0","0","0","0","0","0","0","0","0","79"
"0x7a6e0b9aa480","      FADD2 R12, R12.F32x2.HI_LO, R116.F32x2.HI_LO","250","81","250","6266880","200540160","200540160","32","32","0","-","-","-","0","0","0","0","0","0","0","3","0","0","0","0","0","0","0","0","17","93","0","0","0","137","0","0","0","0","0","0","0","0","0","0","0","0","0","0","0","0","81"
"0x7a6e0b9aa490","      FADD2 R4, R4.F32x2.HI_LO, R34.F32x2.HI_LO","246","62","246","6266880","200540160","200540160","32","32","0","-","-","-","0","0","0","0","0","0","0","2","0","0","0","0","0","0","0","0","13","109","0","0","0","122","0","0","1","0","0","0","0","0","0","0","0","0","0","0","0","0","61"
"0x7a6e0b9aa4a0","      FADD2 R12, R12.F32x2.HI_LO, R112.F32x2.HI_LO","247","78","247","6266880","200540160","200540160","32","32","0","-","-","-","0","0","0","0","0","0","0","6","0","0","0","0","0","0","0","0","15","98","0","0","0","128","0","0","4","0","0","0","0","0","0","0","0","0","0","0","0","0","74"
"0x7a6e0b9aa4b0","      FADD2 R12, R12.F32x2.HI_LO, R92.F32x2.HI_LO","534","303","534","6266880","200540160","200540160","32","32","0","-","-","-","0","0","0","0","0","0","0","3","0","0","0","4","0","0","0","0","20","108","0","0","0","399","0","0","1","0","0","0","0","0","0","0","0","0","0","0","0","0","302"
"0x7a6e0b9aa4c0","      FADD2 R12, R12.F32x2.HI_LO, R84.F32x2.HI_LO","527","266","527","6266880","200540160","200540160","32","32","0","-","-","-","0","0","0","0","0","0","0","1","0","0","0","4","0","0","0","0","41","114","0","0","0","367","0","0","0","0","0","0","0","0","0","0","0","0","0","0","0","0","266"
"0x7a6e0b9aa4d0","      FADD2 R12, R12.F32x2.HI_LO, R82.F32x2.HI_LO","547","251","547","6266880","200540160","200540160","32","32","0","-","-","-","0","0","0","0","0","0","0","9","0","0","0","11","0","0","0","0","81","105","0","0","0","341","0","0","0","0","0","0","0","0","0","0","0","0","0","0","0","0","251"
"0x7a6e0b9aa4e0","      FADD2 R12, R12.F32x2.HI_LO, R80.F32x2.HI_LO","485","248","485","6266880","200540160","200540160","32","32","0","-","-","-","0","0","0","0","0","0","0","2","0","0","0","8","0","0","0","0","48","97","0","0","0","330","0","0","0","0","0","0","0","0","0","0","0","0","0","0","0","0","248"
"0x7a6e0b9aa4f0","      FADD2 R12, R12.F32x2.HI_LO, R60.F32x2.HI_LO","443","216","443","6266880","200540160","200540160","32","32","0","-","-","-","0","0","0","0","0","0","0","2","0","0","0","5","0","0","0","0","52","88","0","0","0","296","0","0","0","0","0","0","0","0","0","0","0","0","0","0","0","0","216"
"0x7a6e0b9aa500","      FADD2 R10, R12.F32x2.HI_LO, R52.F32x2.HI_LO","522","277","522","6266880","200540160","200540160","32","32","0","-","-","-","0","0","0","0","0","0","0","3","0","0","0","12","0","0","0","0","74","99","0","0","0","334","0","0","0","0","0","0","0","0","0","0","0","0","0","0","0","0","277"
"0x7a6e0b9aa510","      FADD2 R12, R8.F32x2.HI_LO, R32.F32x2.HI_LO","221","82","221","6266880","200540160","200540160","32","32","0","-","-","-","0","0","0","0","0","0","0","2","0","0","0","0","0","0","0","0","15","102","0","0","0","102","0","0","2","0","0","0","0","0","0","0","0","0","0","0","0","0","80"
"0x7a6e0b9aa520","      FADD2 R6, R10.F32x2.HI_LO, R50.F32x2.HI_LO","225","72","225","6266880","200540160","200540160","32","32","0","-","-","-","0","0","0","0","0","0","0","1","0","0","0","2","0","0","0","0","31","89","0","0","0","102","0","0","1","0","0","0","0","0","0","0","0","0","0","0","0","0","71"
"0x7a6e0b9aa530","      FADD2 R10, R14.F32x2.HI_LO, R22.F32x2.HI_LO","208","47","208","6266880","200540160","200540160","32","32","0","-","-","-","0","0","0","0","0","0","0","7","0","0","0","2","0","0","0","0","14","106","0","0","0","79","0","0","4","0","0","0","0","0","0","0","0","0","0","0","0","0","43"
"0x7a6e0b9aa540","      FADD2 R6, R6.F32x2.HI_LO, R46.F32x2.HI_LO","212","79","212","6266880","200540160","200540160","32","32","0","-","-","-","0","0","0","0","0","0","0","2","0","0","0","0","0","0","0","0","15","95","0","0","0","100","0","0","0","0","0","0","0","0","0","0","0","0","0","0","0","0","79"
"0x7a6e0b9aa550","      FADD2 R8, R10.F32x2.HI_LO, R30.F32x2.HI_LO","242","80","242","6266880","200540160","200540160","32","32","0","-","-","-","0","0","0","0","0","0","0","5","0","0","0","1","0","0","0","0","28","97","0","0","0","111","0","0","4","0","0","0","0","0","0","0","0","0","0","0","0","0","76"
"0x7a6e0b9aa560","      FADD2 R6, R6.F32x2.HI_LO, R28.F32x2.HI_LO","249","76","249","6266880","200540160","200540160","32","32","0","-","-","-","0","0","0","0","0","0","0","1","0","0","0","1","0","0","0","0","16","108","0","0","0","123","0","0","1","0","0","0","0","0","0","0","0","0","0","0","0","0","75"
"0x7a6e0b9aa570","      FADD2 R4, R12.F32x2.HI_LO, R4.F32x2.HI_LO","225","65","225","6266880","200540160","200540160","32","32","0","-","-","-","0","0","0","0","0","0","0","2","0","0","0","2","0","0","0","0","14","91","0","0","0","116","0","0","2","0","0","0","0","0","0","0","0","0","0","0","0","0","63"
"0x7a6e0b9aa580","      FADD2 R6, R6.F32x2.HI_LO, R8.F32x2.HI_LO","222","63","222","6266880","200540160","200540160","32","32","0","-","-","-","0","0","0","0","0","0","0","1","0","0","0","1","0","0","0","0","10","96","0","0","0","114","0","0","0","0","0","0","0","0","0","0","0","0","0","0","0","0","63"
"0x7a6e0b9aa590","      FADD2 R4, R6.F32x2.HI_LO, R4.F32x2.HI_LO","477","282","477","6266880","200540160","200540160","32","32","0","-","-","-","0","0","0","0","0","0","0","12","0","0","0","2","0","0","0","0","17","109","0","0","0","337","0","0","0","0","0","0","0","0","0","0","0","0","0","0","0","0","282"
"0x7a6e0b9aa5a0","      FADD R139, R4, R5","602","253","602","6266880","200540160","200540160","32","32","0","-","-","-","0","0","0","0","0","0","0","3","0","0","0","2","0","0","0","0","15","99","0","0","0","483","0","0","0","0","0","0","0","0","0","0","0","0","0","0","0","0","253"
"0x7a6e0b9aa5b0","      BRA.U UP0, 0x7a6e0b9a8a20","148","0","148","6266880","200540160","200540160","32","32","0","-","-","-","0","0","0","0","0","0","0","57","0","0","0","0","0","0","0","0","0","91","0","0","0","0","0","0","0","0","0","0","0","0","0","0","0","0","0","0","0","0","0"
"0x7a6e0b9aa5c0","      LDCU UR5, c[0x0][0x370]","485","272","485","24576","786432","786432","32","32","0","-","-","-","0","0","0","0","0","0","9","0","0","0","0","0","0","0","0","0","0","89","0","0","0","387","0","5","0","0","0","0","0","0","0","0","0","0","0","0","0","0","267"
"0x7a6e0b9aa5d0","      STS [R164+0x400], R139","1","0","1","24576","786432","786432","32","32","0","Shared","Store","32","1","0","24576","24576","0","0","0","0","0","0","0","0","0","0","0","0","0","1","0","0","0","0","0","0","0","0","0","0","0","0","0","0","0","0","0","0","0","0","0"
"0x7a6e0b9aa5e0","      UMOV UR4, UR17","0","0","0","24576","786432","786432","32","32","0","-","-","-","0","0","0","0","0","0","0","0","0","0","0","0","0","0","0","0","0","0","0","0","0","0","0","0","0","0","0","0","0","0","0","0","0","0","0","0","0","0","0"
"0x7a6e0b9aa5f0","@!UP1 UIADD3 UR4, UR16, URZ, URZ","0","0","0","24576","786432","393216","32","16","0","-","-","-","0","0","0","0","0","0","0","0","0","0","0","0","0","0","0","0","0","0","0","0","0","0","0","0","0","0","0","0","0","0","0","0","0","0","0","0","0","0","0"
"0x7a6e0b9aa600","      LDCU UR6, c[0x0][0x5ec]","0","0","0","24576","786432","786432","32","32","0","-","-","-","0","0","0","0","0","0","0","0","0","0","0","0","0","0","0","0","0","0","0","0","0","0","0","0","0","0","0","0","0","0","0","0","0","0","0","0","0","0","0"
"0x7a6e0b9aa610","      SYNCS.ARRIVE.TRANS64.ART0 RZ, [UR4+0x90], R172","3","3","3","24576","786432","786432","32","32","0","-","-","-","0","0","0","0","0","0","0","0","0","0","0","0","0","0","0","0","0","0","0","0","0","3","0","0","0","0","0","0","0","0","0","0","0","0","0","0","0","0","3"
"0x7a6e0b9aa620","      UIADD3 UR15, UR5, UR15, URZ","4","2","4","24576","786432","786432","32","32","0","-","-","-","0","0","0","0","0","0","0","0","0","0","0","0","0","0","0","0","0","2","2","0","0","0","0","0","0","0","0","0","0","0","0","0","0","0","0","2","0","0","0"
"0x7a6e0b9aa630","      UISETP.GE.AND UP0, UPT, UR15, UR6, UPT","0","0","0","24576","786432","786432","32","32","0","-","-","-","0","0","0","0","0","0","0","0","0","0","0","0","0","0","0","0","0","0","0","0","0","0","0","0","0","0","0","0","0","0","0","0","0","0","0","0","0","0","0"
"0x7a6e0b9aa640","      BRA.U !UP0, 0x7a6e0b9a5e30","8","6","8","24576","786432","786432","32","32","0","-","-","-","0","0","0","0","0","0","0","0","0","0","0","0","0","0","0","0","0","2","0","0","0","6","0","0","0","0","0","0","0","0","0","0","0","0","0","0","0","0","6"
"0x7a6e0b9aa650","      S2UR UR4, SR_CgaCtaId","3","3","3","1184","37888","37888","32","32","0","-","-","-","0","0","0","0","0","0","0","0","0","0","0","0","0","0","0","0","0","0","0","0","0","3","0","0","0","0","0","0","0","0","0","0","0","0","0","0","0","0","3"
"0x7a6e0b9aa660","      UMOV UR5, 0x400","0","0","0","1184","37888","37888","32","32","0","-","-","-","0","0","0","0","0","0","0","0","0","0","0","0","0","0","0","0","0","0","0","0","0","0","0","0","0","0","0","0","0","0","0","0","0","0","0","0","0","0","0"
"0x7a6e0b9aa670","      HFMA2 R0, -RZ, RZ, 0, 5.9604644775390625e-08","0","0","0","1184","37888","37888","32","32","0","-","-","-","0","0","0","0","0","0","0","0","0","0","0","0","0","0","0","0","0","0","0","0","0","0","0","0","0","0","0","0","0","0","0","0","0","0","0","0","0","0","0"
"0x7a6e0b9aa680","      ULEA UR4, UR4, UR5, 0x18","0","0","0","1184","37888","37888","32","32","0","-","-","-","0","0","0","0","0","0","0","0","0","0","0","0","0","0","0","0","0","0","0","0","0","0","0","0","0","0","0","0","0","0","0","0","0","0","0","0","0","0","0"
"0x7a6e0b9aa690","      SYNCS.ARRIVE.TRANS64.ART0 RZ, [UR4+0x110], R0","1","1","1","1184","37888","37888","32","32","0","-","-","-","0","0","0","0","0","0","0","0","0","0","0","0","0","0","0","0","0","0","0","0","0","1","0","0","0","0","0","0","0","0","0","0","0","0","0","0","0","0","1"
"0x7a6e0b9aa6a0","      S2R R0, SR_TID.X","1","1","1","2368","75776","75776","32","32","0","-","-","-","0","0","0","0","0","0","0","0","0","0","1","0","0","0","0","0","0","0","0","0","0","0","0","0","0","0","0","1","0","0","0","0","0","0","0","0","0","0","0"
"0x7a6e0b9aa6b0","      SHF.R.U32.HI R0, RZ, 0x5, R0","4","4","4","2368","75776","75776","32","32","0","-","-","-","0","0","0","0","0","0","0","0","0","0","0","0","0","0","0","0","0","0","3","0","0","1","0","0","0","0","0","0","0","0","0","0","0","0","0","3","0","0","1"
"0x7a6e0b9aa6c0","      R2UR UR4, R0","0","0","0","2368","75776","75776","32","32","0","-","-","-","0","0","0","0","0","0","0","0","0","0","0","0","0","0","0","0","0","0","0","0","0","0","0","0","0","0","0","0","0","0","0","0","0","0","0","0","0","0","0"
"0x7a6e0b9aa6d0","      ULOP3.LUT UR4, UR4, 0xfffffffc, URZ, 0xc0, !UPT","1","0","1","2368","75776","75776","32","32","0","-","-","-","0","0","0","0","0","0","0","0","0","0","0","0","0","0","0","0","0","0","0","0","0","1","0","0","0","0","0","0","0","0","0","0","0","0","0","0","0","0","0"
"0x7a6e0b9aa6e0","      UISETP.NE.AND UP0, UPT, UR4, 0x8, UPT","0","0","0","2368","75776","75776","32","32","0","-","-","-","0","0","0","0","0","0","0","0","0","0","0","0","0","0","0","0","0","0","0","0","0","0","0","0","0","0","0","0","0","0","0","0","0","0","0","0","0","0","0"
"0x7a6e0b9aa6f0","      PLOP3.LUT P0, PT, PT, PT, UP0, 0x80, 0x8","1","0","1","2368","75776","75776","32","32","0","-","-","-","0","0","0","0","0","0","0","0","0","0","0","0","0","0","0","0","0","0","0","0","0","1","0","0","0","0","0","0","0","0","0","0","0","0","0","0","0","0","0"
"0x7a6e0b9aa700","@P0   EXIT","1","1","1","2368","75776","56832","32","24","0","-","-","-","0","0","0","0","0","0","0","0","0","0","0","0","0","0","0","0","0","0","0","0","0","1","0","0","0","0","0","0","0","0","0","0","0","0","0","0","0","0","1"
"0x7a6e0b9aa710","      NOP","1","1","1","592","18944","18944","32","32","0","-","-","-","0","0","0","0","0","0","0","0","0","0","0","0","0","0","0","0","0","0","0","0","0","1","0","0","0","0","0","0","0","0","0","0","0","0","0","0","0","0","1"
"0x7a6e0b9aa720","      USETMAXREG.DEALLOC.CTAPOOL 0x30","0","0","0","592","18944","18944","32","32","0","-","-","-","0","0","0","0","0","0","0","0","0","0","0","0","0","0","0","0","0","0","0","0","0","0","0","0","0","0","0","0","0","0","0","0","0","0","0","0","0","0","0"
"0x7a6e0b9aa730","      S2UR UR5, SR_CgaCtaId","0","0","0","592","18944","18944","32","32","0","-","-","-","0","0","0","0","0","0","0","0","0","0","0","0","0","0","0","0","0","0","0","0","0","0","0","0","0","0","0","0","0","0","0","0","0","0","0","0","0","0","0"
"0x7a6e0b9aa740","      LDCU UR7, c[0x0][0x390]","0","0","0","592","18944","18944","32","32","0","-","-","-","0","0","0","0","0","0","0","0","0","0","0","0","0","0","0","0","0","0","0","0","0","0","0","0","0","0","0","0","0","0","0","0","0","0","0","0","0","0","0"
"0x7a6e0b9aa750","      MOV R37, 0x1","0","0","0","592","18944","18944","32","32","0","-","-","-","0","0","0","0","0","0","0","0","0","0","0","0","0","0","0","0","0","0","0","0","0","0","0","0","0","0","0","0","0","0","0","0","0","0","0","0","0","0","0"
"0x7a6e0b9aa760","      UMOV UR4, 0x400","0","0","0","592","18944","18944","32","32","0","-","-","-","0","0","0","0","0","0","0","0","0","0","0","0","0","0","0","0","0","0","0","0","0","0","0","0","0","0","0","0","0","0","0","0","0","0","0","0","0","0","0"
"0x7a6e0b9aa770","      LDCU UR9, c[0x0][0x5ec]","0","0","0","592","18944","18944","32","32","0","-","-","-","0","0","0","0","0","0","0","0","0","0","0","0","0","0","0","0","0","0","0","0","0","0","0","0","0","0","0","0","0","0","0","0","0","0","0","0","0","0","0"
"0x7a6e0b9aa780","      S2UR UR12, SR_CTAID.X","0","0","0","592","18944","18944","32","32","0","-","-","-","0","0","0","0","0","0","0","0","0","0","0","0","0","0","0","0","0","0","0","0","0","0","0","0","0","0","0","0","0","0","0","0","0","0","0","0","0","0","0"
"0x7a6e0b9aa790","      UIADD3 UR8, UR7, -0x1, URZ","0","0","0","592","18944","18944","32","32","0","-","-","-","0","0","0","0","0","0","0","0","0","0","0","0","0","0","0","0","0","0","0","0","0","0","0","0","0","0","0","0","0","0","0","0","0","0","0","0","0","0","0"
"0x7a6e0b9aa7a0","      UISETP.GT.AND UP0, UPT, UR7, URZ, UPT","0","0","0","592","18944","18944","32","32","0","-","-","-","0","0","0","0","0","0","0","0","0","0","0","0","0","0","0","0","0","0","0","0","0","0","0","0","0","0","0","0","0","0","0","0","0","0","0","0","0","0","0"
"0x7a6e0b9aa7b0","      USHF.R.S32.HI UR6, URZ, 0x1f, UR8","0","0","0","592","18944","18944","32","32","0","-","-","-","0","0","0","0","0","0","0","0","0","0","0","0","0","0","0","0","0","0","0","0","0","0","0","0","0","0","0","0","0","0","0","0","0","0","0","0","0","0","0"
"0x7a6e0b9aa7c0","      ULEA UR5, UR5, UR4, 0x18","0","0","0","592","18944","18944","32","32","0","-","-","-","0","0","0","0","0","0","0","0","0","0","0","0","0","0","0","0","0","0","0","0","0","0","0","0","0","0","0","0","0","0","0","0","0","0","0","0","0","0","0"
"0x7a6e0b9aa7d0","      UIADD3 UR4, -UR7, URZ, URZ","0","0","0","592","18944","18944","32","32","0","-","-","-","0","0","0","0","0","0","0","0","0","0","0","0","0","0","0","0","0","0","0","0","0","0","0","0","0","0","0","0","0","0","0","0","0","0","0","0","0","0","0"
"0x7a6e0b9aa7e0","      ULEA.HI UR6, UR6, UR8, URZ, 0x7","0","0","0","592","18944","18944","32","32","0","-","-","-","0","0","0","0","0","0","0","0","0","0","0","0","0","0","0","0","0","0","0","0","0","0","0","0","0","0","0","0","0","0","0","0","0","0","0","0","0","0","0"
"0x7a6e0b9aa7f0","      USHF.R.S32.HI UR4, URZ, 0x1f, UR4","0","0","0","592","18944","18944","32","32","0","-","-","-","0","0","0","0","0","0","0","0","0","0","0","0","0","0","0","0","0","0","0","0","0","0","0","0","0","0","0","0","0","0","0","0","0","0","0","0","0","0","0"
"0x7a6e0b9aa800","      USHF.R.S32.HI UR13, URZ, 0x7, UR6","0","0","0","592","18944","18944","32","32","0","-","-","-","0","0","0","0","0","0","0","0","0","0","0","0","0","0","0","0","0","0","0","0","0","0","0","0","0","0","0","0","0","0","0","0","0","0","0","0","0","0","0"
"0x7a6e0b9aa810","      SYNCS.ARRIVE.TRANS64.ART0 RZ, [UR5+0x60], R37","0","0","0","592","18944","18944","32","32","0","-","-","-","0","0","0","0","0","0","0","0","0","0","0","0","0","0","0","0","0","0","0","0","0","0","0","0","0","0","0","0","0","0","0","0","0","0","0","0","0","0","0"
"0x7a6e0b9aa820","      ULEA.HI UR4, UR4, -UR7, URZ, 0x7","0","0","0","592","18944","18944","32","32","0","-","-","-","0","0","0","0","0","0","0","0","0","0","0","0","0","0","0","0","0","0","0","0","0","0","0","0","0","0","0","0","0","0","0","0","0","0","0","0","0","0","0"
"0x7a6e0b9aa830","      USHF.R.S32.HI UR4, URZ, 0x7, UR4","0","0","0","592","18944","18944","32","32","0","-","-","-","0","0","0","0","0","0","0","0","0","0","0","0","0","0","0","0","0","0","0","0","0","0","0","0","0","0","0","0","0","0","0","0","0","0","0","0","0","0","0"
"0x7a6e0b9aa840","      SYNCS.ARRIVE.TRANS64.ART0 RZ, [UR5+0x68], R37","0","0","0","592","18944","18944","32","32","0","-","-","-","0","0","0","0","0","0","0","0","0","0","0","0","0","0","0","0","0","0","0","0","0","0","0","0","0","0","0","0","0","0","0","0","0","0","0","0","0","0","0"
"0x7a6e0b9aa850","@!UP0 ULOP3.LUT UR13, URZ, UR4, URZ, 0x33, !UPT","0","0","0","592","18944","0","32","0","0","-","-","-","0","0","0","0","0","0","0","0","0","0","0","0","0","0","0","0","0","0","0","0","0","0","0","0","0","0","0","0","0","0","0","0","0","0","0","0","0","0","0"
"0x7a6e0b9aa860","      UISETP.GE.AND UP0, UPT, UR12, UR9, UPT","0","0","0","592","18944","18944","32","32","0","-","-","-","0","0","0","0","0","0","0","0","0","0","0","0","0","0","0","0","0","0","0","0","0","0","0","0","0","0","0","0","0","0","0","0","0","0","0","0","0","0","0"
"0x7a6e0b9aa870","      BRA.U UP0, 0x7a6e0b9ad060","0","0","0","592","18944","18944","32","32","0","-","-","-","0","0","0","0","0","0","0","0","0","0","0","0","0","0","0","0","0","0","0","0","0","0","0","0","0","0","0","0","0","0","0","0","0","0","0","0","0","0","0"
"0x7a6e0b9aa880","      S2R R9, SR_TID.X","0","0","0","592","18944","18944","32","32","0","-","-","-","0","0","0","0","0","0","0","0","0","0","0","0","0","0","0","0","0","0","0","0","0","0","0","0","0","0","0","0","0","0","0","0","0","0","0","0","0","0","0"
"0x7a6e0b9aa890","      LDCU UR17, c[0x0][0x370]","0","0","0","592","18944","18944","32","32","0","-","-","-","0","0","0","0","0","0","0","0","0","0","0","0","0","0","0","0","0","0","0","0","0","0","0","0","0","0","0","0","0","0","0","0","0","0","0","0","0","0","0"
"0x7a6e0b9aa8a0","      UIADD3 UR16, -UR13, URZ, URZ","0","0","0","592","18944","18944","32","32","0","-","-","-","0","0","0","0","0","0","0","0","0","0","0","0","0","0","0","0","0","0","0","0","0","0","0","0","0","0","0","0","0","0","0","0","0","0","0","0","0","0","0"
"0x7a6e0b9aa8b0","      UMOV UR11, URZ","0","0","0","592","18944","18944","32","32","0","-","-","-","0","0","0","0","0","0","0","0","0","0","0","0","0","0","0","0","0","0","0","0","0","0","0","0","0","0","0","0","0","0","0","0","0","0","0","0","0","0","0"
"0x7a6e0b9aa8c0","      UMOV UR10, 0x1","0","0","0","592","18944","18944","32","32","0","-","-","-","0","0","0","0","0","0","0","0","0","0","0","0","0","0","0","0","0","0","0","0","0","0","0","0","0","0","0","0","0","0","0","0","0","0","0","0","0","0","0"
"0x7a6e0b9aa8d0","      UMOV UR7, URZ","0","0","0","592","18944","18944","32","32","0","-","-","-","0","0","0","0","0","0","0","0","0","0","0","0","0","0","0","0","0","0","0","0","0","0","0","0","0","0","0","0","0","0","0","0","0","0","0","0","0","0","0"
"0x7a6e0b9aa8e0","      IMAD.SHL.U32 R0, R9, 0x80, RZ","0","0","0","592","18944","18944","32","32","0","-","-","-","0","0","0","0","0","0","0","0","0","0","0","0","0","0","0","0","0","0","0","0","0","0","0","0","0","0","0","0","0","0","0","0","0","0","0","0","0","0","0"
"0x7a6e0b9aa8f0","      LOP3.LUT R5, R9, 0x60, RZ, 0xc0, !PT","0","0","0","592","18944","18944","32","32","0","-","-","-","0","0","0","0","0","0","0","0","0","0","0","0","0","0","0","0","0","0","0","0","0","0","0","0","0","0","0","0","0","0","0","0","0","0","0","0","0","0","0"
"0x7a6e0b9aa900","      IMAD.SHL.U32 R36, R9, 0x4, RZ","0","0","0","592","18944","18944","32","32","0","-","-","-","0","0","0","0","0","0","0","0","0","0","0","0","0","0","0","0","0","0","0","0","0","0","0","0","0","0","0","0","0","0","0","0","0","0","0","0","0","0","0"
"0x7a6e0b9aa910","      SHF.R.U32.HI R5, RZ, 0x5, R5","0","0","0","592","18944","18944","32","32","0","-","-","-","0","0","0","0","0","0","0","0","0","0","0","0","0","0","0","0","0","0","0","0","0","0","0","0","0","0","0","0","0","0","0","0","0","0","0","0","0","0","0"
"0x7a6e0b9aa920","      LOP3.LUT R0, R0, 0xf80, RZ, 0xc0, !PT","0","0","0","592","18944","18944","32","32","0","-","-","-","0","0","0","0","0","0","0","0","0","0","0","0","0","0","0","0","0","0","0","0","0","0","0","0","0","0","0","0","0","0","0","0","0","0","0","0","0","0","0"
"0x7a6e0b9aa930","      R2UR UR4, R5","0","0","0","592","18944","18944","32","32","0","-","-","-","0","0","0","0","0","0","0","0","0","0","0","0","0","0","0","0","0","0","0","0","0","0","0","0","0","0","0","0","0","0","0","0","0","0","0","0","0","0","0"
"0x7a6e0b9aa940","      LOP3.LUT R36, R36, 0x1fc, RZ, 0xc0, !PT","0","0","0","592","18944","18944","32","32","0","-","-","-","0","0","0","0","0","0","0","0","0","0","0","0","0","0","0","0","0","0","0","0","0","0","0","0","0","0","0","0","0","0","0","0","0","0","0","0","0","0","0"
"0x7a6e0b9aa950","      IMAD R0, R5, 0x1000, R0","0","0","0","592","18944","18944","32","32","0","-","-","-","0","0","0","0","0","0","0","0","0","0","0","0","0","0","0","0","0","0","0","0","0","0","0","0","0","0","0","0","0","0","0","0","0","0","0","0","0","0","0"
"0x7a6e0b9aa960","      VIADD R0, R0, UR5","0","0","0","592","18944","18944","32","32","0","-","-","-","0","0","0","0","0","0","0","0","0","0","0","0","0","0","0","0","0","0","0","0","0","0","0","0","0","0","0","0","0","0","0","0","0","0","0","0","0","0","0"
"0x7a6e0b9aa970","      VIADD R3, R0, 0xc00","0","0","0","592","18944","18944","32","32","0","-","-","-","0","0","0","0","0","0","0","0","0","0","0","0","0","0","0","0","0","0","0","0","0","0","0","0","0","0","0","0","0","0","0","0","0","0","0","0","0","0","0"
"0x7a6e0b9aa980","      VIADD R4, R0, 0xc10","0","0","0","592","18944","18944","32","32","0","-","-","-","0","0","0","0","0","0","0","0","0","0","0","0","0","0","0","0","0","0","0","0","0","0","0","0","0","0","0","0","0","0","0","0","0","0","0","0","0","0","0"
"0x7a6e0b9aa990","      USHF.L.U32 UR4, UR4, 0x15, URZ","0","0","0","592","18944","18944","32","32","0","-","-","-","0","0","0","0","0","0","0","0","0","0","0","0","0","0","0","0","0","0","0","0","0","0","0","0","0","0","0","0","0","0","0","0","0","0","0","0","0","0","0"
"0x7a6e0b9aa9a0","      VIADD R5, R0, 0xc20","0","0","0","592","18944","18944","32","32","0","-","-","-","0","0","0","0","0","0","0","0","0","0","0","0","0","0","0","0","0","0","0","0","0","0","0","0","0","0","0","0","0","0","0","0","0","0","0","0","0","0","0"
"0x7a6e0b9aa9b0","      SHF.R.U32.HI R2, RZ, 0x3, R3","0","0","0","592","18944","18944","32","32","0","-","-","-","0","0","0","0","0","0","0","0","0","0","0","0","0","0","0","0","0","0","0","0","0","0","0","0","0","0","0","0","0","0","0","0","0","0","0","0","0","0","0"
"0x7a6e0b9aa9c0","      VIADD R6, R0, 0xc30","0","0","0","592","18944","18944","32","32","0","-","-","-","0","0","0","0","0","0","0","0","0","0","0","0","0","0","0","0","0","0","0","0","0","0","0","0","0","0","0","0","0","0","0","0","0","0","0","0","0","0","0"
"0x7a6e0b9aa9d0","      VIADD R7, R0, 0xc40","0","0","0","592","18944","18944","32","32","0","-","-","-","0","0","0","0","0","0","0","0","0","0","0","0","0","0","0","0","0","0","0","0","0","0","0","0","0","0","0","0","0","0","0","0","0","0","0","0","0","0","0"
"0x7a6e0b9aa9e0","      LOP3.LUT R3, R3, 0x70, R2, 0x78, !PT","0","0","0","592","18944","18944","32","32","0","-","-","-","0","0","0","0","0","0","0","0","0","0","0","0","0","0","0","0","0","0","0","0","0","0","0","0","0","0","0","0","0","0","0","0","0","0","0","0","0","0","0"
"0x7a6e0b9aa9f0","      VIADD R40, R0, 0x8c50","0","0","0","592","18944","18944","32","32","0","-","-","-","0","0","0","0","0","0","0","0","0","0","0","0","0","0","0","0","0","0","0","0","0","0","0","0","0","0","0","0","0","0","0","0","0","0","0","0","0","0","0"
"0x7a6e0b9aaa00","      SHF.R.U32.HI R2, RZ, 0x3, R4","0","0","0","592","18944","18944","32","32","0","-","-","-","0","0","0","0","0","0","0","0","0","0","0","0","0","0","0","0","0","0","0","0","0","0","0","0","0","0","0","0","0","0","0","0","0","0","0","0","0","0","0"
"0x7a6e0b9aaa10","      VIADD R39, R0, 0x8c60","0","0","0","592","18944","18944","32","32","0","-","-","-","0","0","0","0","0","0","0","0","0","0","0","0","0","0","0","0","0","0","0","0","0","0","0","0","0","0","0","0","0","0","0","0","0","0","0","0","0","0","0"
"0x7a6e0b9aaa20","      STL [R1+0x1c], R3","0","0","0","592","18944","18944","32","32","0","Local","Store","32","0","0","0","0","2368","0","0","0","0","0","0","0","0","0","0","0","0","0","0","0","0","0","0","0","0","0","0","0","0","0","0","0","0","0","0","0","0","0","0"
"0x7a6e0b9aaa30","      LOP3.LUT R8, R4, 0x70, R2, 0x78, !PT","0","0","0","592","18944","18944","32","32","0","-","-","-","0","0","0","0","0","0","0","0","0","0","0","0","0","0","0","0","0","0","0","0","0","0","0","0","0","0","0","0","0","0","0","0","0","0","0","0","0","0","0"
"0x7a6e0b9aaa40","      SHF.R.U32.HI R2, RZ, 0x3, R6","0","0","0","592","18944","18944","32","32","0","-","-","-","0","0","0","0","0","0","0","0","0","0","0","0","0","0","0","0","0","0","0","0","0","0","0","0","0","0","0","0","0","0","0","0","0","0","0","0","0","0","0"
"0x7a6e0b9aaa50","      SHF.R.U32.HI R4, RZ, 0x3, R7","0","0","0","592","18944","18944","32","32","0","-","-","-","0","0","0","0","0","0","0","0","0","0","0","0","0","0","0","0","0","0","0","0","0","0","0","0","0","0","0","0","0","0","0","0","0","0","0","0","0","0","0"
"0x7a6e0b9aaa60","      STL [R1+0x18], R8","0","0","0","592","18944","18944","32","32","0","Local","Store","32","0","0","0","0","2368","0","0","0","0","0","0","0","0","0","0","0","0","0","0","0","0","0","0","0","0","0","0","0","0","0","0","0","0","0","0","0","0","0","0"
"0x7a6e0b9aaa70","      LOP3.LUT R2, R6, 0x70, R2, 0x78, !PT","0","0","0","592","18944","18944","32","32","0","-","-","-","0","0","0","0","0","0","0","0","0","0","0","0","0","0","0","0","0","0","0","0","0","0","0","0","0","0","0","0","0","0","0","0","0","0","0","0","0","0","0"
"0x7a6e0b9aaa80","      VIADD R6, R0, 0x8c00","0","0","0","592","18944","18944","32","32","0","-","-","-","0","0","0","0","0","0","0","0","0","0","0","0","0","0","0","0","0","0","0","0","0","0","0","0","0","0","0","0","0","0","0","0","0","0","0","0","0","0","0"
"0x7a6e0b9aaa90","      SHF.R.U32.HI R45, RZ, 0x3, R6","0","0","0","592","18944","18944","32","32","0","-","-","-","0","0","0","0","0","0","0","0","0","0","0","0","0","0","0","0","0","0","0","0","0","0","0","0","0","0","0","0","0","0","0","0","0","0","0","0","0","0","0"
"0x7a6e0b9aaaa0","      LOP3.LUT R45, R6, 0x70, R45, 0x78, !PT","0","0","0","592","18944","18944","32","32","0","-","-","-","0","0","0","0","0","0","0","0","0","0","0","0","0","0","0","0","0","0","0","0","0","0","0","0","0","0","0","0","0","0","0","0","0","0","0","0","0","0","0"
"0x7a6e0b9aaab0","      SHF.R.U32.HI R3, RZ, 0x3, R5","0","0","0","592","18944","18944","32","32","0","-","-","-","0","0","0","0","0","0","0","0","0","0","0","0","0","0","0","0","0","0","0","0","0","0","0","0","0","0","0","0","0","0","0","0","0","0","0","0","0","0","0"
"0x7a6e0b9aaac0","      LOP3.LUT R3, R5, 0x70, R3, 0x78, !PT","0","0","0","592","18944","18944","32","32","0","-","-","-","0","0","0","0","0","0","0","0","0","0","0","0","0","0","0","0","0","0","0","0","0","0","0","0","0","0","0","0","0","0","0","0","0","0","0","0","0","0","0"
"0x7a6e0b9aaad0","      VIADD R5, R0, 0xc70","0","0","0","592","18944","18944","32","32","0","-","-","-","0","0","0","0","0","0","0","0","0","0","0","0","0","0","0","0","0","0","0","0","0","0","0","0","0","0","0","0","0","0","0","0","0","0","0","0","0","0","0"
"0x7a6e0b9aaae0","      VIADD R8, R0, 0xc50","0","0","0","592","18944","18944","32","32","0","-","-","-","0","0","0","0","0","0","0","0","0","0","0","0","0","0","0","0","0","0","0","0","0","0","0","0","0","0","0","0","0","0","0","0","0","0","0","0","0","0","0"
"0x7a6e0b9aaaf0","      STL [R1+0x14], R3","0","0","0","592","18944","18944","32","32","0","Local","Store","32","0","0","0","0","2368","0","0","0","0","0","0","0","0","0","0","0","0","0","0","0","0","0","0","0","0","0","0","0","0","0","0","0","0","0","0","0","0","0","0"
"0x7a6e0b9aab00","      STL [R1+0x10], R2","0","0","0","592","18944","18944","32","32","0","Local","Store","32","0","0","0","0","2368","0","0","0","0","0","0","0","0","0","0","0","0","0","0","0","0","0","0","0","0","0","0","0","0","0","0","0","0","0","0","0","0","0","0"
"0x7a6e0b9aab10","      LOP3.LUT R3, R7, 0x70, R4, 0x78, !PT","0","0","0","592","18944","18944","32","32","0","-","-","-","0","0","0","0","0","0","0","0","0","0","0","0","0","0","0","0","0","0","0","0","0","0","0","0","0","0","0","0","0","0","0","0","0","0","0","0","0","0","0"
"0x7a6e0b9aab20","      VIADD R4, R0, 0xc60","0","0","0","592","18944","18944","32","32","0","-","-","-","0","0","0","0","0","0","0","0","0","0","0","0","0","0","0","0","0","0","0","0","0","0","0","0","0","0","0","0","0","0","0","0","0","0","0","0","0","0","0"
"0x7a6e0b9aab30","      SHF.R.U32.HI R2, RZ, 0x3, R8","0","0","0","592","18944","18944","32","32","0","-","-","-","0","0","0","0","0","0","0","0","0","0","0","0","0","0","0","0","0","0","0","0","0","0","0","0","0","0","0","0","0","0","0","0","0","0","0","0","0","0","0"
"0x7a6e0b9aab40","      STL [R1+0xc], R3","0","0","0","592","18944","18944","32","32","0","Local","Store","32","0","0","0","0","2368","0","0","0","0","0","0","0","0","0","0","0","0","0","0","0","0","0","0","0","0","0","0","0","0","0","0","0","0","0","0","0","0","0","0"
"0x7a6e0b9aab50","      LOP3.LUT R7, R8, 0x70, R2, 0x78, !PT","0","0","0","592","18944","18944","32","32","0","-","-","-","0","0","0","0","0","0","0","0","0","0","0","0","0","0","0","0","0","0","0","0","0","0","0","0","0","0","0","0","0","0","0","0","0","0","0","0","0","0","0"
"0x7a6e0b9aab60","      SHF.R.U32.HI R2, RZ, 0x3, R5","0","0","0","592","18944","18944","32","32","0","-","-","-","0","0","0","0","0","0","0","0","0","0","0","0","0","0","0","0","0","0","0","0","0","0","0","0","0","0","0","0","0","0","0","0","0","0","0","0","0","0","0"
"0x7a6e0b9aab70","      STL [R1+0x8], R7","0","0","0","592","18944","18944","32","32","0","Local","Store","32","0","0","0","0","2368","0","0","0","0","0","0","0","0","0","0","0","0","0","0","0","0","0","0","0","0","0","0","0","0","0","0","0","0","0","0","0","0","0","0"
"0x7a6e0b9aab80","      SHF.R.U32.HI R3, RZ, 0x3, R4","0","0","0","592","18944","18944","32","32","0","-","-","-","0","0","0","0","0","0","0","0","0","0","0","0","0","0","0","0","0","0","0","0","0","0","0","0","0","0","0","0","0","0","0","0","0","0","0","0","0","0","0"
"0x7a6e0b9aab90","      LOP3.LUT R7, R4, 0x70, R3, 0x78, !PT","0","0","0","592","18944","18944","32","32","0","-","-","-","0","0","0","0","0","0","0","0","0","0","0","0","0","0","0","0","0","0","0","0","0","0","0","0","0","0","0","0","0","0","0","0","0","0","0","0","0","0","0"
"0x7a6e0b9aaba0","      VIADD R3, R0, 0x8c10","0","0","0","592","18944","18944","32","32","0","-","-","-","0","0","0","0","0","0","0","0","0","0","0","0","0","0","0","0","0","0","0","0","0","0","0","0","0","0","0","0","0","0","0","0","0","0","0","0","0","0","0"
"0x7a6e0b9aabb0","      LOP3.LUT R4, R5, 0x70, R2, 0x78, !PT","0","0","0","592","18944","18944","32","32","0","-","-","-","0","0","0","0","0","0","0","0","0","0","0","0","0","0","0","0","0","0","0","0","0","0","0","0","0","0","0","0","0","0","0","0","0","0","0","0","0","0","0"
"0x7a6e0b9aabc0","      VIADD R2, R0, 0x8c20","0","0","0","592","18944","18944","32","32","0","-","-","-","0","0","0","0","0","0","0","0","0","0","0","0","0","0","0","0","0","0","0","0","0","0","0","0","0","0","0","0","0","0","0","0","0","0","0","0","0","0","0"
"0x7a6e0b9aabd0","      STL [R1+0x4], R7","0","0","0","592","18944","18944","32","32","0","Local","Store","32","0","0","0","0","2368","0","0","0","0","0","0","0","0","0","0","0","0","0","0","0","0","0","0","0","0","0","0","0","0","0","0","0","0","0","0","0","0","0","0"
"0x7a6e0b9aabe0","      VIADD R5, R0, 0x8c40","0","0","0","592","18944","18944","32","32","0","-","-","-","0","0","0","0","0","0","0","0","0","0","0","0","0","0","0","0","0","0","0","0","0","0","0","0","0","0","0","0","0","0","0","0","0","0","0","0","0","0","0"
"0x7a6e0b9aabf0","      SHF.R.U32.HI R44, RZ, 0x3, R3","0","0","0","592","18944","18944","32","32","0","-","-","-","0","0","0","0","0","0","0","0","0","0","0","0","0","0","0","0","0","0","0","0","0","0","0","0","0","0","0","0","0","0","0","0","0","0","0","0","0","0","0"
"0x7a6e0b9aac00","      STL [R1], R4","0","0","0","592","18944","18944","32","32","0","Local","Store","32","0","0","0","0","2368","0","0","0","0","0","0","0","0","0","0","0","0","0","0","0","0","0","0","0","0","0","0","0","0","0","0","0","0","0","0","0","0","0","0"
"0x7a6e0b9aac10","      SHF.R.U32.HI R43, RZ, 0x3, R2","0","0","0","592","18944","18944","32","32","0","-","-","-","0","0","0","0","0","0","0","0","0","0","0","0","0","0","0","0","0","0","0","0","0","0","0","0","0","0","0","0","0","0","0","0","0","0","0","0","0","0","0"
"0x7a6e0b9aac20","      LOP3.LUT R44, R3, 0x70, R44, 0x78, !PT","0","0","0","592","18944","18944","32","32","0","-","-","-","0","0","0","0","0","0","0","0","0","0","0","0","0","0","0","0","0","0","0","0","0","0","0","0","0","0","0","0","0","0","0","0","0","0","0","0","0","0","0"
"0x7a6e0b9aac30","      LOP3.LUT R43, R2, 0x70, R43, 0x78, !PT","0","0","0","592","18944","18944","32","32","0","-","-","-","0","0","0","0","0","0","0","0","0","0","0","0","0","0","0","0","0","0","0","0","0","0","0","0","0","0","0","0","0","0","0","0","0","0","0","0","0","0","0"
"0x7a6e0b9aac40","      SHF.R.U32.HI R41, RZ, 0x3, R5","0","0","0","592","18944","18944","32","32","0","-","-","-","0","0","0","0","0","0","0","0","0","0","0","0","0","0","0","0","0","0","0","0","0","0","0","0","0","0","0","0","0","0","0","0","0","0","0","0","0","0","0"
"0x7a6e0b9aac50","      SHF.R.U32.HI R2, RZ, 0x3, R40","0","0","0","592","18944","18944","32","32","0","-","-","-","0","0","0","0","0","0","0","0","0","0","0","0","0","0","0","0","0","0","0","0","0","0","0","0","0","0","0","0","0","0","0","0","0","0","0","0","0","0","0"
"0x7a6e0b9aac60","      SHF.R.U32.HI R3, RZ, 0x3, R39","0","0","0","592","18944","18944","32","32","0","-","-","-","0","0","0","0","0","0","0","0","0","0","0","0","0","0","0","0","0","0","0","0","0","0","0","0","0","0","0","0","0","0","0","0","0","0","0","0","0","0","0"
"0x7a6e0b9aac70","      LOP3.LUT R41, R5, 0x70, R41, 0x78, !PT","0","0","0","592","18944","18944","32","32","0","-","-","-","0","0","0","0","0","0","0","0","0","0","0","0","0","0","0","0","0","0","0","0","0","0","0","0","0","0","0","0","0","0","0","0","0","0","0","0","0","0","0"
"0x7a6e0b9aac80","      LOP3.LUT R40, R40, 0x70, R2, 0x78, !PT","0","0","0","592","18944","18944","32","32","0","-","-","-","0","0","0","0","0","0","0","0","0","0","0","0","0","0","0","0","0","0","0","0","0","0","0","0","0","0","0","0","0","0","0","0","0","0","0","0","0","0","0"
"0x7a6e0b9aac90","      LOP3.LUT R39, R39, 0x70, R3, 0x78, !PT","0","0","0","592","18944","18944","32","32","0","-","-","-","0","0","0","0","0","0","0","0","0","0","0","0","0","0","0","0","0","0","0","0","0","0","0","0","0","0","0","0","0","0","0","0","0","0","0","0","0","0","0"
"0x7a6e0b9aaca0","      VIADD R4, R0, 0x8c30","0","0","0","592","18944","18944","32","32","0","-","-","-","0","0","0","0","0","0","0","0","0","0","0","0","0","0","0","0","0","0","0","0","0","0","0","0","0","0","0","0","0","0","0","0","0","0","0","0","0","0","0"
"0x7a6e0b9aacb0","      VIADD R0, R0, 0x8c70","0","0","0","592","18944","18944","32","32","0","-","-","-","0","0","0","0","0","0","0","0","0","0","0","0","0","0","0","0","0","0","0","0","0","0","0","0","0","0","0","0","0","0","0","0","0","0","0","0","0","0","0"
"0x7a6e0b9aacc0","      SHF.R.U32.HI R42, RZ, 0x3, R4","0","0","0","592","18944","18944","32","32","0","-","-","-","0","0","0","0","0","0","0","0","0","0","0","0","0","0","0","0","0","0","0","0","0","0","0","0","0","0","0","0","0","0","0","0","0","0","0","0","0","0","0"
"0x7a6e0b9aacd0","      SHF.R.U32.HI R38, RZ, 0x3, R0","0","0","0","592","18944","18944","32","32","0","-","-","-","0","0","0","0","0","0","0","0","0","0","0","0","0","0","0","0","0","0","0","0","0","0","0","0","0","0","0","0","0","0","0","0","0","0","0","0","0","0","0"
"0x7a6e0b9aace0","      LOP3.LUT R42, R4, 0x70, R42, 0x78, !PT","0","0","0","592","18944","18944","32","32","0","-","-","-","0","0","0","0","0","0","0","0","0","0","0","0","0","0","0","0","0","0","0","0","0","0","0","0","0","0","0","0","0","0","0","0","0","0","0","0","0","0","0"
"0x7a6e0b9aacf0","      LOP3.LUT R38, R0, 0x70, R38, 0x78, !PT","0","0","0","592","18944","18944","32","32","0","-","-","-","0","0","0","0","0","0","0","0","0","0","0","0","0","0","0","0","0","0","0","0","0","0","0","0","0","0","0","0","0","0","0","0","0","0","0","0","0","0","0"
"0x7a6e0b9aad00","      USHF.L.U32 UR8, UR7, 0x1f, URZ","5","4","5","12288","393216","393216","32","32","0","-","-","-","0","0","0","0","0","0","0","0","0","0","0","0","0","0","0","5","0","0","0","0","0","0","0","0","0","0","0","0","0","0","0","0","4","0","0","0","0","0","0"
"0x7a6e0b9aad10","      MOV R0, UR8","3","3","3","12288","393216","393216","32","32","0","-","-","-","0","0","0","0","0","0","0","0","0","0","0","1","0","0","0","0","0","0","0","0","0","2","0","0","0","0","0","0","1","0","0","0","0","0","0","0","0","0","2"
"0x7a6e0b9aad20","      SYNCS.PHASECHK.TRANS64.TRYWAIT P0, [UR5+0x90], R0","2","1","2","12288","393216","393216","32","32","0","-","-","-","0","0","0","0","0","0","0","0","0","0","0","0","0","0","0","0","0","1","0","0","0","1","0","0","0","0","0","0","0","0","0","0","0","0","0","0","0","0","1"
"0x7a6e0b9aad30","@!P0  BRA 0x7a6e0b9ae010","518","324","518","12288","393216","392800","32","31","0","-","-","-","0","0","0","0","0","0","0","0","0","0","518","0","0","0","0","0","0","0","0","0","0","0","0","0","0","0","0","324","0","0","0","0","0","0","0","0","0","0","0"
"0x7a6e0b9aad40","      SYNCS.ARRIVE.TRANS64.ART0 RZ, [UR5+0xa0], R37","6","1","6","12288","393216","393216","32","32","0","-","-","-","0","0","0","0","0","0","0","0","0","0","0","0","0","0","0","0","0","1","0","0","0","5","0","0","0","0","0","0","0","0","0","0","0","0","0","0","0","0","1"
"0x7a6e0b9aad50","      ULOP3.LUT UR6, UR7, 0x1, URZ, 0x3c, !UPT","0","0","0","12288","393216","393216","32","32","0","-","-","-","0","0","0","0","0","0","0","0","0","0","0","0","0","0","0","0","0","0","0","0","0","0","0","0","0","0","0","0","0","0","0","0","0","0","0","0","0","0","0"
"0x7a6e0b9aad60","      UISETP.GE.AND UP0, UPT, UR13, 0x1, UPT","0","0","0","12288","393216","393216","32","32","0","-","-","-","0","0","0","0","0","0","0","0","0","0","0","0","0","0","0","0","0","0","0","0","0","0","0","0","0","0","0","0","0","0","0","0","0","0","0","0","0","0","0"
"0x7a6e0b9aad70","      SYNCS.PHASECHK.TRANS64.TRYWAIT P0, [UR5+0x98], R0","0","0","0","12288","393216","393216","32","32","0","-","-","-","0","0","0","0","0","0","0","0","0","0","0","0","0","0","0","0","0","0","0","0","0","0","0","0","0","0","0","0","0","0","0","0","0","0","0","0","0","0","0"
"0x7a6e0b9aad80","@!P0  BRA 0x7a6e0b9ae090","282","166","282","12288","393216","393216","32","32","0","-","-","-","0","0","0","0","0","0","0","0","0","0","281","0","0","0","0","0","0","1","0","0","0","0","0","0","0","0","0","166","0","0","0","0","0","0","0","0","0","0","0"
"0x7a6e0b9aad90","      BRA.U !UP0, 0x7a6e0b9ab980","2","0","2","12288","393216","393216","32","32","0","-","-","-","0","0","0","0","0","0","0","0","0","0","0","0","0","0","0","0","1","1","0","0","0","0","0","0","0","0","0","0","0","0","0","0","0","0","0","0","0","0","0"
"0x7a6e0b9aada0","      UMOV UR8, UR16","2","0","2","12288","393216","393216","32","32","0","-","-","-","0","0","0","0","0","0","0","0","0","0","0","0","0","0","0","0","0","0","0","0","0","2","0","0","0","0","0","0","0","0","0","0","0","0","0","0","0","0","0"
"0x7a6e0b9aadb0","      USHF.L.U32 UR7, UR6, 0x1f, URZ","1253","833","1253","3133440","100270080","100270080","32","32","0","-","-","-","0","0","0","0","0","0","151","0","0","0","0","4","0","0","0","970","13","0","0","0","0","115","0","106","0","0","0","0","4","0","0","0","646","0","0","0","0","0","77"
"0x7a6e0b9aadc0","      MOV R0, UR7","343","208","343","3133440","100270080","100270080","32","32","0","-","-","-","0","0","0","0","0","0","0","0","0","0","0","10","0","0","0","0","9","54","0","0","0","270","0","0","0","0","0","0","8","0","0","0","0","0","0","0","0","0","200"
"0x7a6e0b9aadd0","      UMOV UR7, UR6","55","0","55","3133440","100270080","100270080","32","32","0","-","-","-","0","0","0","0","0","0","0","0","0","0","0","0","0","0","0","0","0","55","0","0","0","0","0","0","0","0","0","0","0","0","0","0","0","0","0","0","0","0","0"
"0x7a6e0b9aade0","      SYNCS.PHASECHK.TRANS64.TRYWAIT P0, [UR5+0x90], R0","141","53","141","3133440","100270080","100270080","32","32","0","-","-","-","0","0","0","0","0","0","0","0","0","0","0","0","0","0","0","0","9","43","0","0","0","89","0","0","0","0","0","0","0","0","0","0","0","0","0","0","0","0","53"
"0x7a6e0b9aadf0","@!P0  BRA 0x7a6e0b9ae110","71002","44803","71002","3133440","100270080","100055232","32","31","0","-","-","-","0","0","0","0","0","0","0","0","0","0","70892","0","0","0","0","0","2","51","0","0","0","57","0","0","0","0","0","44773","0","0","0","0","0","0","0","0","0","0","30"
"0x7a6e0b9aae00","      LDS R0, [R36+UR5+0x400]","239","148","239","3133440","100270080","100270080","32","32","0","Shared","Load","32","1","0","3133440","3133440","0","0","0","0","0","0","0","0","0","0","0","0","0","57","0","0","0","182","0","0","0","0","0","0","0","0","0","0","0","0","0","0","0","0","148"
"0x7a6e0b9aae10","      USHF.L.U32 UR6, UR7, 0x1f, URZ","48","0","48","3133440","100270080","100270080","32","32","0","-","-","-","0","0","0","0","0","0","0","0","0","0","0","0","0","0","0","0","0","48","0","0","0","0","0","0","0","0","0","0","0","0","0","0","0","0","0","0","0","0","0"
"0x7a6e0b9aae20","      FSETP.GEU.AND P0, PT, R0, 1, PT","1135","957","1135","3133440","100270080","100270080","32","32","0","-","-","-","0","0","0","0","0","0","0","0","0","0","0","0","0","0","0","0","0","40","1095","0","0","0","0","0","0","0","0","0","0","0","0","0","0","0","0","957","0","0","0"
"0x7a6e0b9aae30","      VOTE.ANY R2, PT, !P0","702","558","702","3133440","100270080","100270080","32","32","0","-","-","-","0","0","0","0","0","0","0","0","0","0","0","1","0","0","0","0","1","44","0","0","0","656","0","0","0","0","0","0","0","0","0","0","0","0","0","0","0","0","558"
"0x7a6e0b9aae40","      ISETP.NE.AND P0, PT, R2, RZ, PT","213","148","213","3133440","100270080","100270080","32","32","0","-","-","-","0","0","0","0","0","0","0","0","0","0","0","0","0","0","0","0","2","49","0","0","0","162","0","0","0","0","0","0","0","0","0","0","0","0","0","0","0","0","148"
"0x7a6e0b9aae50","      IMAD.U32 R2, RZ, RZ, UR6","55","0","55","3133440","100270080","100270080","32","32","0","-","-","-","0","0","0","0","0","0","0","0","0","0","0","0","0","0","0","0","0","55","0","0","0","0","0","0","0","0","0","0","0","0","0","0","0","0","0","0","0","0","0"
"0x7a6e0b9aae60","@!P0  BRA 0x7a6e0b9ab380","598","459","598","3133440","100270080","100270080","32","32","0","-","-","-","0","0","0","0","0","0","0","0","0","0","0","0","0","0","0","0","1","54","0","0","0","543","0","0","0","0","0","0","0","0","0","0","0","0","0","0","0","0","459"
"0x7a6e0b9aae70","      LDTM.x16 R20, tmem[UR4+0x100]","228","149","228","0","0","0","0","0","0","","","-","0","0","0","0","0","0","0","0","0","0","0","0","0","0","0","0","0","41","0","0","0","187","0","0","0","0","0","0","0","0","0","0","0","0","0","0","0","0","149"
"0x7a6e0b9aae80","      FMUL2 R20, R20.F32x2.HI_LO, R0.F32","0","0","0","0","0","0","0","0","0","-","-","-","0","0","0","0","0","0","0","0","0","0","0","0","0","0","0","0","0","0","0","0","0","0","0","0","0","0","0","0","0","0","0","0","0","0","0","0","0","0","0"
"0x7a6e0b9aae90","      FMUL2 R22, R22.F32x2.HI_LO, R0.F32","0","0","0","0","0","0","0","0","0","-","-","-","0","0","0","0","0","0","0","0","0","0","0","0","0","0","0","0","0","0","0","0","0","0","0","0","0","0","0","0","0","0","0","0","0","0","0","0","0","0","0"
"0x7a6e0b9aaea0","      FMUL2 R24, R24.F32x2.HI_LO, R0.F32","0","0","0","0","0","0","0","0","0","-","-","-","0","0","0","0","0","0","0","0","0","0","0","0","0","0","0","0","0","0","0","0","0","0","0","0","0","0","0","0","0","0","0","0","0","0","0","0","0","0","0"
"0x7a6e0b9aaeb0","      FMUL2 R26, R26.F32x2.HI_LO, R0.F32","0","0","0","0","0","0","0","0","0","-","-","-","0","0","0","0","0","0","0","0","0","0","0","0","0","0","0","0","0","0","0","0","0","0","0","0","0","0","0","0","0","0","0","0","0","0","0","0","0","0","0"
"0x7a6e0b9aaec0","      FMUL2 R28, R28.F32x2.HI_LO, R0.F32","0","0","0","0","0","0","0","0","0","-","-","-","0","0","0","0","0","0","0","0","0","0","0","0","0","0","0","0","0","0","0","0","0","0","0","0","0","0","0","0","0","0","0","0","0","0","0","0","0","0","0"
"0x7a6e0b9aaed0","      FMUL2 R30, R30.F32x2.HI_LO, R0.F32","0","0","0","0","0","0","0","0","0","-","-","-","0","0","0","0","0","0","0","0","0","0","0","0","0","0","0","0","0","0","0","0","0","0","0","0","0","0","0","0","0","0","0","0","0","0","0","0","0","0","0"
"0x7a6e0b9aaee0","      FMUL2 R32, R32.F32x2.HI_LO, R0.F32","0","0","0","0","0","0","0","0","0","-","-","-","0","0","0","0","0","0","0","0","0","0","0","0","0","0","0","0","0","0","0","0","0","0","0","0","0","0","0","0","0","0","0","0","0","0","0","0","0","0","0"
"0x7a6e0b9aaef0","      FMUL2 R34, R34.F32x2.HI_LO, R0.F32","0","0","0","0","0","0","0","0","0","-","-","-","0","0","0","0","0","0","0","0","0","0","0","0","0","0","0","0","0","0","0","0","0","0","0","0","0","0","0","0","0","0","0","0","0","0","0","0","0","0","0"
"0x7a6e0b9aaf00","      STTM.x16 tmem[UR4+0x100], R20","0","0","0","0","0","0","0","0","0","","","-","0","0","0","0","0","0","0","0","0","0","0","0","0","0","0","0","0","0","0","0","0","0","0","0","0","0","0","0","0","0","0","0","0","0","0","0","0","0","0"
"0x7a6e0b9aaf10","      LDTM.x16 R4, tmem[UR4+0x110]","0","0","0","0","0","0","0","0","0","","","-","0","0","0","0","0","0","0","0","0","0","0","0","0","0","0","0","0","0","0","0","0","0","0","0","0","0","0","0","0","0","0","0","0","0","0","0","0","0","0"
"0x7a6e0b9aaf20","      FMUL2 R4, R4.F32x2.HI_LO, R0.F32","0","0","0","0","0","0","0","0","0","-","-","-","0","0","0","0","0","0","0","0","0","0","0","0","0","0","0","0","0","0","0","0","0","0","0","0","0","0","0","0","0","0","0","0","0","0","0","0","0","0","0"
"0x7a6e0b9aaf30","      FMUL2 R6, R6.F32x2.HI_LO, R0.F32","0","0","0","0","0","0","0","0","0","-","-","-","0","0","0","0","0","0","0","0","0","0","0","0","0","0","0","0","0","0","0","0","0","0","0","0","0","0","0","0","0","0","0","0","0","0","0","0","0","0","0"
"0x7a6e0b9aaf40","      FMUL2 R8, R8.F32x2.HI_LO, R0.F32","0","0","0","0","0","0","0","0","0","-","-","-","0","0","0","0","0","0","0","0","0","0","0","0","0","0","0","0","0","0","0","0","0","0","0","0","0","0","0","0","0","0","0","0","0","0","0","0","0","0","0"
"0x7a6e0b9aaf50","      FMUL2 R10, R10.F32x2.HI_LO, R0.F32","0","0","0","0","0","0","0","0","0","-","-","-","0","0","0","0","0","0","0","0","0","0","0","0","0","0","0","0","0","0","0","0","0","0","0","0","0","0","0","0","0","0","0","0","0","0","0","0","0","0","0"
"0x7a6e0b9aaf60","      FMUL2 R12, R12.F32x2.HI_LO, R0.F32","0","0","0","0","0","0","0","0","0","-","-","-","0","0","0","0","0","0","0","0","0","0","0","0","0","0","0","0","0","0","0","0","0","0","0","0","0","0","0","0","0","0","0","0","0","0","0","0","0","0","0"
"0x7a6e0b9aaf70","      FMUL2 R14, R14.F32x2.HI_LO, R0.F32","0","0","0","0","0","0","0","0","0","-","-","-","0","0","0","0","0","0","0","0","0","0","0","0","0","0","0","0","0","0","0","0","0","0","0","0","0","0","0","0","0","0","0","0","0","0","0","0","0","0","0"
"0x7a6e0b9aaf80","      FMUL2 R16, R16.F32x2.HI_LO, R0.F32","0","0","0","0","0","0","0","0","0","-","-","-","0","0","0","0","0","0","0","0","0","0","0","0","0","0","0","0","0","0","0","0","0","0","0","0","0","0","0","0","0","0","0","0","0","0","0","0","0","0","0"
"0x7a6e0b9aaf90","      FMUL2 R18, R18.F32x2.HI_LO, R0.F32","0","0","0","0","0","0","0","0","0","-","-","-","0","0","0","0","0","0","0","0","0","0","0","0","0","0","0","0","0","0","0","0","0","0","0","0","0","0","0","0","0","0","0","0","0","0","0","0","0","0","0"
"0x7a6e0b9aafa0","      STTM.x16 tmem[UR4+0x110], R4","0","0","0","0","0","0","0","0","0","","","-","0","0","0","0","0","0","0","0","0","0","0","0","0","0","0","0","0","0","0","0","0","0","0","0","0","0","0","0","0","0","0","0","0","0","0","0","0","0","0"
"0x7a6e0b9aafb0","      LDTM.x16 R20, tmem[UR4+0x120]","0","0","0","0","0","0","0","0","0","","","-","0","0","0","0","0","0","0","0","0","0","0","0","0","0","0","0","0","0","0","0","0","0","0","0","0","0","0","0","0","0","0","0","0","0","0","0","0","0","0"
"0x7a6e0b9aafc0","      FMUL2 R20, R20.F32x2.HI_LO, R0.F32","0","0","0","0","0","0","0","0","0","-","-","-","0","0","0","0","0","0","0","0","0","0","0","0","0","0","0","0","0","0","0","0","0","0","0","0","0","0","0","0","0","0","0","0","0","0","0","0","0","0","0"
"0x7a6e0b9aafd0","      FMUL2 R22, R22.F32x2.HI_LO, R0.F32","0","0","0","0","0","0","0","0","0","-","-","-","0","0","0","0","0","0","0","0","0","0","0","0","0","0","0","0","0","0","0","0","0","0","0","0","0","0","0","0","0","0","0","0","0","0","0","0","0","0","0"
"0x7a6e0b9aafe0","      FMUL2 R24, R24.F32x2.HI_LO, R0.F32","0","0","0","0","0","0","0","0","0","-","-","-","0","0","0","0","0","0","0","0","0","0","0","0","0","0","0","0","0","0","0","0","0","0","0","0","0","0","0","0","0","0","0","0","0","0","0","0","0","0","0"
"0x7a6e0b9aaff0","      FMUL2 R26, R26.F32x2.HI_LO, R0.F32","0","0","0","0","0","0","0","0","0","-","-","-","0","0","0","0","0","0","0","0","0","0","0","0","0","0","0","0","0","0","0","0","0","0","0","0","0","0","0","0","0","0","0","0","0","0","0","0","0","0","0"
"0x7a6e0b9ab000","      FMUL2 R28, R28.F32x2.HI_LO, R0.F32","0","0","0","0","0","0","0","0","0","-","-","-","0","0","0","0","0","0","0","0","0","0","0","0","0","0","0","0","0","0","0","0","0","0","0","0","0","0","0","0","0","0","0","0","0","0","0","0","0","0","0"
"0x7a6e0b9ab010","      FMUL2 R30, R30.F32x2.HI_LO, R0.F32","0","0","0","0","0","0","0","0","0","-","-","-","0","0","0","0","0","0","0","0","0","0","0","0","0","0","0","0","0","0","0","0","0","0","0","0","0","0","0","0","0","0","0","0","0","0","0","0","0","0","0"
"0x7a6e0b9ab020","      FMUL2 R32, R32.F32x2.HI_LO, R0.F32","0","0","0","0","0","0","0","0","0","-","-","-","0","0","0","0","0","0","0","0","0","0","0","0","0","0","0","0","0","0","0","0","0","0","0","0","0","0","0","0","0","0","0","0","0","0","0","0","0","0","0"
"0x7a6e0b9ab030","      FMUL2 R34, R34.F32x2.HI_LO, R0.F32","0","0","0","0","0","0","0","0","0","-","-","-","0","0","0","0","0","0","0","0","0","0","0","0","0","0","0","0","0","0","0","0","0","0","0","0","0","0","0","0","0","0","0","0","0","0","0","0","0","0","0"
"0x7a6e0b9ab040","      STTM.x16 tmem[UR4+0x120], R20","0","0","0","0","0","0","0","0","0","","","-","0","0","0","0","0","0","0","0","0","0","0","0","0","0","0","0","0","0","0","0","0","0","0","0","0","0","0","0","0","0","0","0","0","0","0","0","0","0","0"
"0x7a6e0b9ab050","      LDTM.x16 R4, tmem[UR4+0x130]","0","0","0","0","0","0","0","0","0","","","-","0","0","0","0","0","0","0","0","0","0","0","0","0","0","0","0","0","0","0","0","0","0","0","0","0","0","0","0","0","0","0","0","0","0","0","0","0","0","0"
"0x7a6e0b9ab060","      FMUL2 R4, R4.F32x2.HI_LO, R0.F32","0","0","0","0","0","0","0","0","0","-","-","-","0","0","0","0","0","0","0","0","0","0","0","0","0","0","0","0","0","0","0","0","0","0","0","0","0","0","0","0","0","0","0","0","0","0","0","0","0","0","0"
"0x7a6e0b9ab070","      FMUL2 R6, R6.F32x2.HI_LO, R0.F32","0","0","0","0","0","0","0","0","0","-","-","-","0","0","0","0","0","0","0","0","0","0","0","0","0","0","0","0","0","0","0","0","0","0","0","0","0","0","0","0","0","0","0","0","0","0","0","0","0","0","0"
"0x7a6e0b9ab080","      FMUL2 R8, R8.F32x2.HI_LO, R0.F32","0","0","0","0","0","0","0","0","0","-","-","-","0","0","0","0","0","0","0","0","0","0","0","0","0","0","0","0","0","0","0","0","0","0","0","0","0","0","0","0","0","0","0","0","0","0","0","0","0","0","0"
"0x7a6e0b9ab090","      FMUL2 R10, R10.F32x2.HI_LO, R0.F32","0","0","0","0","0","0","0","0","0","-","-","-","0","0","0","0","0","0","0","0","0","0","0","0","0","0","0","0","0","0","0","0","0","0","0","0","0","0","0","0","0","0","0","0","0","0","0","0","0","0","0"
"0x7a6e0b9ab0a0","      FMUL2 R12, R12.F32x2.HI_LO, R0.F32","0","0","0","0","0","0","0","0","0","-","-","-","0","0","0","0","0","0","0","0","0","0","0","0","0","0","0","0","0","0","0","0","0","0","0","0","0","0","0","0","0","0","0","0","0","0","0","0","0","0","0"
"0x7a6e0b9ab0b0","      FMUL2 R14, R14.F32x2.HI_LO, R0.F32","0","0","0","0","0","0","0","0","0","-","-","-","0","0","0","0","0","0","0","0","0","0","0","0","0","0","0","0","0","0","0","0","0","0","0","0","0","0","0","0","0","0","0","0","0","0","0","0","0","0","0"
"0x7a6e0b9ab0c0","      FMUL2 R16, R16.F32x2.HI_LO, R0.F32","0","0","0","0","0","0","0","0","0","-","-","-","0","0","0","0","0","0","0","0","0","0","0","0","0","0","0","0","0","0","0","0","0","0","0","0","0","0","0","0","0","0","0","0","0","0","0","0","0","0","0"
"0x7a6e0b9ab0d0","      FMUL2 R18, R18.F32x2.HI_LO, R0.F32","0","0","0","0","0","0","0","0","0","-","-","-","0","0","0","0","0","0","0","0","0","0","0","0","0","0","0","0","0","0","0","0","0","0","0","0","0","0","0","0","0","0","0","0","0","0","0","0","0","0","0"
"0x7a6e0b9ab0e0","      STTM.x16 tmem[UR4+0x130], R4","0","0","0","0","0","0","0","0","0","","","-","0","0","0","0","0","0","0","0","0","0","0","0","0","0","0","0","0","0","0","0","0","0","0","0","0","0","0","0","0","0","0","0","0","0","0","0","0","0","0"
"0x7a6e0b9ab0f0","      LDTM.x16 R20, tmem[UR4+0x140]","0","0","0","0","0","0","0","0","0","","","-","0","0","0","0","0","0","0","0","0","0","0","0","0","0","0","0","0","0","0","0","0","0","0","0","0","0","0","0","0","0","0","0","0","0","0","0","0","0","0"
"0x7a6e0b9ab100","      FMUL2 R20, R20.F32x2.HI_LO, R0.F32","0","0","0","0","0","0","0","0","0","-","-","-","0","0","0","0","0","0","0","0","0","0","0","0","0","0","0","0","0","0","0","0","0","0","0","0","0","0","0","0","0","0","0","0","0","0","0","0","0","0","0"
"0x7a6e0b9ab110","      FMUL2 R22, R22.F32x2.HI_LO, R0.F32","0","0","0","0","0","0","0","0","0","-","-","-","0","0","0","0","0","0","0","0","0","0","0","0","0","0","0","0","0","0","0","0","0","0","0","0","0","0","0","0","0","0","0","0","0","0","0","0","0","0","0"
"0x7a6e0b9ab120","      FMUL2 R24, R24.F32x2.HI_LO, R0.F32","0","0","0","0","0","0","0","0","0","-","-","-","0","0","0","0","0","0","0","0","0","0","0","0","0","0","0","0","0","0","0","0","0","0","0","0","0","0","0","0","0","0","0","0","0","0","0","0","0","0","0"
"0x7a6e0b9ab130","      FMUL2 R26, R26.F32x2.HI_LO, R0.F32","0","0","0","0","0","0","0","0","0","-","-","-","0","0","0","0","0","0","0","0","0","0","0","0","0","0","0","0","0","0","0","0","0","0","0","0","0","0","0","0","0","0","0","0","0","0","0","0","0","0","0"
"0x7a6e0b9ab140","      FMUL2 R28, R28.F32x2.HI_LO, R0.F32","0","0","0","0","0","0","0","0","0","-","-","-","0","0","0","0","0","0","0","0","0","0","0","0","0","0","0","0","0","0","0","0","0","0","0","0","0","0","0","0","0","0","0","0","0","0","0","0","0","0","0"
"0x7a6e0b9ab150","      FMUL2 R30, R30.F32x2.HI_LO, R0.F32","0","0","0","0","0","0","0","0","0","-","-","-","0","0","0","0","0","0","0","0","0","0","0","0","0","0","0","0","0","0","0","0","0","0","0","0","0","0","0","0","0","0","0","0","0","0","0","0","0","0","0"
"0x7a6e0b9ab160","      FMUL2 R32, R32.F32x2.HI_LO, R0.F32","0","0","0","0","0","0","0","0","0","-","-","-","0","0","0","0","0","0","0","0","0","0","0","0","0","0","0","0","0","0","0","0","0","0","0","0","0","0","0","0","0","0","0","0","0","0","0","0","0","0","0"
"0x7a6e0b9ab170","      FMUL2 R34, R34.F32x2.HI_LO, R0.F32","0","0","0","0","0","0","0","0","0","-","-","-","0","0","0","0","0","0","0","0","0","0","0","0","0","0","0","0","0","0","0","0","0","0","0","0","0","0","0","0","0","0","0","0","0","0","0","0","0","0","0"
"0x7a6e0b9ab180","      STTM.x16 tmem[UR4+0x140], R20","0","0","0","0","0","0","0","0","0","","","-","0","0","0","0","0","0","0","0","0","0","0","0","0","0","0","0","0","0","0","0","0","0","0","0","0","0","0","0","0","0","0","0","0","0","0","0","0","0","0"
"0x7a6e0b9ab190","      LDTM.x16 R4, tmem[UR4+0x150]","0","0","0","0","0","0","0","0","0","","","-","0","0","0","0","0","0","0","0","0","0","0","0","0","0","0","0","0","0","0","0","0","0","0","0","0","0","0","0","0","0","0","0","0","0","0","0","0","0","0"
"0x7a6e0b9ab1a0","      FMUL2 R4, R4.F32x2.HI_LO, R0.F32","0","0","0","0","0","0","0","0","0","-","-","-","0","0","0","0","0","0","0","0","0","0","0","0","0","0","0","0","0","0","0","0","0","0","0","0","0","0","0","0","0","0","0","0","0","0","0","0","0","0","0"
"0x7a6e0b9ab1b0","      FMUL2 R6, R6.F32x2.HI_LO, R0.F32","0","0","0","0","0","0","0","0","0","-","-","-","0","0","0","0","0","0","0","0","0","0","0","0","0","0","0","0","0","0","0","0","0","0","0","0","0","0","0","0","0","0","0","0","0","0","0","0","0","0","0"
"0x7a6e0b9ab1c0","      FMUL2 R8, R8.F32x2.HI_LO, R0.F32","0","0","0","0","0","0","0","0","0","-","-","-","0","0","0","0","0","0","0","0","0","0","0","0","0","0","0","0","0","0","0","0","0","0","0","0","0","0","0","0","0","0","0","0","0","0","0","0","0","0","0"
"0x7a6e0b9ab1d0","      FMUL2 R10, R10.F32x2.HI_LO, R0.F32","0","0","0","0","0","0","0","0","0","-","-","-","0","0","0","0","0","0","0","0","0","0","0","0","0","0","0","0","0","0","0","0","0","0","0","0","0","0","0","0","0","0","0","0","0","0","0","0","0","0","0"
"0x7a6e0b9ab1e0","      FMUL2 R12, R12.F32x2.HI_LO, R0.F32","0","0","0","0","0","0","0","0","0","-","-","-","0","0","0","0","0","0","0","0","0","0","0","0","0","0","0","0","0","0","0","0","0","0","0","0","0","0","0","0","0","0","0","0","0","0","0","0","0","0","0"
"0x7a6e0b9ab1f0","      FMUL2 R14, R14.F32x2.HI_LO, R0.F32","0","0","0","0","0","0","0","0","0","-","-","-","0","0","0","0","0","0","0","0","0","0","0","0","0","0","0","0","0","0","0","0","0","0","0","0","0","0","0","0","0","0","0","0","0","0","0","0","0","0","0"
"0x7a6e0b9ab200","      FMUL2 R16, R16.F32x2.HI_LO, R0.F32","0","0","0","0","0","0","0","0","0","-","-","-","0","0","0","0","0","0","0","0","0","0","0","0","0","0","0","0","0","0","0","0","0","0","0","0","0","0","0","0","0","0","0","0","0","0","0","0","0","0","0"
"0x7a6e0b9ab210","      FMUL2 R18, R18.F32x2.HI_LO, R0.F32","0","0","0","0","0","0","0","0","0","-","-","-","0","0","0","0","0","0","0","0","0","0","0","0","0","0","0","0","0","0","0","0","0","0","0","0","0","0","0","0","0","0","0","0","0","0","0","0","0","0","0"
"0x7a6e0b9ab220","      STTM.x16 tmem[UR4+0x150], R4","0","0","0","0","0","0","0","0","0","","","-","0","0","0","0","0","0","0","0","0","0","0","0","0","0","0","0","0","0","0","0","0","0","0","0","0","0","0","0","0","0","0","0","0","0","0","0","0","0","0"
"0x7a6e0b9ab230","      LDTM.x16 R20, tmem[UR4+0x160]","0","0","0","0","0","0","0","0","0","","","-","0","0","0","0","0","0","0","0","0","0","0","0","0","0","0","0","0","0","0","0","0","0","0","0","0","0","0","0","0","0","0","0","0","0","0","0","0","0","0"
"0x7a6e0b9ab240","      FMUL2 R20, R20.F32x2.HI_LO, R0.F32","0","0","0","0","0","0","0","0","0","-","-","-","0","0","0","0","0","0","0","0","0","0","0","0","0","0","0","0","0","0","0","0","0","0","0","0","0","0","0","0","0","0","0","0","0","0","0","0","0","0","0"
"0x7a6e0b9ab250","      FMUL2 R22, R22.F32x2.HI_LO, R0.F32","0","0","0","0","0","0","0","0","0","-","-","-","0","0","0","0","0","0","0","0","0","0","0","0","0","0","0","0","0","0","0","0","0","0","0","0","0","0","0","0","0","0","0","0","0","0","0","0","0","0","0"
"0x7a6e0b9ab260","      FMUL2 R24, R24.F32x2.HI_LO, R0.F32","0","0","0","0","0","0","0","0","0","-","-","-","0","0","0","0","0","0","0","0","0","0","0","0","0","0","0","0","0","0","0","0","0","0","0","0","0","0","0","0","0","0","0","0","0","0","0","0","0","0","0"
"0x7a6e0b9ab270","      FMUL2 R26, R26.F32x2.HI_LO, R0.F32","0","0","0","0","0","0","0","0","0","-","-","-","0","0","0","0","0","0","0","0","0","0","0","0","0","0","0","0","0","0","0","0","0","0","0","0","0","0","0","0","0","0","0","0","0","0","0","0","0","0","0"
"0x7a6e0b9ab280","      FMUL2 R28, R28.F32x2.HI_LO, R0.F32","0","0","0","0","0","0","0","0","0","-","-","-","0","0","0","0","0","0","0","0","0","0","0","0","0","0","0","0","0","0","0","0","0","0","0","0","0","0","0","0","0","0","0","0","0","0","0","0","0","0","0"
"0x7a6e0b9ab290","      FMUL2 R30, R30.F32x2.HI_LO, R0.F32","0","0","0","0","0","0","0","0","0","-","-","-","0","0","0","0","0","0","0","0","0","0","0","0","0","0","0","0","0","0","0","0","0","0","0","0","0","0","0","0","0","0","0","0","0","0","0","0","0","0","0"
"0x7a6e0b9ab2a0","      FMUL2 R32, R32.F32x2.HI_LO, R0.F32","0","0","0","0","0","0","0","0","0","-","-","-","0","0","0","0","0","0","0","0","0","0","0","0","0","0","0","0","0","0","0","0","0","0","0","0","0","0","0","0","0","0","0","0","0","0","0","0","0","0","0"
"0x7a6e0b9ab2b0","      FMUL2 R34, R34.F32x2.HI_LO, R0.F32","0","0","0","0","0","0","0","0","0","-","-","-","0","0","0","0","0","0","0","0","0","0","0","0","0","0","0","0","0","0","0","0","0","0","0","0","0","0","0","0","0","0","0","0","0","0","0","0","0","0","0"
"0x7a6e0b9ab2c0","      STTM.x16 tmem[UR4+0x160], R20","0","0","0","0","0","0","0","0","0","","","-","0","0","0","0","0","0","0","0","0","0","0","0","0","0","0","0","0","0","0","0","0","0","0","0","0","0","0","0","0","0","0","0","0","0","0","0","0","0","0"
"0x7a6e0b9ab2d0","      LDTM.x16 R4, tmem[UR4+0x170]","0","0","0","0","0","0","0","0","0","","","-","0","0","0","0","0","0","0","0","0","0","0","0","0","0","0","0","0","0","0","0","0","0","0","0","0","0","0","0","0","0","0","0","0","0","0","0","0","0","0"
"0x7a6e0b9ab2e0","      FMUL2 R4, R4.F32x2.HI_LO, R0.F32","0","0","0","0","0","0","0","0","0","-","-","-","0","0","0","0","0","0","0","0","0","0","0","0","0","0","0","0","0","0","0","0","0","0","0","0","0","0","0","0","0","0","0","0","0","0","0","0","0","0","0"
"0x7a6e0b9ab2f0","      FMUL2 R6, R6.F32x2.HI_LO, R0.F32","0","0","0","0","0","0","0","0","0","-","-","-","0","0","0","0","0","0","0","0","0","0","0","0","0","0","0","0","0","0","0","0","0","0","0","0","0","0","0","0","0","0","0","0","0","0","0","0","0","0","0"
"0x7a6e0b9ab300","      FMUL2 R8, R8.F32x2.HI_LO, R0.F32","0","0","0","0","0","0","0","0","0","-","-","-","0","0","0","0","0","0","0","0","0","0","0","0","0","0","0","0","0","0","0","0","0","0","0","0","0","0","0","0","0","0","0","0","0","0","0","0","0","0","0"
"0x7a6e0b9ab310","      FMUL2 R10, R10.F32x2.HI_LO, R0.F32","0","0","0","0","0","0","0","0","0","-","-","-","0","0","0","0","0","0","0","0","0","0","0","0","0","0","0","0","0","0","0","0","0","0","0","0","0","0","0","0","0","0","0","0","0","0","0","0","0","0","0"
"0x7a6e0b9ab320","      FMUL2 R12, R12.F32x2.HI_LO, R0.F32","0","0","0","0","0","0","0","0","0","-","-","-","0","0","0","0","0","0","0","0","0","0","0","0","0","0","0","0","0","0","0","0","0","0","0","0","0","0","0","0","0","0","0","0","0","0","0","0","0","0","0"
"0x7a6e0b9ab330","      FMUL2 R14, R14.F32x2.HI_LO, R0.F32","0","0","0","0","0","0","0","0","0","-","-","-","0","0","0","0","0","0","0","0","0","0","0","0","0","0","0","0","0","0","0","0","0","0","0","0","0","0","0","0","0","0","0","0","0","0","0","0","0","0","0"
"0x7a6e0b9ab340","      FMUL2 R16, R16.F32x2.HI_LO, R0.F32","0","0","0","0","0","0","0","0","0","-","-","-","0","0","0","0","0","0","0","0","0","0","0","0","0","0","0","0","0","0","0","0","0","0","0","0","0","0","0","0","0","0","0","0","0","0","0","0","0","0","0"
"0x7a6e0b9ab350","      FMUL2 R18, R18.F32x2.HI_LO, R0.F32","0","0","0","0","0","0","0","0","0","-","-","-","0","0","0","0","0","0","0","0","0","0","0","0","0","0","0","0","0","0","0","0","0","0","0","0","0","0","0","0","0","0","0","0","0","0","0","0","0","0","0"
"0x7a6e0b9ab360","      STTM.x16 tmem[UR4+0x170], R4","0","0","0","0","0","0","0","0","0","","","-","0","0","0","0","0","0","0","0","0","0","0","0","0","0","0","0","0","0","0","0","0","0","0","0","0","0","0","0","0","0","0","0","0","0","0","0","0","0","0"
"0x7a6e0b9ab370","      FENCE.VIEW.ASYNC.T","0","0","0","0","0","0","0","0","0","-","-","-","0","0","0","0","0","0","0","0","0","0","0","0","0","0","0","0","0","0","0","0","0","0","0","0","0","0","0","0","0","0","0","0","0","0","0","0","0","0","0"
"0x7a6e0b9ab380","      SYNCS.ARRIVE.TRANS64.ART0 RZ, [UR5+0x60], R37","975","822","975","3133440","100270080","100270080","32","32","0","-","-","-","0","0","0","0","0","0","165","0","0","0","0","0","0","0","0","809","1","0","0","0","0","0","0","156","0","0","0","0","0","0","0","0","666","0","0","0","0","0","0"
"0x7a6e0b9ab390","      SYNCS.ARRIVE.TRANS64.ART0 RZ, [UR5+0xa8], R37","55","0","55","3133440","100270080","100270080","32","32","0","-","-","-","0","0","0","0","0","0","0","0","0","0","0","0","0","0","0","0","0","55","0","0","0","0","0","0","0","0","0","0","0","0","0","0","0","0","0","0","0","0","0"
"0x7a6e0b9ab3a0","      SYNCS.PHASECHK.TRANS64.TRYWAIT P0, [UR5+0x98], R2","50","1","50","3133440","100270080","100270080","32","32","0","-","-","-","0","0","0","0","0","0","0","0","0","0","0","0","0","1","0","0","0","49","0","0","0","0","0","0","0","0","0","0","0","0","1","0","0","0","0","0","0","0","0"
"0x7a6e0b9ab3b0","@!P0  BRA 0x7a6e0b9ae1a0","53804","31486","53804","3133440","100270080","100270080","32","32","0","-","-","-","0","0","0","0","0","0","0","0","0","0","53713","0","0","0","0","0","8","38","0","0","0","45","0","0","0","0","0","31458","0","0","0","0","0","0","0","0","0","0","28"
"0x7a6e0b9ab3c0","      LDS R0, [R36+UR5+0x600]","269","142","269","3133440","100270080","100270080","32","32","0","Shared","Load","32","1","0","3133440","3133440","0","0","0","0","0","0","0","0","0","0","0","0","2","53","0","0","0","214","0","0","0","0","0","0","0","0","0","0","0","0","0","0","0","0","142"
"0x7a6e0b9ab3d0","      UIADD3 UR8, UR8, 0x1, URZ","39","0","39","3133440","100270080","100270080","32","32","0","-","-","-","0","0","0","0","0","0","0","0","0","0","0","0","0","0","0","0","0","39","0","0","0","0","0","0","0","0","0","0","0","0","0","0","0","0","0","0","0","0","0"
"0x7a6e0b9ab3e0","      UISETP.NE.AND UP0, UPT, UR8, URZ, UPT","185","82","185","3133440","100270080","100270080","32","32","0","-","-","-","0","0","0","0","0","0","0","0","0","0","0","0","0","0","0","0","1","44","0","0","0","140","0","0","0","0","0","0","0","0","0","0","0","0","0","0","0","0","82"
"0x7a6e0b9ab3f0","      FSETP.GEU.AND P0, PT, R0, 1, PT","1044","734","1044","3133440","100270080","100270080","32","32","0","-","-","-","0","0","0","0","0","0","0","0","0","0","0","8","0","0","0","0","14","40","982","0","0","0","0","0","0","0","0","0","8","0","0","0","0","0","0","726","0","0","0"
"0x7a6e0b9ab400","      VOTE.ANY R2, PT, !P0","634","444","634","3133440","100270080","100270080","32","32","0","-","-","-","0","0","0","0","0","0","0","0","0","0","0","17","0","0","0","0","6","46","0","0","0","565","0","0","0","0","0","0","17","0","0","0","0","0","0","0","0","0","427"
"0x7a6e0b9ab410","      ISETP.NE.AND P0, PT, R2, RZ, PT","192","118","192","3133440","100270080","100270080","32","32","0","-","-","-","0","0","0","0","0","0","0","0","0","0","0","5","0","0","0","0","7","42","0","0","0","138","0","0","0","0","0","0","5","0","0","0","0","0","0","0","0","0","113"
"0x7a6e0b9ab420","@!P0  BRA 0x7a6e0b9ab940","659","492","659","3133440","100270080","100270080","32","32","0","-","-","-","0","0","0","0","0","0","0","0","0","0","0","0","0","0","0","0","0","59","0","0","0","600","0","0","0","0","0","0","0","0","0","0","0","0","0","0","0","0","492"
"0x7a6e0b9ab430","      LDTM.x16 R20, tmem[UR4+0x180]","315","202","315","0","0","0","0","0","0","","","-","0","0","0","0","0","0","0","0","0","0","0","0","0","0","0","0","0","64","0","0","0","251","0","0","0","0","0","0","0","0","0","0","0","0","0","0","0","0","202"
"0x7a6e0b9ab440","      FMUL2 R20, R20.F32x2.HI_LO, R0.F32","0","0","0","0","0","0","0","0","0","-","-","-","0","0","0","0","0","0","0","0","0","0","0","0","0","0","0","0","0","0","0","0","0","0","0","0","0","0","0","0","0","0","0","0","0","0","0","0","0","0","0"
"0x7a6e0b9ab450","      FMUL2 R22, R22.F32x2.HI_LO, R0.F32","0","0","0","0","0","0","0","0","0","-","-","-","0","0","0","0","0","0","0","0","0","0","0","0","0","0","0","0","0","0","0","0","0","0","0","0","0","0","0","0","0","0","0","0","0","0","0","0","0","0","0"
"0x7a6e0b9ab460","      FMUL2 R24, R24.F32x2.HI_LO, R0.F32","0","0","0","0","0","0","0","0","0","-","-","-","0","0","0","0","0","0","0","0","0","0","0","0","0","0","0","0","0","0","0","0","0","0","0","0","0","0","0","0","0","0","0","0","0","0","0","0","0","0","0"
"0x7a6e0b9ab470","      FMUL2 R26, R26.F32x2.HI_LO, R0.F32","0","0","0","0","0","0","0","0","0","-","-","-","0","0","0","0","0","0","0","0","0","0","0","0","0","0","0","0","0","0","0","0","0","0","0","0","0","0","0","0","0","0","0","0","0","0","0","0","0","0","0"
"0x7a6e0b9ab480","      FMUL2 R28, R28.F32x2.HI_LO, R0.F32","0","0","0","0","0","0","0","0","0","-","-","-","0","0","0","0","0","0","0","0","0","0","0","0","0","0","0","0","0","0","0","0","0","0","0","0","0","0","0","0","0","0","0","0","0","0","0","0","0","0","0"
"0x7a6e0b9ab490","      FMUL2 R30, R30.F32x2.HI_LO, R0.F32","0","0","0","0","0","0","0","0","0","-","-","-","0","0","0","0","0","0","0","0","0","0","0","0","0","0","0","0","0","0","0","0","0","0","0","0","0","0","0","0","0","0","0","0","0","0","0","0","0","0","0"
"0x7a6e0b9ab4a0","      FMUL2 R32, R32.F32x2.HI_LO, R0.F32","0","0","0","0","0","0","0","0","0","-","-","-","0","0","0","0","0","0","0","0","0","0","0","0","0","0","0","0","0","0","0","0","0","0","0","0","0","0","0","0","0","0","0","0","0","0","0","0","0","0","0"
"0x7a6e0b9ab4b0","      FMUL2 R34, R34.F32x2.HI_LO, R0.F32","0","0","0","0","0","0","0","0","0","-","-","-","0","0","0","0","0","0","0","0","0","0","0","0","0","0","0","0","0","0","0","0","0","0","0","0","0","0","0","0","0","0","0","0","0","0","0","0","0","0","0"
"0x7a6e0b9ab4c0","      STTM.x16 tmem[UR4+0x180], R20","0","0","0","0","0","0","0","0","0","","","-","0","0","0","0","0","0","0","0","0","0","0","0","0","0","0","0","0","0","0","0","0","0","0","0","0","0","0","0","0","0","0","0","0","0","0","0","0","0","0"
"0x7a6e0b9ab4d0","      LDTM.x16 R4, tmem[UR4+0x190]","0","0","0","0","0","0","0","0","0","","","-","0","0","0","0","0","0","0","0","0","0","0","0","0","0","0","0","0","0","0","0","0","0","0","0","0","0","0","0","0","0","0","0","0","0","0","0","0","0","0"
"0x7a6e0b9ab4e0","      FMUL2 R4, R4.F32x2.HI_LO, R0.F32","0","0","0","0","0","0","0","0","0","-","-","-","0","0","0","0","0","0","0","0","0","0","0","0","0","0","0","0","0","0","0","0","0","0","0","0","0","0","0","0","0","0","0","0","0","0","0","0","0","0","0"
"0x7a6e0b9ab4f0","      FMUL2 R6, R6.F32x2.HI_LO, R0.F32","0","0","0","0","0","0","0","0","0","-","-","-","0","0","0","0","0","0","0","0","0","0","0","0","0","0","0","0","0","0","0","0","0","0","0","0","0","0","0","0","0","0","0","0","0","0","0","0","0","0","0"
"0x7a6e0b9ab500","      FMUL2 R8, R8.F32x2.HI_LO, R0.F32","0","0","0","0","0","0","0","0","0","-","-","-","0","0","0","0","0","0","0","0","0","0","0","0","0","0","0","0","0","0","0","0","0","0","0","0","0","0","0","0","0","0","0","0","0","0","0","0","0","0","0"
"0x7a6e0b9ab510","      FMUL2 R10, R10.F32x2.HI_LO, R0.F32","0","0","0","0","0","0","0","0","0","-","-","-","0","0","0","0","0","0","0","0","0","0","0","0","0","0","0","0","0","0","0","0","0","0","0","0","0","0","0","0","0","0","0","0","0","0","0","0","0","0","0"
"0x7a6e0b9ab520","      FMUL2 R12, R12.F32x2.HI_LO, R0.F32","0","0","0","0","0","0","0","0","0","-","-","-","0","0","0","0","0","0","0","0","0","0","0","0","0","0","0","0","0","0","0","0","0","0","0","0","0","0","0","0","0","0","0","0","0","0","0","0","0","0","0"
"0x7a6e0b9ab530","      FMUL2 R14, R14.F32x2.HI_LO, R0.F32","0","0","0","0","0","0","0","0","0","-","-","-","0","0","0","0","0","0","0","0","0","0","0","0","0","0","0","0","0","0","0","0","0","0","0","0","0","0","0","0","0","0","0","0","0","0","0","0","0","0","0"
"0x7a6e0b9ab540","      FMUL2 R16, R16.F32x2.HI_LO, R0.F32","0","0","0","0","0","0","0","0","0","-","-","-","0","0","0","0","0","0","0","0","0","0","0","0","0","0","0","0","0","0","0","0","0","0","0","0","0","0","0","0","0","0","0","0","0","0","0","0","0","0","0"
"0x7a6e0b9ab550","      FMUL2 R18, R18.F32x2.HI_LO, R0.F32","0","0","0","0","0","0","0","0","0","-","-","-","0","0","0","0","0","0","0","0","0","0","0","0","0","0","0","0","0","0","0","0","0","0","0","0","0","0","0","0","0","0","0","0","0","0","0","0","0","0","0"
"0x7a6e0b9ab560","      STTM.x16 tmem[UR4+0x190], R4","0","0","0","0","0","0","0","0","0","","","-","0","0","0","0","0","0","0","0","0","0","0","0","0","0","0","0","0","0","0","0","0","0","0","0","0","0","0","0","0","0","0","0","0","0","0","0","0","0","0"
"0x7a6e0b9ab570","      LDTM.x16 R20, tmem[UR4+0x1a0]","0","0","0","0","0","0","0","0","0","","","-","0","0","0","0","0","0","0","0","0","0","0","0","0","0","0","0","0","0","0","0","0","0","0","0","0","0","0","0","0","0","0","0","0","0","0","0","0","0","0"
"0x7a6e0b9ab580","      FMUL2 R20, R20.F32x2.HI_LO, R0.F32","0","0","0","0","0","0","0","0","0","-","-","-","0","0","0","0","0","0","0","0","0","0","0","0","0","0","0","0","0","0","0","0","0","0","0","0","0","0","0","0","0","0","0","0","0","0","0","0","0","0","0"
"0x7a6e0b9ab590","      FMUL2 R22, R22.F32x2.HI_LO, R0.F32","0","0","0","0","0","0","0","0","0","-","-","-","0","0","0","0","0","0","0","0","0","0","0","0","0","0","0","0","0","0","0","0","0","0","0","0","0","0","0","0","0","0","0","0","0","0","0","0","0","0","0"
"0x7a6e0b9ab5a0","      FMUL2 R24, R24.F32x2.HI_LO, R0.F32","0","0","0","0","0","0","0","0","0","-","-","-","0","0","0","0","0","0","0","0","0","0","0","0","0","0","0","0","0","0","0","0","0","0","0","0","0","0","0","0","0","0","0","0","0","0","0","0","0","0","0"
"0x7a6e0b9ab5b0","      FMUL2 R26, R26.F32x2.HI_LO, R0.F32","0","0","0","0","0","0","0","0","0","-","-","-","0","0","0","0","0","0","0","0","0","0","0","0","0","0","0","0","0","0","0","0","0","0","0","0","0","0","0","0","0","0","0","0","0","0","0","0","0","0","0"
"0x7a6e0b9ab5c0","      FMUL2 R28, R28.F32x2.HI_LO, R0.F32","0","0","0","0","0","0","0","0","0","-","-","-","0","0","0","0","0","0","0","0","0","0","0","0","0","0","0","0","0","0","0","0","0","0","0","0","0","0","0","0","0","0","0","0","0","0","0","0","0","0","0"
"0x7a6e0b9ab5d0","      FMUL2 R30, R30.F32x2.HI_LO, R0.F32","0","0","0","0","0","0","0","0","0","-","-","-","0","0","0","0","0","0","0","0","0","0","0","0","0","0","0","0","0","0","0","0","0","0","0","0","0","0","0","0","0","0","0","0","0","0","0","0","0","0","0"
"0x7a6e0b9ab5e0","      FMUL2 R32, R32.F32x2.HI_LO, R0.F32","0","0","0","0","0","0","0","0","0","-","-","-","0","0","0","0","0","0","0","0","0","0","0","0","0","0","0","0","0","0","0","0","0","0","0","0","0","0","0","0","0","0","0","0","0","0","0","0","0","0","0"
"0x7a6e0b9ab5f0","      FMUL2 R34, R34.F32x2.HI_LO, R0.F32","0","0","0","0","0","0","0","0","0","-","-","-","0","0","0","0","0","0","0","0","0","0","0","0","0","0","0","0","0","0","0","0","0","0","0","0","0","0","0","0","0","0","0","0","0","0","0","0","0","0","0"
"0x7a6e0b9ab600","      STTM.x16 tmem[UR4+0x1a0], R20","0","0","0","0","0","0","0","0","0","","","-","0","0","0","0","0","0","0","0","0","0","0","0","0","0","0","0","0","0","0","0","0","0","0","0","0","0","0","0","0","0","0","0","0","0","0","0","0","0","0"
"0x7a6e0b9ab610","      LDTM.x16 R4, tmem[UR4+0x1b0]","0","0","0","0","0","0","0","0","0","","","-","0","0","0","0","0","0","0","0","0","0","0","0","0","0","0","0","0","0","0","0","0","0","0","0","0","0","0","0","0","0","0","0","0","0","0","0","0","0","0"
"0x7a6e0b9ab620","      FMUL2 R4, R4.F32x2.HI_LO, R0.F32","0","0","0","0","0","0","0","0","0","-","-","-","0","0","0","0","0","0","0","0","0","0","0","0","0","0","0","0","0","0","0","0","0","0","0","0","0","0","0","0","0","0","0","0","0","0","0","0","0","0","0"
"0x7a6e0b9ab630","      FMUL2 R6, R6.F32x2.HI_LO, R0.F32","0","0","0","0","0","0","0","0","0","-","-","-","0","0","0","0","0","0","0","0","0","0","0","0","0","0","0","0","0","0","0","0","0","0","0","0","0","0","0","0","0","0","0","0","0","0","0","0","0","0","0"
"0x7a6e0b9ab640","      FMUL2 R8, R8.F32x2.HI_LO, R0.F32","0","0","0","0","0","0","0","0","0","-","-","-","0","0","0","0","0","0","0","0","0","0","0","0","0","0","0","0","0","0","0","0","0","0","0","0","0","0","0","0","0","0","0","0","0","0","0","0","0","0","0"
"0x7a6e0b9ab650","      FMUL2 R10, R10.F32x2.HI_LO, R0.F32","0","0","0","0","0","0","0","0","0","-","-","-","0","0","0","0","0","0","0","0","0","0","0","0","0","0","0","0","0","0","0","0","0","0","0","0","0","0","0","0","0","0","0","0","0","0","0","0","0","0","0"
"0x7a6e0b9ab660","      FMUL2 R12, R12.F32x2.HI_LO, R0.F32","0","0","0","0","0","0","0","0","0","-","-","-","0","0","0","0","0","0","0","0","0","0","0","0","0","0","0","0","0","0","0","0","0","0","0","0","0","0","0","0","0","0","0","0","0","0","0","0","0","0","0"
"0x7a6e0b9ab670","      FMUL2 R14, R14.F32x2.HI_LO, R0.F32","0","0","0","0","0","0","0","0","0","-","-","-","0","0","0","0","0","0","0","0","0","0","0","0","0","0","0","0","0","0","0","0","0","0","0","0","0","0","0","0","0","0","0","0","0","0","0","0","0","0","0"
"0x7a6e0b9ab680","      FMUL2 R16, R16.F32x2.HI_LO, R0.F32","0","0","0","0","0","0","0","0","0","-","-","-","0","0","0","0","0","0","0","0","0","0","0","0","0","0","0","0","0","0","0","0","0","0","0","0","0","0","0","0","0","0","0","0","0","0","0","0","0","0","0"
"0x7a6e0b9ab690","      FMUL2 R18, R18.F32x2.HI_LO, R0.F32","0","0","0","0","0","0","0","0","0","-","-","-","0","0","0","0","0","0","0","0","0","0","0","0","0","0","0","0","0","0","0","0","0","0","0","0","0","0","0","0","0","0","0","0","0","0","0","0","0","0","0"
"0x7a6e0b9ab6a0","      STTM.x16 tmem[UR4+0x1b0], R4","0","0","0","0","0","0","0","0","0","","","-","0","0","0","0","0","0","0","0","0","0","0","0","0","0","0","0","0","0","0","0","0","0","0","0","0","0","0","0","0","0","0","0","0","0","0","0","0","0","0"
"0x7a6e0b9ab6b0","      LDTM.x16 R20, tmem[UR4+0x1c0]","0","0","0","0","0","0","0","0","0","","","-","0","0","0","0","0","0","0","0","0","0","0","0","0","0","0","0","0","0","0","0","0","0","0","0","0","0","0","0","0","0","0","0","0","0","0","0","0","0","0"
"0x7a6e0b9ab6c0","      FMUL2 R20, R20.F32x2.HI_LO, R0.F32","0","0","0","0","0","0","0","0","0","-","-","-","0","0","0","0","0","0","0","0","0","0","0","0","0","0","0","0","0","0","0","0","0","0","0","0","0","0","0","0","0","0","0","0","0","0","0","0","0","0","0"
"0x7a6e0b9ab6d0","      FMUL2 R22, R22.F32x2.HI_LO, R0.F32","0","0","0","0","0","0","0","0","0","-","-","-","0","0","0","0","0","0","0","0","0","0","0","0","0","0","0","0","0","0","0","0","0","0","0","0","0","0","0","0","0","0","0","0","0","0","0","0","0","0","0"
"0x7a6e0b9ab6e0","      FMUL2 R24, R24.F32x2.HI_LO, R0.F32","0","0","0","0","0","0","0","0","0","-","-","-","0","0","0","0","0","0","0","0","0","0","0","0","0","0","0","0","0","0","0","0","0","0","0","0","0","0","0","0","0","0","0","0","0","0","0","0","0","0","0"
"0x7a6e0b9ab6f0","      FMUL2 R26, R26.F32x2.HI_LO, R0.F32","0","0","0","0","0","0","0","0","0","-","-","-","0","0","0","0","0","0","0","0","0","0","0","0","0","0","0","0","0","0","0","0","0","0","0","0","0","0","0","0","0","0","0","0","0","0","0","0","0","0","0"
"0x7a6e0b9ab700","      FMUL2 R28, R28.F32x2.HI_LO, R0.F32","0","0","0","0","0","0","0","0","0","-","-","-","0","0","0","0","0","0","0","0","0","0","0","0","0","0","0","0","0","0","0","0","0","0","0","0","0","0","0","0","0","0","0","0","0","0","0","0","0","0","0"
"0x7a6e0b9ab710","      FMUL2 R30, R30.F32x2.HI_LO, R0.F32","0","0","0","0","0","0","0","0","0","-","-","-","0","0","0","0","0","0","0","0","0","0","0","0","0","0","0","0","0","0","0","0","0","0","0","0","0","0","0","0","0","0","0","0","0","0","0","0","0","0","0"
"0x7a6e0b9ab720","      FMUL2 R32, R32.F32x2.HI_LO, R0.F32","0","0","0","0","0","0","0","0","0","-","-","-","0","0","0","0","0","0","0","0","0","0","0","0","0","0","0","0","0","0","0","0","0","0","0","0","0","0","0","0","0","0","0","0","0","0","0","0","0","0","0"
"0x7a6e0b9ab730","      FMUL2 R34, R34.F32x2.HI_LO, R0.F32","0","0","0","0","0","0","0","0","0","-","-","-","0","0","0","0","0","0","0","0","0","0","0","0","0","0","0","0","0","0","0","0","0","0","0","0","0","0","0","0","0","0","0","0","0","0","0","0","0","0","0"
"0x7a6e0b9ab740","      STTM.x16 tmem[UR4+0x1c0], R20","0","0","0","0","0","0","0","0","0","","","-","0","0","0","0","0","0","0","0","0","0","0","0","0","0","0","0","0","0","0","0","0","0","0","0","0","0","0","0","0","0","0","0","0","0","0","0","0","0","0"
"0x7a6e0b9ab750","      LDTM.x16 R4, tmem[UR4+0x1d0]","0","0","0","0","0","0","0","0","0","","","-","0","0","0","0","0","0","0","0","0","0","0","0","0","0","0","0","0","0","0","0","0","0","0","0","0","0","0","0","0","0","0","0","0","0","0","0","0","0","0"
"0x7a6e0b9ab760","      FMUL2 R4, R4.F32x2.HI_LO, R0.F32","0","0","0","0","0","0","0","0","0","-","-","-","0","0","0","0","0","0","0","0","0","0","0","0","0","0","0","0","0","0","0","0","0","0","0","0","0","0","0","0","0","0","0","0","0","0","0","0","0","0","0"
"0x7a6e0b9ab770","      FMUL2 R6, R6.F32x2.HI_LO, R0.F32","0","0","0","0","0","0","0","0","0","-","-","-","0","0","0","0","0","0","0","0","0","0","0","0","0","0","0","0","0","0","0","0","0","0","0","0","0","0","0","0","0","0","0","0","0","0","0","0","0","0","0"
"0x7a6e0b9ab780","      FMUL2 R8, R8.F32x2.HI_LO, R0.F32","0","0","0","0","0","0","0","0","0","-","-","-","0","0","0","0","0","0","0","0","0","0","0","0","0","0","0","0","0","0","0","0","0","0","0","0","0","0","0","0","0","0","0","0","0","0","0","0","0","0","0"
"0x7a6e0b9ab790","      FMUL2 R10, R10.F32x2.HI_LO, R0.F32","0","0","0","0","0","0","0","0","0","-","-","-","0","0","0","0","0","0","0","0","0","0","0","0","0","0","0","0","0","0","0","0","0","0","0","0","0","0","0","0","0","0","0","0","0","0","0","0","0","0","0"
"0x7a6e0b9ab7a0","      FMUL2 R12, R12.F32x2.HI_LO, R0.F32","0","0","0","0","0","0","0","0","0","-","-","-","0","0","0","0","0","0","0","0","0","0","0","0","0","0","0","0","0","0","0","0","0","0","0","0","0","0","0","0","0","0","0","0","0","0","0","0","0","0","0"
"0x7a6e0b9ab7b0","      FMUL2 R14, R14.F32x2.HI_LO, R0.F32","0","0","0","0","0","0","0","0","0","-","-","-","0","0","0","0","0","0","0","0","0","0","0","0","0","0","0","0","0","0","0","0","0","0","0","0","0","0","0","0","0","0","0","0","0","0","0","0","0","0","0"
"0x7a6e0b9ab7c0","      FMUL2 R16, R16.F32x2.HI_LO, R0.F32","0","0","0","0","0","0","0","0","0","-","-","-","0","0","0","0","0","0","0","0","0","0","0","0","0","0","0","0","0","0","0","0","0","0","0","0","0","0","0","0","0","0","0","0","0","0","0","0","0","0","0"
"0x7a6e0b9ab7d0","      FMUL2 R18, R18.F32x2.HI_LO, R0.F32","0","0","0","0","0","0","0","0","0","-","-","-","0","0","0","0","0","0","0","0","0","0","0","0","0","0","0","0","0","0","0","0","0","0","0","0","0","0","0","0","0","0","0","0","0","0","0","0","0","0","0"
"0x7a6e0b9ab7e0","      STTM.x16 tmem[UR4+0x1d0], R4","0","0","0","0","0","0","0","0","0","","","-","0","0","0","0","0","0","0","0","0","0","0","0","0","0","0","0","0","0","0","0","0","0","0","0","0","0","0","0","0","0","0","0","0","0","0","0","0","0","0"
"0x7a6e0b9ab7f0","      LDTM.x16 R20, tmem[UR4+0x1e0]","0","0","0","0","0","0","0","0","0","","","-","0","0","0","0","0","0","0","0","0","0","0","0","0","0","0","0","0","0","0","0","0","0","0","0","0","0","0","0","0","0","0","0","0","0","0","0","0","0","0"
"0x7a6e0b9ab800","      FMUL2 R20, R20.F32x2.HI_LO, R0.F32","0","0","0","0","0","0","0","0","0","-","-","-","0","0","0","0","0","0","0","0","0","0","0","0","0","0","0","0","0","0","0","0","0","0","0","0","0","0","0","0","0","0","0","0","0","0","0","0","0","0","0"
"0x7a6e0b9ab810","      FMUL2 R22, R22.F32x2.HI_LO, R0.F32","0","0","0","0","0","0","0","0","0","-","-","-","0","0","0","0","0","0","0","0","0","0","0","0","0","0","0","0","0","0","0","0","0","0","0","0","0","0","0","0","0","0","0","0","0","0","0","0","0","0","0"
"0x7a6e0b9ab820","      FMUL2 R24, R24.F32x2.HI_LO, R0.F32","0","0","0","0","0","0","0","0","0","-","-","-","0","0","0","0","0","0","0","0","0","0","0","0","0","0","0","0","0","0","0","0","0","0","0","0","0","0","0","0","0","0","0","0","0","0","0","0","0","0","0"
"0x7a6e0b9ab830","      FMUL2 R26, R26.F32x2.HI_LO, R0.F32","0","0","0","0","0","0","0","0","0","-","-","-","0","0","0","0","0","0","0","0","0","0","0","0","0","0","0","0","0","0","0","0","0","0","0","0","0","0","0","0","0","0","0","0","0","0","0","0","0","0","0"
"0x7a6e0b9ab840","      FMUL2 R28, R28.F32x2.HI_LO, R0.F32","0","0","0","0","0","0","0","0","0","-","-","-","0","0","0","0","0","0","0","0","0","0","0","0","0","0","0","0","0","0","0","0","0","0","0","0","0","0","0","0","0","0","0","0","0","0","0","0","0","0","0"
"0x7a6e0b9ab850","      FMUL2 R30, R30.F32x2.HI_LO, R0.F32","0","0","0","0","0","0","0","0","0","-","-","-","0","0","0","0","0","0","0","0","0","0","0","0","0","0","0","0","0","0","0","0","0","0","0","0","0","0","0","0","0","0","0","0","0","0","0","0","0","0","0"
"0x7a6e0b9ab860","      FMUL2 R32, R32.F32x2.HI_LO, R0.F32","0","0","0","0","0","0","0","0","0","-","-","-","0","0","0","0","0","0","0","0","0","0","0","0","0","0","0","0","0","0","0","0","0","0","0","0","0","0","0","0","0","0","0","0","0","0","0","0","0","0","0"
"0x7a6e0b9ab870","      FMUL2 R34, R34.F32x2.HI_LO, R0.F32","0","0","0","0","0","0","0","0","0","-","-","-","0","0","0","0","0","0","0","0","0","0","0","0","0","0","0","0","0","0","0","0","0","0","0","0","0","0","0","0","0","0","0","0","0","0","0","0","0","0","0"
"0x7a6e0b9ab880","      STTM.x16 tmem[UR4+0x1e0], R20","0","0","0","0","0","0","0","0","0","","","-","0","0","0","0","0","0","0","0","0","0","0","0","0","0","0","0","0","0","0","0","0","0","0","0","0","0","0","0","0","0","0","0","0","0","0","0","0","0","0"
"0x7a6e0b9ab890","      LDTM.x16 R4, tmem[UR4+0x1f0]","0","0","0","0","0","0","0","0","0","","","-","0","0","0","0","0","0","0","0","0","0","0","0","0","0","0","0","0","0","0","0","0","0","0","0","0","0","0","0","0","0","0","0","0","0","0","0","0","0","0"
"0x7a6e0b9ab8a0","      FMUL2 R4, R4.F32x2.HI_LO, R0.F32","0","0","0","0","0","0","0","0","0","-","-","-","0","0","0","0","0","0","0","0","0","0","0","0","0","0","0","0","0","0","0","0","0","0","0","0","0","0","0","0","0","0","0","0","0","0","0","0","0","0","0"
"0x7a6e0b9ab8b0","      FMUL2 R6, R6.F32x2.HI_LO, R0.F32","0","0","0","0","0","0","0","0","0","-","-","-","0","0","0","0","0","0","0","0","0","0","0","0","0","0","0","0","0","0","0","0","0","0","0","0","0","0","0","0","0","0","0","0","0","0","0","0","0","0","0"
"0x7a6e0b9ab8c0","      FMUL2 R8, R8.F32x2.HI_LO, R0.F32","0","0","0","0","0","0","0","0","0","-","-","-","0","0","0","0","0","0","0","0","0","0","0","0","0","0","0","0","0","0","0","0","0","0","0","0","0","0","0","0","0","0","0","0","0","0","0","0","0","0","0"
"0x7a6e0b9ab8d0","      FMUL2 R10, R10.F32x2.HI_LO, R0.F32","0","0","0","0","0","0","0","0","0","-","-","-","0","0","0","0","0","0","0","0","0","0","0","0","0","0","0","0","0","0","0","0","0","0","0","0","0","0","0","0","0","0","0","0","0","0","0","0","0","0","0"
"0x7a6e0b9ab8e0","      FMUL2 R12, R12.F32x2.HI_LO, R0.F32","0","0","0","0","0","0","0","0","0","-","-","-","0","0","0","0","0","0","0","0","0","0","0","0","0","0","0","0","0","0","0","0","0","0","0","0","0","0","0","0","0","0","0","0","0","0","0","0","0","0","0"
"0x7a6e0b9ab8f0","      FMUL2 R14, R14.F32x2.HI_LO, R0.F32","0","0","0","0","0","0","0","0","0","-","-","-","0","0","0","0","0","0","0","0","0","0","0","0","0","0","0","0","0","0","0","0","0","0","0","0","0","0","0","0","0","0","0","0","0","0","0","0","0","0","0"
"0x7a6e0b9ab900","      FMUL2 R16, R16.F32x2.HI_LO, R0.F32","0","0","0","0","0","0","0","0","0","-","-","-","0","0","0","0","0","0","0","0","0","0","0","0","0","0","0","0","0","0","0","0","0","0","0","0","0","0","0","0","0","0","0","0","0","0","0","0","0","0","0"
"0x7a6e0b9ab910","      FMUL2 R18, R18.F32x2.HI_LO, R0.F32","0","0","0","0","0","0","0","0","0","-","-","-","0","0","0","0","0","0","0","0","0","0","0","0","0","0","0","0","0","0","0","0","0","0","0","0","0","0","0","0","0","0","0","0","0","0","0","0","0","0","0"
"0x7a6e0b9ab920","      STTM.x16 tmem[UR4+0x1f0], R4","0","0","0","0","0","0","0","0","0","","","-","0","0","0","0","0","0","0","0","0","0","0","0","0","0","0","0","0","0","0","0","0","0","0","0","0","0","0","0","0","0","0","0","0","0","0","0","0","0","0"
"0x7a6e0b9ab930","      FENCE.VIEW.ASYNC.T","0","0","0","0","0","0","0","0","0","-","-","-","0","0","0","0","0","0","0","0","0","0","0","0","0","0","0","0","0","0","0","0","0","0","0","0","0","0","0","0","0","0","0","0","0","0","0","0","0","0","0"
"0x7a6e0b9ab940","      SYNCS.ARRIVE.TRANS64.ART0 RZ, [UR5+0x68], R37","1057","834","1057","3133440","100270080","100270080","32","32","0","-","-","-","0","0","0","0","0","0","143","0","0","0","0","0","0","0","0","907","7","0","0","0","0","0","0","105","0","0","0","0","0","0","0","0","729","0","0","0","0","0","0"
"0x7a6e0b9ab950","      ULOP3.LUT UR6, UR7, 0x1, URZ, 0x3c, !UPT","55","0","55","3133440","100270080","100270080","32","32","0","-","-","-","0","0","0","0","0","0","0","0","0","0","0","0","0","0","0","0","0","55","0","0","0","0","0","0","0","0","0","0","0","0","0","0","0","0","0","0","0","0","0"
"0x7a6e0b9ab960","      SYNCS.ARRIVE.TRANS64.ART0 RZ, [UR5+0xa0], R37","52","0","52","3133440","100270080","100270080","32","32","0","-","-","-","0","0","0","0","0","0","0","0","0","0","0","0","0","0","0","0","0","52","0","0","0","0","0","0","0","0","0","0","0","0","0","0","0","0","0","0","0","0","0"
"0x7a6e0b9ab970","      BRA.U UP0, 0x7a6e0b9aadb0","53","0","53","3133440","100270080","100270080","32","32","0","-","-","-","0","0","0","0","0","0","0","0","0","0","0","0","0","0","0","0","0","53","0","0","0","0","0","0","0","0","0","0","0","0","0","0","0","0","0","0","0","0","0"
"0x7a6e0b9ab980","      USHF.L.U32 UR9, UR6, 0x1f, URZ","243","122","243","12288","393216","393216","32","32","0","-","-","-","0","0","0","0","0","0","0","0","0","0","0","0","0","0","0","0","0","47","0","0","0","196","0","0","0","0","0","0","0","0","0","0","0","0","0","0","0","0","122"
"0x7a6e0b9ab990","      SYNCS.ARRIVE.TRANS64.ART0 RZ, [UR5+0xa8], R37","0","0","0","12288","393216","393216","32","32","0","-","-","-","0","0","0","0","0","0","0","0","0","0","0","0","0","0","0","0","0","0","0","0","0","0","0","0","0","0","0","0","0","0","0","0","0","0","0","0","0","0","0"
"0x7a6e0b9ab9a0","      USHF.L.U32 UR8, UR11, 0x1f, URZ","0","0","0","12288","393216","393216","32","32","0","-","-","-","0","0","0","0","0","0","0","0","0","0","0","0","0","0","0","0","0","0","0","0","0","0","0","0","0","0","0","0","0","0","0","0","0","0","0","0","0","0","0"
"0x7a6e0b9ab9b0","      MOV R0, UR9","2","1","2","12288","393216","393216","32","32","0","-","-","-","0","0","0","0","0","0","0","0","0","0","1","0","0","0","0","0","0","0","0","0","0","1","0","0","0","0","0","0","0","0","0","0","0","0","0","0","0","0","1"
"0x7a6e0b9ab9c0","      MOV R4, UR8","0","0","0","12288","393216","393216","32","32","0","-","-","-","0","0","0","0","0","0","0","0","0","0","0","0","0","0","0","0","0","0","0","0","0","0","0","0","0","0","0","0","0","0","0","0","0","0","0","0","0","0","0"
"0x7a6e0b9ab9d0","      SYNCS.PHASECHK.TRANS64.TRYWAIT P0, [UR5+0x90], R0","1","0","1","12288","393216","393216","32","32","0","-","-","-","0","0","0","0","0","0","0","0","0","0","0","0","0","0","0","0","1","0","0","0","0","0","0","0","0","0","0","0","0","0","0","0","0","0","0","0","0","0","0"
"0x7a6e0b9ab9e0","@!P0  BRA 0x7a6e0b9ae220","98","60","98","12288","393216","393216","32","32","0","-","-","-","0","0","0","0","0","0","0","0","0","0","98","0","0","0","0","0","0","0","0","0","0","0","0","0","0","0","0","60","0","0","0","0","0","0","0","0","0","0","0"
"0x7a6e0b9ab9f0","      LDS R0, [R36+UR5+0x400]","4","1","4","12288","393216","393216","32","32","0","Shared","Load","32","1","0","12288","12288","0","0","0","0","0","0","0","0","0","0","0","0","0","1","0","0","0","3","0","0","0","0","0","0","0","0","0","0","0","0","0","0","0","0","1"
"0x7a6e0b9aba00","      SYNCS.ARRIVE.TRANS64.ART0 RZ, [UR5+0xa0], R37","0","0","0","12288","393216","393216","32","32","0","-","-","-","0","0","0","0","0","0","0","0","0","0","0","0","0","0","0","0","0","0","0","0","0","0","0","0","0","0","0","0","0","0","0","0","0","0","0","0","0","0","0"
"0x7a6e0b9aba10","      USHF.L.U32 UR6, UR10, 0x1f, URZ","0","0","0","12288","393216","393216","32","32","0","-","-","-","0","0","0","0","0","0","0","0","0","0","0","0","0","0","0","0","0","0","0","0","0","0","0","0","0","0","0","0","0","0","0","0","0","0","0","0","0","0","0"
"0x7a6e0b9aba20","      SYNCS.PHASECHK.TRANS64.TRYWAIT P0, [UR5+0x80], R4","0","0","0","12288","393216","393216","32","32","0","-","-","-","0","0","0","0","0","0","0","0","0","0","0","0","0","0","0","0","0","0","0","0","0","0","0","0","0","0","0","0","0","0","0","0","0","0","0","0","0","0","0"
"0x7a6e0b9aba30","      MOV R4, UR6","2","1","2","12288","393216","393216","32","32","0","-","-","-","0","0","0","0","0","0","0","0","0","0","1","0","0","0","0","0","0","0","0","0","0","1","0","0","0","0","0","1","0","0","0","0","0","0","0","0","0","0","0"
"0x7a6e0b9aba40","@!P0  BRA 0x7a6e0b9ae2a0","6","5","6","12288","393216","0","32","0","0","-","-","-","0","0","0","0","0","0","0","0","0","0","6","0","0","0","0","0","0","0","0","0","0","0","0","0","0","0","0","5","0","0","0","0","0","0","0","0","0","0","0"
"0x7a6e0b9aba50","      SYNCS.PHASECHK.TRANS64.TRYWAIT P0, [UR5+0xc0], R4","2","1","2","12288","393216","393216","32","32","0","-","-","-","0","0","0","0","0","0","0","0","0","0","0","0","0","0","0","0","1","0","0","0","0","1","0","0","0","0","0","0","0","0","0","0","0","0","0","0","0","0","1"
"0x7a6e0b9aba60","      FSETP.NE.AND P1, PT, R0, RZ, PT","0","0","0","12288","393216","393216","32","32","0","-","-","-","0","0","0","0","0","0","0","0","0","0","0","0","0","0","0","0","0","0","0","0","0","0","0","0","0","0","0","0","0","0","0","0","0","0","0","0","0","0","0"
"0x7a6e0b9aba70","      FSEL R0, R0, 1, P1","0","0","0","12288","393216","393216","32","32","0","-","-","-","0","0","0","0","0","0","0","0","0","0","0","0","0","0","0","0","0","0","0","0","0","0","0","0","0","0","0","0","0","0","0","0","0","0","0","0","0","0","0"
"0x7a6e0b9aba80","      MUFU.RCP R0, R0","1","0","1","12288","393216","393216","32","32","0","-","-","-","0","0","0","0","0","0","0","0","0","0","0","0","0","0","0","0","0","1","0","0","0","0","0","0","0","0","0","0","0","0","0","0","0","0","0","0","0","0","0"
"0x7a6e0b9aba90","@!P0  BRA 0x7a6e0b9ae320","5","3","5","12288","393216","0","32","0","0","-","-","-","0","0","0","0","0","0","0","0","0","0","5","0","0","0","0","0","0","0","0","0","0","0","0","0","0","0","0","3","0","0","0","0","0","0","0","0","0","0","0"
"0x7a6e0b9abaa0","      LDL R21, [R1+0x1c]","1","0","1","12288","393216","393216","32","32","0","Local","Load","32","0","0","0","0","49152","0","0","0","0","0","0","0","0","0","0","0","0","1","0","0","0","0","0","0","0","0","0","0","0","0","0","0","0","0","0","0","0","0","0"
"0x7a6e0b9abab0","      LDL R20, [R1+0x18]","0","0","0","12288","393216","393216","32","32","0","Local","Load","32","0","0","0","0","49152","0","0","0","0","0","0","0","0","0","0","0","0","0","0","0","0","0","0","0","0","0","0","0","0","0","0","0","0","0","0","0","0","0","0"
"0x7a6e0b9abac0","      LDL R2, [R1+0x14]","0","0","0","12288","393216","393216","32","32","0","Local","Load","32","0","0","0","0","49152","0","0","0","0","0","0","0","0","0","0","0","0","0","0","0","0","0","0","0","0","0","0","0","0","0","0","0","0","0","0","0","0","0","0"
"0x7a6e0b9abad0","      LDL R3, [R1+0x10]","0","0","0","12288","393216","393216","32","32","0","Local","Load","32","0","0","0","0","49152","0","0","0","0","0","0","0","0","0","0","0","0","0","0","0","0","0","0","0","0","0","0","0","0","0","0","0","0","0","0","0","0","0","0"
"0x7a6e0b9abae0","      LDL R35, [R1+0xc]","2","1","2","12288","393216","393216","32","32","0","Local","Load","32","0","0","0","0","49152","0","0","0","0","0","0","0","0","0","0","0","0","1","0","0","0","1","0","0","0","0","0","0","0","0","0","0","0","0","0","0","0","0","1"
"0x7a6e0b9abaf0","      LDL R34, [R1+0x8]","1","1","1","12288","393216","393216","32","32","0","Local","Load","32","0","0","0","0","49152","0","0","0","0","0","0","0","0","0","0","0","0","0","0","0","0","1","0","0","0","0","0","0","0","0","0","0","0","0","0","0","0","0","1"
"0x7a6e0b9abb00","      LDL R33, [R1+0x4]","0","0","0","12288","393216","393216","32","32","0","Local","Load","32","0","0","0","0","49152","0","0","0","0","0","0","0","0","0","0","0","0","0","0","0","0","0","0","0","0","0","0","0","0","0","0","0","0","0","0","0","0","0","0"
"0x7a6e0b9abb10","      LDL R32, [R1]","2","0","2","12288","393216","393216","32","32","0","Local","Load","32","0","0","0","0","49152","0","0","0","0","0","0","0","0","0","0","0","0","1","0","0","0","1","0","0","0","0","0","0","0","0","0","0","0","0","0","0","0","0","0"
"0x7a6e0b9abb20","      LDTM.x16 R4, tmem[UR4+0x100]","0","0","0","12288","393216","393216","32","32","0","Tmem","Load","-","0","0","0","0","0","0","0","0","0","0","0","0","0","0","0","0","0","0","0","0","0","0","0","0","0","0","0","0","0","0","0","0","0","0","0","0","0","0","0"
"0x7a6e0b9abb30","      FMUL2 R10, R10.F32x2.HI_LO, R0.F32","8","6","8","12288","393216","393216","32","32","0","-","-","-","0","0","0","0","0","0","0","0","0","0","0","0","0","0","0","0","0","0","8","0","0","0","0","0","0","0","0","0","0","0","0","0","0","0","0","6","0","0","0"
"0x7a6e0b9abb40","      FMUL2 R8, R8.F32x2.HI_LO, R0.F32","1","0","1","12288","393216","393216","32","32","0","-","-","-","0","0","0","0","0","0","0","0","0","0","0","0","0","0","0","0","0","1","0","0","0","0","0","0","0","0","0","0","0","0","0","0","0","0","0","0","0","0","0"
"0x7a6e0b9abb50","      FMUL2 R6, R6.F32x2.HI_LO, R0.F32","2","0","2","12288","393216","393216","32","32","0","-","-","-","0","0","0","0","0","0","0","0","0","0","0","0","0","0","0","0","0","2","0","0","0","0","0","0","0","0","0","0","0","0","0","0","0","0","0","0","0","0","0"
"0x7a6e0b9abb60","      F2FP.BF16.F32.PACK_AB R11, R11, R10","0","0","0","12288","393216","393216","32","32","0","-","-","-","0","0","0","0","0","0","0","0","0","0","0","0","0","0","0","0","0","0","0","0","0","0","0","0","0","0","0","0","0","0","0","0","0","0","0","0","0","0","0"
"0x7a6e0b9abb70","      FMUL2 R4, R4.F32x2.HI_LO, R0.F32","2","0","2","12288","393216","393216","32","32","0","-","-","-","0","0","0","0","0","0","0","0","0","0","0","0","0","0","0","0","0","2","0","0","0","0","0","0","0","0","0","0","0","0","0","0","0","0","0","0","0","0","0"
"0x7a6e0b9abb80","      F2FP.BF16.F32.PACK_AB R10, R9, R8","0","0","0","12288","393216","393216","32","32","0","-","-","-","0","0","0","0","0","0","0","0","0","0","0","0","0","0","0","0","0","0","0","0","0","0","0","0","0","0","0","0","0","0","0","0","0","0","0","0","0","0","0"
"0x7a6e0b9abb90","      FMUL2 R18, R18.F32x2.HI_LO, R0.F32","0","0","0","12288","393216","393216","32","32","0","-","-","-","0","0","0","0","0","0","0","0","0","0","0","0","0","0","0","0","0","0","0","0","0","0","0","0","0","0","0","0","0","0","0","0","0","0","0","0","0","0","0"
"0x7a6e0b9abba0","      F2FP.BF16.F32.PACK_AB R9, R7, R6","1","0","1","12288","393216","393216","32","32","0","-","-","-","0","0","0","0","0","0","0","0","0","0","0","0","0","0","0","0","0","1","0","0","0","0","0","0","0","0","0","0","0","0","0","0","0","0","0","0","0","0","0"
"0x7a6e0b9abbb0","      FMUL2 R16, R16.F32x2.HI_LO, R0.F32","0","0","0","12288","393216","393216","32","32","0","-","-","-","0","0","0","0","0","0","0","0","0","0","0","0","0","0","0","0","0","0","0","0","0","0","0","0","0","0","0","0","0","0","0","0","0","0","0","0","0","0","0"
"0x7a6e0b9abbc0","      F2FP.BF16.F32.PACK_AB R8, R5, R4","0","0","0","12288","393216","393216","32","32","0","-","-","-","0","0","0","0","0","0","0","0","0","0","0","0","0","0","0","0","0","0","0","0","0","0","0","0","0","0","0","0","0","0","0","0","0","0","0","0","0","0","0"
"0x7a6e0b9abbd0","      FMUL2 R14, R14.F32x2.HI_LO, R0.F32","0","0","0","12288","393216","393216","32","32","0","-","-","-","0","0","0","0","0","0","0","0","0","0","0","0","0","0","0","0","0","0","0","0","0","0","0","0","0","0","0","0","0","0","0","0","0","0","0","0","0","0","0"
"0x7a6e0b9abbe0","      F2FP.BF16.F32.PACK_AB R31, R19, R18","0","0","0","12288","393216","393216","32","32","0","-","-","-","0","0","0","0","0","0","0","0","0","0","0","0","0","0","0","0","0","0","0","0","0","0","0","0","0","0","0","0","0","0","0","0","0","0","0","0","0","0","0"
"0x7a6e0b9abbf0","      FMUL2 R12, R12.F32x2.HI_LO, R0.F32","0","0","0","12288","393216","393216","32","32","0","-","-","-","0","0","0","0","0","0","0","0","0","0","0","0","0","0","0","0","0","0","0","0","0","0","0","0","0","0","0","0","0","0","0","0","0","0","0","0","0","0","0"
"0x7a6e0b9abc00","      F2FP.BF16.F32.PACK_AB R30, R17, R16","1","0","1","12288","393216","393216","32","32","0","-","-","-","0","0","0","0","0","0","0","1","0","0","0","0","0","0","0","0","0","0","0","0","0","0","0","0","0","0","0","0","0","0","0","0","0","0","0","0","0","0","0"
"0x7a6e0b9abc10","      F2FP.BF16.F32.PACK_AB R29, R15, R14","1","0","1","12288","393216","393216","32","32","0","-","-","-","0","0","0","0","0","0","0","0","0","0","0","0","0","0","0","0","0","1","0","0","0","0","0","0","0","0","0","0","0","0","0","0","0","0","0","0","0","0","0"
"0x7a6e0b9abc20","      F2FP.BF16.F32.PACK_AB R28, R13, R12","0","0","0","12288","393216","393216","32","32","0","-","-","-","0","0","0","0","0","0","0","0","0","0","0","0","0","0","0","0","0","0","0","0","0","0","0","0","0","0","0","0","0","0","0","0","0","0","0","0","0","0","0"
"0x7a6e0b9abc30","      STS.128 [R21], R8","0","0","0","12288","393216","393216","32","32","0","Shared","Store","128","4","0","49152","49152","0","0","0","0","0","0","0","0","0","0","0","0","0","0","0","0","0","0","0","0","0","0","0","0","0","0","0","0","0","0","0","0","0","0","0"
"0x7a6e0b9abc40","      STS.128 [R20], R28","0","0","0","12288","393216","393216","32","32","0","Shared","Store","128","4","0","49152","49152","0","0","0","0","0","0","0","0","0","0","0","0","0","0","0","0","0","0","0","0","0","0","0","0","0","0","0","0","0","0","0","0","0","0","0"
"0x7a6e0b9abc50","      LDTM.x16 R4, tmem[UR4+0x110]","2","1","2","12288","393216","393216","32","32","0","Tmem","Load","-","0","0","0","0","0","0","0","0","0","0","0","0","0","0","0","0","0","0","2","0","0","0","0","0","0","0","0","0","0","0","0","0","0","0","0","1","0","0","0"
"0x7a6e0b9abc60","      IMAD.MOV.U32 R30, RZ, RZ, R21","5","3","5","12288","393216","393216","32","32","0","-","-","-","0","0","0","0","0","0","0","0","0","0","0","0","0","0","0","0","0","0","5","0","0","0","0","0","0","0","0","0","0","0","0","0","0","0","0","3","0","0","0"
"0x7a6e0b9abc70","      IMAD.MOV.U32 R31, RZ, RZ, R20","0","0","0","12288","393216","393216","32","32","0","-","-","-","0","0","0","0","0","0","0","0","0","0","0","0","0","0","0","0","0","0","0","0","0","0","0","0","0","0","0","0","0","0","0","0","0","0","0","0","0","0","0"
"0x7a6e0b9abc80","      FMUL2 R18, R18.F32x2.HI_LO, R0.F32","0","0","0","12288","393216","393216","32","32","0","-","-","-","0","0","0","0","0","0","0","0","0","0","0","0","0","0","0","0","0","0","0","0","0","0","0","0","0","0","0","0","0","0","0","0","0","0","0","0","0","0","0"
"0x7a6e0b9abc90","      FMUL2 R10, R10.F32x2.HI_LO, R0.F32","0","0","0","12288","393216","393216","32","32","0","-","-","-","0","0","0","0","0","0","0","0","0","0","0","0","0","0","0","0","0","0","0","0","0","0","0","0","0","0","0","0","0","0","0","0","0","0","0","0","0","0","0"
"0x7a6e0b9abca0","      FMUL2 R8, R8.F32x2.HI_LO, R0.F32","0","0","0","12288","393216","393216","32","32","0","-","-","-","0","0","0","0","0","0","0","0","0","0","0","0","0","0","0","0","0","0","0","0","0","0","0","0","0","0","0","0","0","0","0","0","0","0","0","0","0","0","0"
"0x7a6e0b9abcb0","      F2FP.BF16.F32.PACK_AB R27, R19, R18","2","0","2","12288","393216","393216","32","32","0","-","-","-","0","0","0","0","0","0","0","0","0","0","0","0","0","0","0","0","0","2","0","0","0","0","0","0","0","0","0","0","0","0","0","0","0","0","0","0","0","0","0"
"0x7a6e0b9abcc0","      FMUL2 R6, R6.F32x2.HI_LO, R0.F32","0","0","0","12288","393216","393216","32","32","0","-","-","-","0","0","0","0","0","0","0","0","0","0","0","0","0","0","0","0","0","0","0","0","0","0","0","0","0","0","0","0","0","0","0","0","0","0","0","0","0","0","0"
"0x7a6e0b9abcd0","      F2FP.BF16.F32.PACK_AB R23, R11, R10","0","0","0","12288","393216","393216","32","32","0","-","-","-","0","0","0","0","0","0","0","0","0","0","0","0","0","0","0","0","0","0","0","0","0","0","0","0","0","0","0","0","0","0","0","0","0","0","0","0","0","0","0"
"0x7a6e0b9abce0","      FMUL2 R4, R4.F32x2.HI_LO, R0.F32","0","0","0","12288","393216","393216","32","32","0","-","-","-","0","0","0","0","0","0","0","0","0","0","0","0","0","0","0","0","0","0","0","0","0","0","0","0","0","0","0","0","0","0","0","0","0","0","0","0","0","0","0"
"0x7a6e0b9abcf0","      F2FP.BF16.F32.PACK_AB R22, R9, R8","1","0","1","12288","393216","393216","32","32","0","-","-","-","0","0","0","0","0","0","0","0","0","0","0","0","0","0","0","0","0","1","0","0","0","0","0","0","0","0","0","0","0","0","0","0","0","0","0","0","0","0","0"
"0x7a6e0b9abd00","      FMUL2 R16, R16.F32x2.HI_LO, R0.F32","0","0","0","12288","393216","393216","32","32","0","-","-","-","0","0","0","0","0","0","0","0","0","0","0","0","0","0","0","0","0","0","0","0","0","0","0","0","0","0","0","0","0","0","0","0","0","0","0","0","0","0","0"
"0x7a6e0b9abd10","      F2FP.BF16.F32.PACK_AB R21, R7, R6","1","0","1","12288","393216","393216","32","32","0","-","-","-","0","0","0","0","0","0","0","0","0","0","0","0","0","0","0","0","0","1","0","0","0","0","0","0","0","0","0","0","0","0","0","0","0","0","0","0","0","0","0"
"0x7a6e0b9abd20","      FMUL2 R14, R14.F32x2.HI_LO, R0.F32","0","0","0","12288","393216","393216","32","32","0","-","-","-","0","0","0","0","0","0","0","0","0","0","0","0","0","0","0","0","0","0","0","0","0","0","0","0","0","0","0","0","0","0","0","0","0","0","0","0","0","0","0"
"0x7a6e0b9abd30","      F2FP.BF16.F32.PACK_AB R20, R5, R4","0","0","0","12288","393216","393216","32","32","0","-","-","-","0","0","0","0","0","0","0","0","0","0","0","0","0","0","0","0","0","0","0","0","0","0","0","0","0","0","0","0","0","0","0","0","0","0","0","0","0","0","0"
"0x7a6e0b9abd40","      FMUL2 R12, R12.F32x2.HI_LO, R0.F32","1","0","1","12288","393216","393216","32","32","0","-","-","-","0","0","0","0","0","0","0","0","0","0","0","0","0","0","0","0","0","1","0","0","0","0","0","0","0","0","0","0","0","0","0","0","0","0","0","0","0","0","0"
"0x7a6e0b9abd50","      F2FP.BF16.F32.PACK_AB R26, R17, R16","1","0","1","12288","393216","393216","32","32","0","-","-","-","0","0","0","0","0","0","0","1","0","0","0","0","0","0","0","0","0","0","0","0","0","0","0","0","0","0","0","0","0","0","0","0","0","0","0","0","0","0","0"
"0x7a6e0b9abd60","      F2FP.BF16.F32.PACK_AB R25, R15, R14","2","2","2","12288","393216","393216","32","32","0","-","-","-","0","0","0","0","0","0","0","1","0","0","0","1","0","0","0","0","0","0","0","0","0","0","0","0","1","0","0","0","1","0","0","0","0","0","0","0","0","0","0"
"0x7a6e0b9abd70","      STS.128 [R2], R20","0","0","0","12288","393216","393216","32","32","0","Shared","Store","128","4","0","49152","49152","0","0","0","0","0","0","0","0","0","0","0","0","0","0","0","0","0","0","0","0","0","0","0","0","0","0","0","0","0","0","0","0","0","0","0"
"0x7a6e0b9abd80","      F2FP.BF16.F32.PACK_AB R24, R13, R12","0","0","0","12288","393216","393216","32","32","0","-","-","-","0","0","0","0","0","0","0","0","0","0","0","0","0","0","0","0","0","0","0","0","0","0","0","0","0","0","0","0","0","0","0","0","0","0","0","0","0","0","0"
"0x7a6e0b9abd90","      LDTM.x16 R4, tmem[UR4+0x120]","1","0","1","12288","393216","393216","32","32","0","Tmem","Load","-","0","0","0","0","0","0","0","0","0","0","0","0","0","0","0","0","0","1","0","0","0","0","0","0","0","0","0","0","0","0","0","0","0","0","0","0","0","0","0"
"0x7a6e0b9abda0","      STS.128 [R3], R24","0","0","0","12288","393216","393216","32","32","0","Shared","Store","128","4","0","49152","49152","0","0","0","0","0","0","0","0","0","0","0","0","0","0","0","0","0","0","0","0","0","0","0","0","0","0","0","0","0","0","0","0","0","0","0"
"0x7a6e0b9abdb0","      FMUL2 R10, R10.F32x2.HI_LO, R0.F32","6","4","6","12288","393216","393216","32","32","0","-","-","-","0","0","0","0","0","0","0","0","0","0","0","0","0","0","0","0","0","2","4","0","0","0","0","0","0","0","0","0","0","0","0","0","0","0","0","4","0","0","0"
"0x7a6e0b9abdc0","      FMUL2 R8, R8.F32x2.HI_LO, R0.F32","1","0","1","12288","393216","393216","32","32","0","-","-","-","0","0","0","0","0","0","0","0","0","0","0","0","0","0","0","0","0","1","0","0","0","0","0","0","0","0","0","0","0","0","0","0","0","0","0","0","0","0","0"
"0x7a6e0b9abdd0","      MOV R22, R30","0","0","0","12288","393216","393216","32","32","0","-","-","-","0","0","0","0","0","0","0","0","0","0","0","0","0","0","0","0","0","0","0","0","0","0","0","0","0","0","0","0","0","0","0","0","0","0","0","0","0","0","0"
"0x7a6e0b9abde0","      FMUL2 R6, R6.F32x2.HI_LO, R0.F32","1","0","1","12288","393216","393216","32","32","0","-","-","-","0","0","0","0","0","0","0","0","0","0","0","0","0","0","0","0","0","1","0","0","0","0","0","0","0","0","0","0","0","0","0","0","0","0","0","0","0","0","0"
"0x7a6e0b9abdf0","      F2FP.BF16.F32.PACK_AB R11, R11, R10","0","0","0","12288","393216","393216","32","32","0","-","-","-","0","0","0","0","0","0","0","0","0","0","0","0","0","0","0","0","0","0","0","0","0","0","0","0","0","0","0","0","0","0","0","0","0","0","0","0","0","0","0"
"0x7a6e0b9abe00","      FMUL2 R4, R4.F32x2.HI_LO, R0.F32","0","0","0","12288","393216","393216","32","32","0","-","-","-","0","0","0","0","0","0","0","0","0","0","0","0","0","0","0","0","0","0","0","0","0","0","0","0","0","0","0","0","0","0","0","0","0","0","0","0","0","0","0"
"0x7a6e0b9abe10","      F2FP.BF16.F32.PACK_AB R10, R9, R8","0","0","0","12288","393216","393216","32","32","0","-","-","-","0","0","0","0","0","0","0","0","0","0","0","0","0","0","0","0","0","0","0","0","0","0","0","0","0","0","0","0","0","0","0","0","0","0","0","0","0","0","0"
"0x7a6e0b9abe20","      FMUL2 R18, R18.F32x2.HI_LO, R0.F32","0","0","0","12288","393216","393216","32","32","0","-","-","-","0","0","0","0","0","0","0","0","0","0","0","0","0","0","0","0","0","0","0","0","0","0","0","0","0","0","0","0","0","0","0","0","0","0","0","0","0","0","0"
"0x7a6e0b9abe30","      F2FP.BF16.F32.PACK_AB R9, R7, R6","2","0","2","12288","393216","393216","32","32","0","-","-","-","0","0","0","0","0","0","0","1","0","0","0","0","0","0","0","0","0","1","0","0","0","0","0","0","0","0","0","0","0","0","0","0","0","0","0","0","0","0","0"
"0x7a6e0b9abe40","      FMUL2 R16, R16.F32x2.HI_LO, R0.F32","0","0","0","12288","393216","393216","32","32","0","-","-","-","0","0","0","0","0","0","0","0","0","0","0","0","0","0","0","0","0","0","0","0","0","0","0","0","0","0","0","0","0","0","0","0","0","0","0","0","0","0","0"
"0x7a6e0b9abe50","      F2FP.BF16.F32.PACK_AB R8, R5, R4","0","0","0","12288","393216","393216","32","32","0","-","-","-","0","0","0","0","0","0","0","0","0","0","0","0","0","0","0","0","0","0","0","0","0","0","0","0","0","0","0","0","0","0","0","0","0","0","0","0","0","0","0"
"0x7a6e0b9abe60","      FMUL2 R14, R14.F32x2.HI_LO, R0.F32","0","0","0","12288","393216","393216","32","32","0","-","-","-","0","0","0","0","0","0","0","0","0","0","0","0","0","0","0","0","0","0","0","0","0","0","0","0","0","0","0","0","0","0","0","0","0","0","0","0","0","0","0"
"0x7a6e0b9abe70","      IMAD.MOV.U32 R23, RZ, RZ, R31","0","0","0","12288","393216","393216","32","32","0","-","-","-","0","0","0","0","0","0","0","0","0","0","0","0","0","0","0","0","0","0","0","0","0","0","0","0","0","0","0","0","0","0","0","0","0","0","0","0","0","0","0"
"0x7a6e0b9abe80","      FMUL2 R12, R12.F32x2.HI_LO, R0.F32","1","0","1","12288","393216","393216","32","32","0","-","-","-","0","0","0","0","0","0","0","0","0","0","0","0","0","0","0","0","0","1","0","0","0","0","0","0","0","0","0","0","0","0","0","0","0","0","0","0","0","0","0"
"0x7a6e0b9abe90","      F2FP.BF16.F32.PACK_AB R31, R19, R18","1","0","1","12288","393216","393216","32","32","0","-","-","-","0","0","0","0","0","0","0","0","0","0","0","0","0","0","0","0","0","1","0","0","0","0","0","0","0","0","0","0","0","0","0","0","0","0","0","0","0","0","0"
"0x7a6e0b9abea0","      STS.128 [R35], R8","0","0","0","12288","393216","393216","32","32","0","Shared","Store","128","4","0","49152","49152","0","0","0","0","0","0","0","0","0","0","0","0","0","0","0","0","0","0","0","0","0","0","0","0","0","0","0","0","0","0","0","0","0","0","0"
"0x7a6e0b9abeb0","      F2FP.BF16.F32.PACK_AB R30, R17, R16","0","0","0","12288","393216","393216","32","32","0","-","-","-","0","0","0","0","0","0","0","0","0","0","0","0","0","0","0","0","0","0","0","0","0","0","0","0","0","0","0","0","0","0","0","0","0","0","0","0","0","0","0"
"0x7a6e0b9abec0","      F2FP.BF16.F32.PACK_AB R29, R15, R14","1","0","1","12288","393216","393216","32","32","0","-","-","-","0","0","0","0","0","0","0","0","0","0","0","0","0","0","0","0","1","0","0","0","0","0","0","0","0","0","0","0","0","0","0","0","0","0","0","0","0","0","0"
"0x7a6e0b9abed0","      F2FP.BF16.F32.PACK_AB R28, R13, R12","0","0","0","12288","393216","393216","32","32","0","-","-","-","0","0","0","0","0","0","0","0","0","0","0","0","0","0","0","0","0","0","0","0","0","0","0","0","0","0","0","0","0","0","0","0","0","0","0","0","0","0","0"
"0x7a6e0b9abee0","      STS.128 [R34], R28","2","2","2","12288","393216","393216","32","32","0","Shared","Store","128","4","0","49152","49152","0","0","0","1","0","0","0","0","0","0","0","0","0","0","0","0","0","1","0","0","1","0","0","0","0","0","0","0","0","0","0","0","0","0","1"
"0x7a6e0b9abef0","      LDTM.x16 R4, tmem[UR4+0x130]","4","4","4","12288","393216","393216","32","32","0","Tmem","Load","-","0","0","0","0","0","0","0","0","0","0","0","0","0","0","0","0","0","0","4","0","0","0","0","0","0","0","0","0","0","0","0","0","0","0","0","4","0","0","0"
"0x7a6e0b9abf00","      MOV R30, R22","6","4","6","12288","393216","393216","32","32","0","-","-","-","0","0","0","0","0","0","0","0","0","0","0","0","0","0","0","0","0","0","6","0","0","0","0","0","0","0","0","0","0","0","0","0","0","0","0","4","0","0","0"
"0x7a6e0b9abf10","      IMAD.MOV.U32 R31, RZ, RZ, R23","1","0","1","12288","393216","393216","32","32","0","-","-","-","0","0","0","0","0","0","0","0","0","0","0","0","0","0","0","0","0","1","0","0","0","0","0","0","0","0","0","0","0","0","0","0","0","0","0","0","0","0","0"
"0x7a6e0b9abf20","      FMUL2 R18, R18.F32x2.HI_LO, R0.F32","0","0","0","12288","393216","393216","32","32","0","-","-","-","0","0","0","0","0","0","0","0","0","0","0","0","0","0","0","0","0","0","0","0","0","0","0","0","0","0","0","0","0","0","0","0","0","0","0","0","0","0","0"
"0x7a6e0b9abf30","      FMUL2 R10, R10.F32x2.HI_LO, R0.F32","1","0","1","12288","393216","393216","32","32","0","-","-","-","0","0","0","0","0","0","0","0","0","0","0","0","0","0","0","0","1","0","0","0","0","0","0","0","0","0","0","0","0","0","0","0","0","0","0","0","0","0","0"
"0x7a6e0b9abf40","      FMUL2 R8, R8.F32x2.HI_LO, R0.F32","1","0","1","12288","393216","393216","32","32","0","-","-","-","0","0","0","0","0","0","0","0","0","0","0","0","0","0","0","0","0","1","0","0","0","0","0","0","0","0","0","0","0","0","0","0","0","0","0","0","0","0","0"
"0x7a6e0b9abf50","      F2FP.BF16.F32.PACK_AB R27, R19, R18","0","0","0","12288","393216","393216","32","32","0","-","-","-","0","0","0","0","0","0","0","0","0","0","0","0","0","0","0","0","0","0","0","0","0","0","0","0","0","0","0","0","0","0","0","0","0","0","0","0","0","0","0"
"0x7a6e0b9abf60","      FMUL2 R6, R6.F32x2.HI_LO, R0.F32","0","0","0","12288","393216","393216","32","32","0","-","-","-","0","0","0","0","0","0","0","0","0","0","0","0","0","0","0","0","0","0","0","0","0","0","0","0","0","0","0","0","0","0","0","0","0","0","0","0","0","0","0"
"0x7a6e0b9abf70","      F2FP.BF16.F32.PACK_AB R23, R11, R10","0","0","0","12288","393216","393216","32","32","0","-","-","-","0","0","0","0","0","0","0","0","0","0","0","0","0","0","0","0","0","0","0","0","0","0","0","0","0","0","0","0","0","0","0","0","0","0","0","0","0","0","0"
"0x7a6e0b9abf80","      FMUL2 R4, R4.F32x2.HI_LO, R0.F32","0","0","0","12288","393216","393216","32","32","0","-","-","-","0","0","0","0","0","0","0","0","0","0","0","0","0","0","0","0","0","0","0","0","0","0","0","0","0","0","0","0","0","0","0","0","0","0","0","0","0","0","0"
"0x7a6e0b9abf90","      F2FP.BF16.F32.PACK_AB R22, R9, R8","0","0","0","12288","393216","393216","32","32","0","-","-","-","0","0","0","0","0","0","0","0","0","0","0","0","0","0","0","0","0","0","0","0","0","0","0","0","0","0","0","0","0","0","0","0","0","0","0","0","0","0","0"
"0x7a6e0b9abfa0","      FMUL2 R16, R16.F32x2.HI_LO, R0.F32","0","0","0","12288","393216","393216","32","32","0","-","-","-","0","0","0","0","0","0","0","0","0","0","0","0","0","0","0","0","0","0","0","0","0","0","0","0","0","0","0","0","0","0","0","0","0","0","0","0","0","0","0"
"0x7a6e0b9abfb0","      F2FP.BF16.F32.PACK_AB R21, R7, R6","1","0","1","12288","393216","393216","32","32","0","-","-","-","0","0","0","0","0","0","0","1","0","0","0","0","0","0","0","0","0","0","0","0","0","0","0","0","0","0","0","0","0","0","0","0","0","0","0","0","0","0","0"
"0x7a6e0b9abfc0","      FMUL2 R14, R14.F32x2.HI_LO, R0.F32","0","0","0","12288","393216","393216","32","32","0","-","-","-","0","0","0","0","0","0","0","0","0","0","0","0","0","0","0","0","0","0","0","0","0","0","0","0","0","0","0","0","0","0","0","0","0","0","0","0","0","0","0"
"0x7a6e0b9abfd0","      F2FP.BF16.F32.PACK_AB R20, R5, R4","0","0","0","12288","393216","393216","32","32","0","-","-","-","0","0","0","0","0","0","0","0","0","0","0","0","0","0","0","0","0","0","0","0","0","0","0","0","0","0","0","0","0","0","0","0","0","0","0","0","0","0","0"
"0x7a6e0b9abfe0","      FMUL2 R12, R12.F32x2.HI_LO, R0.F32","0","0","0","12288","393216","393216","32","32","0","-","-","-","0","0","0","0","0","0","0","0","0","0","0","0","0","0","0","0","0","0","0","0","0","0","0","0","0","0","0","0","0","0","0","0","0","0","0","0","0","0","0"
"0x7a6e0b9abff0","      F2FP.BF16.F32.PACK_AB R26, R17, R16","0","0","0","12288","393216","393216","32","32","0","-","-","-","0","0","0","0","0","0","0","0","0","0","0","0","0","0","0","0","0","0","0","0","0","0","0","0","0","0","0","0","0","0","0","0","0","0","0","0","0","0","0"
"0x7a6e0b9ac000","      F2FP.BF16.F32.PACK_AB R25, R15, R14","0","0","0","12288","393216","393216","32","32","0","-","-","-","0","0","0","0","0","0","0","0","0","0","0","0","0","0","0","0","0","0","0","0","0","0","0","0","0","0","0","0","0","0","0","0","0","0","0","0","0","0","0"
"0x7a6e0b9ac010","      STS.128 [R33], R20","0","0","0","12288","393216","393216","32","32","0","Shared","Store","128","4","0","49152","49152","0","0","0","0","0","0","0","0","0","0","0","0","0","0","0","0","0","0","0","0","0","0","0","0","0","0","0","0","0","0","0","0","0","0","0"
"0x7a6e0b9ac020","      F2FP.BF16.F32.PACK_AB R24, R13, R12","1","0","1","12288","393216","393216","32","32","0","-","-","-","0","0","0","0","0","0","0","0","0","0","0","0","0","0","0","0","0","1","0","0","0","0","0","0","0","0","0","0","0","0","0","0","0","0","0","0","0","0","0"
"0x7a6e0b9ac030","      LDTM.x16 R4, tmem[UR4+0x140]","0","0","0","12288","393216","393216","32","32","0","Tmem","Load","-","0","0","0","0","0","0","0","0","0","0","0","0","0","0","0","0","0","0","0","0","0","0","0","0","0","0","0","0","0","0","0","0","0","0","0","0","0","0","0"
"0x7a6e0b9ac040","      STS.128 [R32], R24","0","0","0","12288","393216","393216","32","32","0","Shared","Store","128","4","0","49152","49152","0","0","0","0","0","0","0","0","0","0","0","0","0","0","0","0","0","0","0","0","0","0","0","0","0","0","0","0","0","0","0","0","0","0","0"
"0x7a6e0b9ac050","      FMUL2 R10, R10.F32x2.HI_LO, R0.F32","6","6","6","12288","393216","393216","32","32","0","-","-","-","0","0","0","0","0","0","0","0","0","0","0","0","0","0","0","0","0","0","6","0","0","0","0","0","0","0","0","0","0","0","0","0","0","0","0","6","0","0","0"
"0x7a6e0b9ac060","      FMUL2 R8, R8.F32x2.HI_LO, R0.F32","0","0","0","12288","393216","393216","32","32","0","-","-","-","0","0","0","0","0","0","0","0","0","0","0","0","0","0","0","0","0","0","0","0","0","0","0","0","0","0","0","0","0","0","0","0","0","0","0","0","0","0","0"
"0x7a6e0b9ac070","      MOV R22, R30","0","0","0","12288","393216","393216","32","32","0","-","-","-","0","0","0","0","0","0","0","0","0","0","0","0","0","0","0","0","0","0","0","0","0","0","0","0","0","0","0","0","0","0","0","0","0","0","0","0","0","0","0"
"0x7a6e0b9ac080","      FMUL2 R6, R6.F32x2.HI_LO, R0.F32","0","0","0","12288","393216","393216","32","32","0","-","-","-","0","0","0","0","0","0","0","0","0","0","0","0","0","0","0","0","0","0","0","0","0","0","0","0","0","0","0","0","0","0","0","0","0","0","0","0","0","0","0"
"0x7a6e0b9ac090","      F2FP.BF16.F32.PACK_AB R11, R11, R10","2","0","2","12288","393216","393216","32","32","0","-","-","-","0","0","0","0","0","0","0","2","0","0","0","0","0","0","0","0","0","0","0","0","0","0","0","0","0","0","0","0","0","0","0","0","0","0","0","0","0","0","0"
"0x7a6e0b9ac0a0","      FMUL2 R4, R4.F32x2.HI_LO, R0.F32","0","0","0","12288","393216","393216","32","32","0","-","-","-","0","0","0","0","0","0","0","0","0","0","0","0","0","0","0","0","0","0","0","0","0","0","0","0","0","0","0","0","0","0","0","0","0","0","0","0","0","0","0"
"0x7a6e0b9ac0b0","      F2FP.BF16.F32.PACK_AB R10, R9, R8","2","0","2","12288","393216","393216","32","32","0","-","-","-","0","0","0","0","0","0","0","0","0","0","0","0","0","0","0","0","0","2","0","0","0","0","0","0","0","0","0","0","0","0","0","0","0","0","0","0","0","0","0"
"0x7a6e0b9ac0c0","      FMUL2 R18, R18.F32x2.HI_LO, R0.F32","1","0","1","12288","393216","393216","32","32","0","-","-","-","0","0","0","0","0","0","0","0","0","0","0","0","0","0","0","0","0","1","0","0","0","0","0","0","0","0","0","0","0","0","0","0","0","0","0","0","0","0","0"
"0x7a6e0b9ac0d0","      F2FP.BF16.F32.PACK_AB R9, R7, R6","1","0","1","12288","393216","393216","32","32","0","-","-","-","0","0","0","0","0","0","0","1","0","0","0","0","0","0","0","0","0","0","0","0","0","0","0","0","0","0","0","0","0","0","0","0","0","0","0","0","0","0","0"
"0x7a6e0b9ac0e0","      FMUL2 R16, R16.F32x2.HI_LO, R0.F32","0","0","0","12288","393216","393216","32","32","0","-","-","-","0","0","0","0","0","0","0","0","0","0","0","0","0","0","0","0","0","0","0","0","0","0","0","0","0","0","0","0","0","0","0","0","0","0","0","0","0","0","0"
"0x7a6e0b9ac0f0","      F2FP.BF16.F32.PACK_AB R8, R5, R4","0","0","0","12288","393216","393216","32","32","0","-","-","-","0","0","0","0","0","0","0","0","0","0","0","0","0","0","0","0","0","0","0","0","0","0","0","0","0","0","0","0","0","0","0","0","0","0","0","0","0","0","0"
"0x7a6e0b9ac100","      FMUL2 R14, R14.F32x2.HI_LO, R0.F32","0","0","0","12288","393216","393216","32","32","0","-","-","-","0","0","0","0","0","0","0","0","0","0","0","0","0","0","0","0","0","0","0","0","0","0","0","0","0","0","0","0","0","0","0","0","0","0","0","0","0","0","0"
"0x7a6e0b9ac110","      IMAD.MOV.U32 R23, RZ, RZ, R31","0","0","0","12288","393216","393216","32","32","0","-","-","-","0","0","0","0","0","0","0","0","0","0","0","0","0","0","0","0","0","0","0","0","0","0","0","0","0","0","0","0","0","0","0","0","0","0","0","0","0","0","0"
"0x7a6e0b9ac120","      FMUL2 R12, R12.F32x2.HI_LO, R0.F32","1","0","1","12288","393216","393216","32","32","0","-","-","-","0","0","0","0","0","0","0","0","0","0","0","0","0","0","0","0","0","0","0","0","0","1","0","0","0","0","0","0","0","0","0","0","0","0","0","0","0","0","0"
"0x7a6e0b9ac130","      F2FP.BF16.F32.PACK_AB R31, R19, R18","3","0","3","12288","393216","393216","32","32","0","-","-","-","0","0","0","0","0","0","0","1","0","0","0","0","0","0","0","0","0","2","0","0","0","0","0","0","0","0","0","0","0","0","0","0","0","0","0","0","0","0","0"
"0x7a6e0b9ac140","      STS.128 [R22+0x4000], R8","1","0","1","12288","393216","393216","32","32","0","Shared","Store","128","4","0","49152","49152","0","0","0","0","0","0","0","0","0","0","0","0","0","1","0","0","0","0","0","0","0","0","0","0","0","0","0","0","0","0","0","0","0","0","0"
"0x7a6e0b9ac150","      F2FP.BF16.F32.PACK_AB R30, R17, R16","0","0","0","12288","393216","393216","32","32","0","-","-","-","0","0","0","0","0","0","0","0","0","0","0","0","0","0","0","0","0","0","0","0","0","0","0","0","0","0","0","0","0","0","0","0","0","0","0","0","0","0","0"
"0x7a6e0b9ac160","      F2FP.BF16.F32.PACK_AB R29, R15, R14","1","1","1","12288","393216","393216","32","32","0","-","-","-","0","0","0","0","0","0","0","0","0","0","0","0","0","0","0","0","0","0","0","0","0","1","0","0","0","0","0","0","0","0","0","0","0","0","0","0","0","0","1"
"0x7a6e0b9ac170","      F2FP.BF16.F32.PACK_AB R28, R13, R12","1","0","1","12288","393216","393216","32","32","0","-","-","-","0","0","0","0","0","0","0","0","0","0","0","0","0","0","0","0","0","1","0","0","0","0","0","0","0","0","0","0","0","0","0","0","0","0","0","0","0","0","0"
"0x7a6e0b9ac180","      STS.128 [R23+0x4000], R28","0","0","0","12288","393216","393216","32","32","0","Shared","Store","128","4","0","49152","49152","0","0","0","0","0","0","0","0","0","0","0","0","0","0","0","0","0","0","0","0","0","0","0","0","0","0","0","0","0","0","0","0","0","0","0"
"0x7a6e0b9ac190","      LDTM.x16 R4, tmem[UR4+0x150]","2","2","2","12288","393216","393216","32","32","0","Tmem","Load","-","0","0","0","0","0","0","0","0","0","0","0","0","0","0","0","0","0","0","2","0","0","0","0","0","0","0","0","0","0","0","0","0","0","0","0","2","0","0","0"
"0x7a6e0b9ac1a0","      FMUL2 R18, R18.F32x2.HI_LO, R0.F32","4","3","4","12288","393216","393216","32","32","0","-","-","-","0","0","0","0","0","0","0","0","0","0","0","0","0","0","0","0","0","0","4","0","0","0","0","0","0","0","0","0","0","0","0","0","0","0","0","3","0","0","0"
"0x7a6e0b9ac1b0","      FMUL2 R10, R10.F32x2.HI_LO, R0.F32","0","0","0","12288","393216","393216","32","32","0","-","-","-","0","0","0","0","0","0","0","0","0","0","0","0","0","0","0","0","0","0","0","0","0","0","0","0","0","0","0","0","0","0","0","0","0","0","0","0","0","0","0"
"0x7a6e0b9ac1c0","      FMUL2 R8, R8.F32x2.HI_LO, R0.F32","0","0","0","12288","393216","393216","32","32","0","-","-","-","0","0","0","0","0","0","0","0","0","0","0","0","0","0","0","0","0","0","0","0","0","0","0","0","0","0","0","0","0","0","0","0","0","0","0","0","0","0","0"
"0x7a6e0b9ac1d0","      F2FP.BF16.F32.PACK_AB R27, R19, R18","0","0","0","12288","393216","393216","32","32","0","-","-","-","0","0","0","0","0","0","0","0","0","0","0","0","0","0","0","0","0","0","0","0","0","0","0","0","0","0","0","0","0","0","0","0","0","0","0","0","0","0","0"
"0x7a6e0b9ac1e0","      FMUL2 R6, R6.F32x2.HI_LO, R0.F32","1","0","1","12288","393216","393216","32","32","0","-","-","-","0","0","0","0","0","0","0","0","0","0","0","0","0","0","0","0","0","1","0","0","0","0","0","0","0","0","0","0","0","0","0","0","0","0","0","0","0","0","0"
"0x7a6e0b9ac1f0","      F2FP.BF16.F32.PACK_AB R23, R11, R10","0","0","0","12288","393216","393216","32","32","0","-","-","-","0","0","0","0","0","0","0","0","0","0","0","0","0","0","0","0","0","0","0","0","0","0","0","0","0","0","0","0","0","0","0","0","0","0","0","0","0","0","0"
"0x7a6e0b9ac200","      FMUL2 R4, R4.F32x2.HI_LO, R0.F32","0","0","0","12288","393216","393216","32","32","0","-","-","-","0","0","0","0","0","0","0","0","0","0","0","0","0","0","0","0","0","0","0","0","0","0","0","0","0","0","0","0","0","0","0","0","0","0","0","0","0","0","0"
"0x7a6e0b9ac210","      F2FP.BF16.F32.PACK_AB R22, R9, R8","0","0","0","12288","393216","393216","32","32","0","-","-","-","0","0","0","0","0","0","0","0","0","0","0","0","0","0","0","0","0","0","0","0","0","0","0","0","0","0","0","0","0","0","0","0","0","0","0","0","0","0","0"
"0x7a6e0b9ac220","      FMUL2 R16, R16.F32x2.HI_LO, R0.F32","0","0","0","12288","393216","393216","32","32","0","-","-","-","0","0","0","0","0","0","0","0","0","0","0","0","0","0","0","0","0","0","0","0","0","0","0","0","0","0","0","0","0","0","0","0","0","0","0","0","0","0","0"
"0x7a6e0b9ac230","      F2FP.BF16.F32.PACK_AB R21, R7, R6","0","0","0","12288","393216","393216","32","32","0","-","-","-","0","0","0","0","0","0","0","0","0","0","0","0","0","0","0","0","0","0","0","0","0","0","0","0","0","0","0","0","0","0","0","0","0","0","0","0","0","0","0"
"0x7a6e0b9ac240","      FMUL2 R14, R14.F32x2.HI_LO, R0.F32","0","0","0","12288","393216","393216","32","32","0","-","-","-","0","0","0","0","0","0","0","0","0","0","0","0","0","0","0","0","0","0","0","0","0","0","0","0","0","0","0","0","0","0","0","0","0","0","0","0","0","0","0"
"0x7a6e0b9ac250","      F2FP.BF16.F32.PACK_AB R20, R5, R4","0","0","0","12288","393216","393216","32","32","0","-","-","-","0","0","0","0","0","0","0","0","0","0","0","0","0","0","0","0","0","0","0","0","0","0","0","0","0","0","0","0","0","0","0","0","0","0","0","0","0","0","0"
"0x7a6e0b9ac260","      FMUL2 R12, R12.F32x2.HI_LO, R0.F32","1","0","1","12288","393216","393216","32","32","0","-","-","-","0","0","0","0","0","0","0","0","0","0","0","0","0","0","0","0","0","1","0","0","0","0","0","0","0","0","0","0","0","0","0","0","0","0","0","0","0","0","0"
"0x7a6e0b9ac270","      F2FP.BF16.F32.PACK_AB R26, R17, R16","0","0","0","12288","393216","393216","32","32","0","-","-","-","0","0","0","0","0","0","0","0","0","0","0","0","0","0","0","0","0","0","0","0","0","0","0","0","0","0","0","0","0","0","0","0","0","0","0","0","0","0","0"
"0x7a6e0b9ac280","      F2FP.BF16.F32.PACK_AB R25, R15, R14","2","1","2","12288","393216","393216","32","32","0","-","-","-","0","0","0","0","0","0","0","1","0","0","0","0","0","0","0","0","1","0","0","0","0","0","0","0","1","0","0","0","0","0","0","0","0","0","0","0","0","0","0"
"0x7a6e0b9ac290","      STS.128 [R2+0x4000], R20","0","0","0","12288","393216","393216","32","32","0","Shared","Store","128","4","0","49152","49152","0","0","0","0","0","0","0","0","0","0","0","0","0","0","0","0","0","0","0","0","0","0","0","0","0","0","0","0","0","0","0","0","0","0","0"
"0x7a6e0b9ac2a0","      F2FP.BF16.F32.PACK_AB R24, R13, R12","0","0","0","12288","393216","393216","32","32","0","-","-","-","0","0","0","0","0","0","0","0","0","0","0","0","0","0","0","0","0","0","0","0","0","0","0","0","0","0","0","0","0","0","0","0","0","0","0","0","0","0","0"
"0x7a6e0b9ac2b0","      LDTM.x16 R4, tmem[UR4+0x160]","0","0","0","12288","393216","393216","32","32","0","Tmem","Load","-","0","0","0","0","0","0","0","0","0","0","0","0","0","0","0","0","0","0","0","0","0","0","0","0","0","0","0","0","0","0","0","0","0","0","0","0","0","0","0"
"0x7a6e0b9ac2c0","      STS.128 [R3+0x4000], R24","1","0","1","12288","393216","393216","32","32","0","Shared","Store","128","4","0","49152","49152","0","0","0","0","0","0","0","0","0","0","0","0","0","0","0","0","0","1","0","0","0","0","0","0","0","0","0","0","0","0","0","0","0","0","0"
"0x7a6e0b9ac2d0","      FMUL2 R10, R10.F32x2.HI_LO, R0.F32","3","3","3","12288","393216","393216","32","32","0","-","-","-","0","0","0","0","0","0","0","0","0","0","0","0","0","0","0","0","0","0","3","0","0","0","0","0","0","0","0","0","0","0","0","0","0","0","0","3","0","0","0"
"0x7a6e0b9ac2e0","      FMUL2 R8, R8.F32x2.HI_LO, R0.F32","0","0","0","12288","393216","393216","32","32","0","-","-","-","0","0","0","0","0","0","0","0","0","0","0","0","0","0","0","0","0","0","0","0","0","0","0","0","0","0","0","0","0","0","0","0","0","0","0","0","0","0","0"
"0x7a6e0b9ac2f0","      FMUL2 R6, R6.F32x2.HI_LO, R0.F32","1","0","1","12288","393216","393216","32","32","0","-","-","-","0","0","0","0","0","0","0","0","0","0","0","0","0","0","0","0","0","1","0","0","0","0","0","0","0","0","0","0","0","0","0","0","0","0","0","0","0","0","0"
"0x7a6e0b9ac300","      F2FP.BF16.F32.PACK_AB R11, R11, R10","1","0","1","12288","393216","393216","32","32","0","-","-","-","0","0","0","0","0","0","0","0","0","0","0","0","0","0","0","0","0","1","0","0","0","0","0","0","0","0","0","0","0","0","0","0","0","0","0","0","0","0","0"
"0x7a6e0b9ac310","      FMUL2 R4, R4.F32x2.HI_LO, R0.F32","0","0","0","12288","393216","393216","32","32","0","-","-","-","0","0","0","0","0","0","0","0","0","0","0","0","0","0","0","0","0","0","0","0","0","0","0","0","0","0","0","0","0","0","0","0","0","0","0","0","0","0","0"
"0x7a6e0b9ac320","      F2FP.BF16.F32.PACK_AB R10, R9, R8","0","0","0","12288","393216","393216","32","32","0","-","-","-","0","0","0","0","0","0","0","0","0","0","0","0","0","0","0","0","0","0","0","0","0","0","0","0","0","0","0","0","0","0","0","0","0","0","0","0","0","0","0"
"0x7a6e0b9ac330","      FMUL2 R18, R18.F32x2.HI_LO, R0.F32","0","0","0","12288","393216","393216","32","32","0","-","-","-","0","0","0","0","0","0","0","0","0","0","0","0","0","0","0","0","0","0","0","0","0","0","0","0","0","0","0","0","0","0","0","0","0","0","0","0","0","0","0"
"0x7a6e0b9ac340","      F2FP.BF16.F32.PACK_AB R9, R7, R6","1","0","1","12288","393216","393216","32","32","0","-","-","-","0","0","0","0","0","0","0","0","0","0","0","0","0","0","0","0","0","1","0","0","0","0","0","0","0","0","0","0","0","0","0","0","0","0","0","0","0","0","0"
"0x7a6e0b9ac350","      FMUL2 R16, R16.F32x2.HI_LO, R0.F32","1","0","1","12288","393216","393216","32","32","0","-","-","-","0","0","0","0","0","0","0","0","0","0","0","0","0","0","0","0","0","1","0","0","0","0","0","0","0","0","0","0","0","0","0","0","0","0","0","0","0","0","0"
"0x7a6e0b9ac360","      F2FP.BF16.F32.PACK_AB R8, R5, R4","0","0","0","12288","393216","393216","32","32","0","-","-","-","0","0","0","0","0","0","0","0","0","0","0","0","0","0","0","0","0","0","0","0","0","0","0","0","0","0","0","0","0","0","0","0","0","0","0","0","0","0","0"
"0x7a6e0b9ac370","      FMUL2 R14, R14.F32x2.HI_LO, R0.F32","0","0","0","12288","393216","393216","32","32","0","-","-","-","0","0","0","0","0","0","0","0","0","0","0","0","0","0","0","0","0","0","0","0","0","0","0","0","0","0","0","0","0","0","0","0","0","0","0","0","0","0","0"
"0x7a6e0b9ac380","      F2FP.BF16.F32.PACK_AB R23, R19, R18","2","0","2","12288","393216","393216","32","32","0","-","-","-","0","0","0","0","0","0","0","1","0","0","0","0","0","0","0","0","0","1","0","0","0","0","0","0","0","0","0","0","0","0","0","0","0","0","0","0","0","0","0"
"0x7a6e0b9ac390","      FMUL2 R12, R12.F32x2.HI_LO, R0.F32","0","0","0","12288","393216","393216","32","32","0","-","-","-","0","0","0","0","0","0","0","0","0","0","0","0","0","0","0","0","0","0","0","0","0","0","0","0","0","0","0","0","0","0","0","0","0","0","0","0","0","0","0"
"0x7a6e0b9ac3a0","      F2FP.BF16.F32.PACK_AB R22, R17, R16","0","0","0","12288","393216","393216","32","32","0","-","-","-","0","0","0","0","0","0","0","0","0","0","0","0","0","0","0","0","0","0","0","0","0","0","0","0","0","0","0","0","0","0","0","0","0","0","0","0","0","0","0"
"0x7a6e0b9ac3b0","      STS.128 [R35+0x4000], R8","0","0","0","12288","393216","393216","32","32","0","Shared","Store","128","4","0","49152","49152","0","0","0","0","0","0","0","0","0","0","0","0","0","0","0","0","0","0","0","0","0","0","0","0","0","0","0","0","0","0","0","0","0","0","0"
"0x7a6e0b9ac3c0","      F2FP.BF16.F32.PACK_AB R21, R15, R14","0","0","0","12288","393216","393216","32","32","0","-","-","-","0","0","0","0","0","0","0","0","0","0","0","0","0","0","0","0","0","0","0","0","0","0","0","0","0","0","0","0","0","0","0","0","0","0","0","0","0","0","0"
"0x7a6e0b9ac3d0","      F2FP.BF16.F32.PACK_AB R20, R13, R12","0","0","0","12288","393216","393216","32","32","0","-","-","-","0","0","0","0","0","0","0","0","0","0","0","0","0","0","0","0","0","0","0","0","0","0","0","0","0","0","0","0","0","0","0","0","0","0","0","0","0","0","0"
"0x7a6e0b9ac3e0","      STS.128 [R34+0x4000], R20","0","0","0","12288","393216","393216","32","32","0","Shared","Store","128","4","0","49152","49152","0","0","0","0","0","0","0","0","0","0","0","0","0","0","0","0","0","0","0","0","0","0","0","0","0","0","0","0","0","0","0","0","0","0","0"
"0x7a6e0b9ac3f0","      LDTM.x16 R4, tmem[UR4+0x170]","2","2","2","12288","393216","393216","32","32","0","Tmem","Load","-","0","0","0","0","0","0","0","0","0","0","0","0","0","0","0","0","0","0","2","0","0","0","0","0","0","0","0","0","0","0","0","0","0","0","0","2","0","0","0"
"0x7a6e0b9ac400","      FMUL2 R2, R4.F32x2.HI_LO, R0.F32","5","4","5","12288","393216","393216","32","32","0","-","-","-","0","0","0","0","0","0","0","0","0","0","0","0","0","0","0","0","0","0","5","0","0","0","0","0","0","0","0","0","0","0","0","0","0","0","0","4","0","0","0"
"0x7a6e0b9ac410","      FMUL2 R4, R6.F32x2.HI_LO, R0.F32","1","0","1","12288","393216","393216","32","32","0","-","-","-","0","0","0","0","0","0","0","0","0","0","0","0","0","0","0","0","0","1","0","0","0","0","0","0","0","0","0","0","0","0","0","0","0","0","0","0","0","0","0"
"0x7a6e0b9ac420","      FMUL2 R6, R10.F32x2.HI_LO, R0.F32","0","0","0","12288","393216","393216","32","32","0","-","-","-","0","0","0","0","0","0","0","0","0","0","0","0","0","0","0","0","0","0","0","0","0","0","0","0","0","0","0","0","0","0","0","0","0","0","0","0","0","0","0"
"0x7a6e0b9ac430","      FMUL2 R8, R8.F32x2.HI_LO, R0.F32","0","0","0","12288","393216","393216","32","32","0","-","-","-","0","0","0","0","0","0","0","0","0","0","0","0","0","0","0","0","0","0","0","0","0","0","0","0","0","0","0","0","0","0","0","0","0","0","0","0","0","0","0"
"0x7a6e0b9ac440","      F2FP.BF16.F32.PACK_AB R5, R5, R4","0","0","0","12288","393216","393216","32","32","0","-","-","-","0","0","0","0","0","0","0","0","0","0","0","0","0","0","0","0","0","0","0","0","0","0","0","0","0","0","0","0","0","0","0","0","0","0","0","0","0","0","0"
"0x7a6e0b9ac450","      FMUL2 R18, R18.F32x2.HI_LO, R0.F32","1","0","1","12288","393216","393216","32","32","0","-","-","-","0","0","0","0","0","0","0","0","0","0","0","0","0","0","0","0","0","1","0","0","0","0","0","0","0","0","0","0","0","0","0","0","0","0","0","0","0","0","0"
"0x7a6e0b9ac460","      F2FP.BF16.F32.PACK_AB R7, R7, R6","0","0","0","12288","393216","393216","32","32","0","-","-","-","0","0","0","0","0","0","0","0","0","0","0","0","0","0","0","0","0","0","0","0","0","0","0","0","0","0","0","0","0","0","0","0","0","0","0","0","0","0","0"
"0x7a6e0b9ac470","      FMUL2 R16, R16.F32x2.HI_LO, R0.F32","0","0","0","12288","393216","393216","32","32","0","-","-","-","0","0","0","0","0","0","0","0","0","0","0","0","0","0","0","0","0","0","0","0","0","0","0","0","0","0","0","0","0","0","0","0","0","0","0","0","0","0","0"
"0x7a6e0b9ac480","      F2FP.BF16.F32.PACK_AB R6, R9, R8","0","0","0","12288","393216","393216","32","32","0","-","-","-","0","0","0","0","0","0","0","0","0","0","0","0","0","0","0","0","0","0","0","0","0","0","0","0","0","0","0","0","0","0","0","0","0","0","0","0","0","0","0"
"0x7a6e0b9ac490","      FMUL2 R12, R12.F32x2.HI_LO, R0.F32","1","0","1","12288","393216","393216","32","32","0","-","-","-","0","0","0","0","0","0","0","0","0","0","0","0","0","0","0","0","0","1","0","0","0","0","0","0","0","0","0","0","0","0","0","0","0","0","0","0","0","0","0"
"0x7a6e0b9ac4a0","      F2FP.BF16.F32.PACK_AB R4, R3, R2","0","0","0","12288","393216","393216","32","32","0","-","-","-","0","0","0","0","0","0","0","0","0","0","0","0","0","0","0","0","0","0","0","0","0","0","0","0","0","0","0","0","0","0","0","0","0","0","0","0","0","0","0"
"0x7a6e0b9ac4b0","      FMUL2 R14, R14.F32x2.HI_LO, R0.F32","0","0","0","12288","393216","393216","32","32","0","-","-","-","0","0","0","0","0","0","0","0","0","0","0","0","0","0","0","0","0","0","0","0","0","0","0","0","0","0","0","0","0","0","0","0","0","0","0","0","0","0","0"
"0x7a6e0b9ac4c0","      F2FP.BF16.F32.PACK_AB R11, R19, R18","0","0","0","12288","393216","393216","32","32","0","-","-","-","0","0","0","0","0","0","0","0","0","0","0","0","0","0","0","0","0","0","0","0","0","0","0","0","0","0","0","0","0","0","0","0","0","0","0","0","0","0","0"
"0x7a6e0b9ac4d0","      F2FP.BF16.F32.PACK_AB R10, R17, R16","0","0","0","12288","393216","393216","32","32","0","-","-","-","0","0","0","0","0","0","0","0","0","0","0","0","0","0","0","0","0","0","0","0","0","0","0","0","0","0","0","0","0","0","0","0","0","0","0","0","0","0","0"
"0x7a6e0b9ac4e0","      STS.128 [R33+0x4000], R4","0","0","0","12288","393216","393216","32","32","0","Shared","Store","128","4","0","49152","49152","0","0","0","0","0","0","0","0","0","0","0","0","0","0","0","0","0","0","0","0","0","0","0","0","0","0","0","0","0","0","0","0","0","0","0"
"0x7a6e0b9ac4f0","      F2FP.BF16.F32.PACK_AB R9, R15, R14","0","0","0","12288","393216","393216","32","32","0","-","-","-","0","0","0","0","0","0","0","0","0","0","0","0","0","0","0","0","0","0","0","0","0","0","0","0","0","0","0","0","0","0","0","0","0","0","0","0","0","0","0"
"0x7a6e0b9ac500","      F2FP.BF16.F32.PACK_AB R8, R13, R12","2","1","2","12288","393216","393216","32","32","0","-","-","-","0","0","0","0","0","0","0","0","0","0","0","0","0","0","0","0","1","0","0","0","0","1","0","0","0","0","0","0","0","0","0","0","0","0","0","0","0","0","1"
"0x7a6e0b9ac510","      MOV R0, UR9","0","0","0","12288","393216","393216","32","32","0","-","-","-","0","0","0","0","0","0","0","0","0","0","0","0","0","0","0","0","0","0","0","0","0","0","0","0","0","0","0","0","0","0","0","0","0","0","0","0","0","0","0"
"0x7a6e0b9ac520","      MOV R2, UR8","0","0","0","12288","393216","393216","32","32","0","-","-","-","0","0","0","0","0","0","0","0","0","0","0","0","0","0","0","0","0","0","0","0","0","0","0","0","0","0","0","0","0","0","0","0","0","0","0","0","0","0","0"
"0x7a6e0b9ac530","      STS.128 [R32+0x4000], R8","0","0","0","12288","393216","393216","32","32","0","Shared","Store","128","4","0","49152","49152","0","0","0","0","0","0","0","0","0","0","0","0","0","0","0","0","0","0","0","0","0","0","0","0","0","0","0","0","0","0","0","0","0","0","0"
"0x7a6e0b9ac540","      MEMBAR.ALL.CTA","0","0","0","12288","393216","393216","32","32","0","-","-","-","0","0","0","0","0","0","0","0","0","0","0","0","0","0","0","0","0","0","0","0","0","0","0","0","0","0","0","0","0","0","0","0","0","0","0","0","0","0","0"
"0x7a6e0b9ac550","      FENCE.VIEW.ASYNC.S","10","7","10","12288","393216","393216","32","32","0","-","-","-","0","0","0","0","0","0","0","0","0","0","7","0","0","0","0","0","0","1","0","0","0","2","0","0","0","0","0","6","0","0","0","0","0","0","0","0","0","0","1"
"0x7a6e0b9ac560","      SYNCS.ARRIVE.TRANS64.ART0 RZ, [UR5+0xb0], R37","7","5","7","12288","393216","393216","32","32","0","-","-","-","0","0","0","0","0","0","0","0","0","0","6","0","0","0","0","0","1","0","0","0","0","0","0","0","0","0","0","5","0","0","0","0","0","0","0","0","0","0","0"
"0x7a6e0b9ac570","      SYNCS.ARRIVE.TRANS64.ART0 RZ, [UR5+0x60], R37","0","0","0","12288","393216","393216","32","32","0","-","-","-","0","0","0","0","0","0","0","0","0","0","0","0","0","0","0","0","0","0","0","0","0","0","0","0","0","0","0","0","0","0","0","0","0","0","0","0","0","0","0"
"0x7a6e0b9ac580","      SYNCS.PHASECHK.TRANS64.TRYWAIT P0, [UR5+0x98], R0","0","0","0","12288","393216","393216","32","32","0","-","-","-","0","0","0","0","0","0","0","0","0","0","0","0","0","0","0","0","0","0","0","0","0","0","0","0","0","0","0","0","0","0","0","0","0","0","0","0","0","0","0"
"0x7a6e0b9ac590","@!P0  BRA 0x7a6e0b9ae3a0","47","34","47","12288","393216","0","32","0","0","-","-","-","0","0","0","0","0","0","0","0","0","0","47","0","0","0","0","0","0","0","0","0","0","0","0","0","0","0","0","34","0","0","0","0","0","0","0","0","0","0","0"
"0x7a6e0b9ac5a0","      LDS R0, [R36+UR5+0x600]","1","0","1","12288","393216","393216","32","32","0","Shared","Load","32","1","0","12288","12288","0","0","0","0","0","0","0","0","0","0","0","0","0","1","0","0","0","0","0","0","0","0","0","0","0","0","0","0","0","0","0","0","0","0","0"
"0x7a6e0b9ac5b0","      SYNCS.ARRIVE.TRANS64.ART0 RZ, [UR5+0xa8], R37","0","0","0","12288","393216","393216","32","32","0","-","-","-","0","0","0","0","0","0","0","0","0","0","0","0","0","0","0","0","0","0","0","0","0","0","0","0","0","0","0","0","0","0","0","0","0","0","0","0","0","0","0"
"0x7a6e0b9ac5c0","      MOV R4, UR6","0","0","0","12288","393216","393216","32","32","0","-","-","-","0","0","0","0","0","0","0","0","0","0","0","0","0","0","0","0","0","0","0","0","0","0","0","0","0","0","0","0","0","0","0","0","0","0","0","0","0","0","0"
"0x7a6e0b9ac5d0","      SYNCS.PHASECHK.TRANS64.TRYWAIT P0, [UR5+0x88], R2","0","0","0","12288","393216","393216","32","32","0","-","-","-","0","0","0","0","0","0","0","0","0","0","0","0","0","0","0","0","0","0","0","0","0","0","0","0","0","0","0","0","0","0","0","0","0","0","0","0","0","0","0"
"0x7a6e0b9ac5e0","@!P0  BRA 0x7a6e0b9ae440","10","8","10","12288","393216","0","32","0","0","-","-","-","0","0","0","0","0","0","0","0","0","0","8","0","0","0","0","0","0","0","0","0","0","2","0","0","0","0","0","7","0","0","0","0","0","0","0","0","0","0","1"
"0x7a6e0b9ac5f0","      SYNCS.PHASECHK.TRANS64.TRYWAIT P0, [UR5+0xc8], R4","0","0","0","12288","393216","393216","32","32","0","-","-","-","0","0","0","0","0","0","0","0","0","0","0","0","0","0","0","0","0","0","0","0","0","0","0","0","0","0","0","0","0","0","0","0","0","0","0","0","0","0","0"
"0x7a6e0b9ac600","      FSETP.NE.AND P1, PT, R0, RZ, PT","0","0","0","12288","393216","393216","32","32","0","-","-","-","0","0","0","0","0","0","0","0","0","0","0","0","0","0","0","0","0","0","0","0","0","0","0","0","0","0","0","0","0","0","0","0","0","0","0","0","0","0","0"
"0x7a6e0b9ac610","      FSEL R0, R0, 1, P1","0","0","0","12288","393216","393216","32","32","0","-","-","-","0","0","0","0","0","0","0","0","0","0","0","0","0","0","0","0","0","0","0","0","0","0","0","0","0","0","0","0","0","0","0","0","0","0","0","0","0","0","0"
"0x7a6e0b9ac620","      MUFU.RCP R0, R0","1","1","1","12288","393216","393216","32","32","0","-","-","-","0","0","0","0","0","0","0","0","0","0","0","0","0","0","0","0","0","0","0","0","0","1","0","0","0","0","0","0","0","0","0","0","0","0","0","0","0","0","1"
"0x7a6e0b9ac630","@!P0  BRA 0x7a6e0b9ae4c0","3","2","3","12288","393216","0","32","0","0","-","-","-","0","0","0","0","0","0","0","0","0","0","3","0","0","0","0","0","0","0","0","0","0","0","0","0","0","0","0","2","0","0","0","0","0","0","0","0","0","0","0"
"0x7a6e0b9ac640","      LDTM.x16 R4, tmem[UR4+0x180]","0","0","0","12288","393216","393216","32","32","0","Tmem","Load","-","0","0","0","0","0","0","0","0","0","0","0","0","0","0","0","0","0","0","0","0","0","0","0","0","0","0","0","0","0","0","0","0","0","0","0","0","0","0","0"
"0x7a6e0b9ac650","      LDCU UR6, c[0x0][0x5ec]","0","0","0","12288","393216","393216","32","32","0","-","-","-","0","0","0","0","0","0","0","0","0","0","0","0","0","0","0","0","0","0","0","0","0","0","0","0","0","0","0","0","0","0","0","0","0","0","0","0","0","0","0"
"0x7a6e0b9ac660","      UIADD3 UR12, UR17, UR12, URZ","0","0","0","12288","393216","393216","32","32","0","-","-","-","0","0","0","0","0","0","0","0","0","0","0","0","0","0","0","0","0","0","0","0","0","0","0","0","0","0","0","0","0","0","0","0","0","0","0","0","0","0","0"
"0x7a6e0b9ac670","      ULOP3.LUT UR11, UR11, 0x1, URZ, 0x3c, !UPT","0","0","0","12288","393216","393216","32","32","0","-","-","-","0","0","0","0","0","0","0","0","0","0","0","0","0","0","0","0","0","0","0","0","0","0","0","0","0","0","0","0","0","0","0","0","0","0","0","0","0","0","0"
"0x7a6e0b9ac680","      ULOP3.LUT UR10, UR10, 0x1, URZ, 0x3c, !UPT","0","0","0","12288","393216","393216","32","32","0","-","-","-","0","0","0","0","0","0","0","0","0","0","0","0","0","0","0","0","0","0","0","0","0","0","0","0","0","0","0","0","0","0","0","0","0","0","0","0","0","0","0"
"0x7a6e0b9ac690","      UISETP.GE.AND UP0, UPT, UR12, UR6, UPT","2","1","2","12288","393216","393216","32","32","0","-","-","-","0","0","0","0","0","0","0","0","0","0","0","0","0","0","0","0","0","0","1","0","0","1","0","0","0","0","0","0","0","0","0","0","0","0","0","1","0","0","0"
"0x7a6e0b9ac6a0","      FMUL2 R10, R10.F32x2.HI_LO, R0.F32","0","0","0","12288","393216","393216","32","32","0","-","-","-","0","0","0","0","0","0","0","0","0","0","0","0","0","0","0","0","0","0","0","0","0","0","0","0","0","0","0","0","0","0","0","0","0","0","0","0","0","0","0"
"0x7a6e0b9ac6b0","      FMUL2 R8, R8.F32x2.HI_LO, R0.F32","0","0","0","12288","393216","393216","32","32","0","-","-","-","0","0","0","0","0","0","0","0","0","0","0","0","0","0","0","0","0","0","0","0","0","0","0","0","0","0","0","0","0","0","0","0","0","0","0","0","0","0","0"
"0x7a6e0b9ac6c0","      FMUL2 R6, R6.F32x2.HI_LO, R0.F32","2","0","2","12288","393216","393216","32","32","0","-","-","-","0","0","0","0","0","0","0","0","0","0","0","0","0","0","0","0","0","2","0","0","0","0","0","0","0","0","0","0","0","0","0","0","0","0","0","0","0","0","0"
"0x7a6e0b9ac6d0","      F2FP.BF16.F32.PACK_AB R11, R11, R10","0","0","0","12288","393216","393216","32","32","0","-","-","-","0","0","0","0","0","0","0","0","0","0","0","0","0","0","0","0","0","0","0","0","0","0","0","0","0","0","0","0","0","0","0","0","0","0","0","0","0","0","0"
"0x7a6e0b9ac6e0","      FMUL2 R4, R4.F32x2.HI_LO, R0.F32","0","0","0","12288","393216","393216","32","32","0","-","-","-","0","0","0","0","0","0","0","0","0","0","0","0","0","0","0","0","0","0","0","0","0","0","0","0","0","0","0","0","0","0","0","0","0","0","0","0","0","0","0"
"0x7a6e0b9ac6f0","      F2FP.BF16.F32.PACK_AB R10, R9, R8","0","0","0","12288","393216","393216","32","32","0","-","-","-","0","0","0","0","0","0","0","0","0","0","0","0","0","0","0","0","0","0","0","0","0","0","0","0","0","0","0","0","0","0","0","0","0","0","0","0","0","0","0"
"0x7a6e0b9ac700","      FMUL2 R18, R18.F32x2.HI_LO, R0.F32","0","0","0","12288","393216","393216","32","32","0","-","-","-","0","0","0","0","0","0","0","0","0","0","0","0","0","0","0","0","0","0","0","0","0","0","0","0","0","0","0","0","0","0","0","0","0","0","0","0","0","0","0"
"0x7a6e0b9ac710","      F2FP.BF16.F32.PACK_AB R9, R7, R6","0","0","0","12288","393216","393216","32","32","0","-","-","-","0","0","0","0","0","0","0","0","0","0","0","0","0","0","0","0","0","0","0","0","0","0","0","0","0","0","0","0","0","0","0","0","0","0","0","0","0","0","0"
"0x7a6e0b9ac720","      FMUL2 R16, R16.F32x2.HI_LO, R0.F32","0","0","0","12288","393216","393216","32","32","0","-","-","-","0","0","0","0","0","0","0","0","0","0","0","0","0","0","0","0","0","0","0","0","0","0","0","0","0","0","0","0","0","0","0","0","0","0","0","0","0","0","0"
"0x7a6e0b9ac730","      F2FP.BF16.F32.PACK_AB R8, R5, R4","1","0","1","12288","393216","393216","32","32","0","-","-","-","0","0","0","0","0","0","0","0","0","0","0","0","0","0","0","0","0","1","0","0","0","0","0","0","0","0","0","0","0","0","0","0","0","0","0","0","0","0","0"
"0x7a6e0b9ac740","      FMUL2 R14, R14.F32x2.HI_LO, R0.F32","0","0","0","12288","393216","393216","32","32","0","-","-","-","0","0","0","0","0","0","0","0","0","0","0","0","0","0","0","0","0","0","0","0","0","0","0","0","0","0","0","0","0","0","0","0","0","0","0","0","0","0","0"
"0x7a6e0b9ac750","      F2FP.BF16.F32.PACK_AB R31, R19, R18","0","0","0","12288","393216","393216","32","32","0","-","-","-","0","0","0","0","0","0","0","0","0","0","0","0","0","0","0","0","0","0","0","0","0","0","0","0","0","0","0","0","0","0","0","0","0","0","0","0","0","0","0"
"0x7a6e0b9ac760","      FMUL2 R12, R12.F32x2.HI_LO, R0.F32","0","0","0","12288","393216","393216","32","32","0","-","-","-","0","0","0","0","0","0","0","0","0","0","0","0","0","0","0","0","0","0","0","0","0","0","0","0","0","0","0","0","0","0","0","0","0","0","0","0","0","0","0"
"0x7a6e0b9ac770","      F2FP.BF16.F32.PACK_AB R30, R17, R16","0","0","0","12288","393216","393216","32","32","0","-","-","-","0","0","0","0","0","0","0","0","0","0","0","0","0","0","0","0","0","0","0","0","0","0","0","0","0","0","0","0","0","0","0","0","0","0","0","0","0","0","0"
"0x7a6e0b9ac780","      STS.128 [R45], R8","3","2","3","12288","393216","393216","32","32","0","Shared","Store","128","4","0","49152","49152","0","0","0","0","0","0","0","0","0","0","0","3","0","0","0","0","0","0","0","0","0","0","0","0","0","0","0","0","2","0","0","0","0","0","0"
"0x7a6e0b9ac790","      F2FP.BF16.F32.PACK_AB R29, R15, R14","0","0","0","12288","393216","393216","32","32","0","-","-","-","0","0","0","0","0","0","0","0","0","0","0","0","0","0","0","0","0","0","0","0","0","0","0","0","0","0","0","0","0","0","0","0","0","0","0","0","0","0","0"
"0x7a6e0b9ac7a0","      F2FP.BF16.F32.PACK_AB R28, R13, R12","0","0","0","12288","393216","393216","32","32","0","-","-","-","0","0","0","0","0","0","0","0","0","0","0","0","0","0","0","0","0","0","0","0","0","0","0","0","0","0","0","0","0","0","0","0","0","0","0","0","0","0","0"
"0x7a6e0b9ac7b0","      STS.128 [R44], R28","1","1","1","12288","393216","393216","32","32","0","Shared","Store","128","4","0","49152","49152","0","0","0","0","0","0","0","0","0","0","0","0","0","0","0","0","0","1","0","0","0","0","0","0","0","0","0","0","0","0","0","0","0","0","1"
"0x7a6e0b9ac7c0","      LDTM.x16 R4, tmem[UR4+0x190]","3","3","3","12288","393216","393216","32","32","0","Tmem","Load","-","0","0","0","0","0","0","0","0","0","0","0","0","0","0","0","0","0","0","3","0","0","0","0","0","0","0","0","0","0","0","0","0","0","0","0","3","0","0","0"
"0x7a6e0b9ac7d0","      FMUL2 R18, R18.F32x2.HI_LO, R0.F32","4","4","4","12288","393216","393216","32","32","0","-","-","-","0","0","0","0","0","0","0","0","0","0","0","0","0","0","0","0","0","0","4","0","0","0","0","0","0","0","0","0","0","0","0","0","0","0","0","4","0","0","0"
"0x7a6e0b9ac7e0","      FMUL2 R10, R10.F32x2.HI_LO, R0.F32","1","1","1","12288","393216","393216","32","32","0","-","-","-","0","0","0","0","0","0","0","0","0","0","0","0","0","0","0","0","0","0","0","0","0","1","0","0","0","0","0","0","0","0","0","0","0","0","0","0","0","0","1"
"0x7a6e0b9ac7f0","      FMUL2 R8, R8.F32x2.HI_LO, R0.F32","1","1","1","12288","393216","393216","32","32","0","-","-","-","0","0","0","0","0","0","0","0","0","0","0","0","0","0","0","0","0","0","0","0","0","1","0","0","0","0","0","0","0","0","0","0","0","0","0","0","0","0","1"
"0x7a6e0b9ac800","      F2FP.BF16.F32.PACK_AB R27, R19, R18","0","0","0","12288","393216","393216","32","32","0","-","-","-","0","0","0","0","0","0","0","0","0","0","0","0","0","0","0","0","0","0","0","0","0","0","0","0","0","0","0","0","0","0","0","0","0","0","0","0","0","0","0"
"0x7a6e0b9ac810","      FMUL2 R6, R6.F32x2.HI_LO, R0.F32","1","0","1","12288","393216","393216","32","32","0","-","-","-","0","0","0","0","0","0","0","0","0","0","0","0","0","0","0","0","0","1","0","0","0","0","0","0","0","0","0","0","0","0","0","0","0","0","0","0","0","0","0"
"0x7a6e0b9ac820","      F2FP.BF16.F32.PACK_AB R23, R11, R10","0","0","0","12288","393216","393216","32","32","0","-","-","-","0","0","0","0","0","0","0","0","0","0","0","0","0","0","0","0","0","0","0","0","0","0","0","0","0","0","0","0","0","0","0","0","0","0","0","0","0","0","0"
"0x7a6e0b9ac830","      FMUL2 R4, R4.F32x2.HI_LO, R0.F32","0","0","0","12288","393216","393216","32","32","0","-","-","-","0","0","0","0","0","0","0","0","0","0","0","0","0","0","0","0","0","0","0","0","0","0","0","0","0","0","0","0","0","0","0","0","0","0","0","0","0","0","0"
"0x7a6e0b9ac840","      F2FP.BF16.F32.PACK_AB R22, R9, R8","0","0","0","12288","393216","393216","32","32","0","-","-","-","0","0","0","0","0","0","0","0","0","0","0","0","0","0","0","0","0","0","0","0","0","0","0","0","0","0","0","0","0","0","0","0","0","0","0","0","0","0","0"
"0x7a6e0b9ac850","      FMUL2 R16, R16.F32x2.HI_LO, R0.F32","1","0","1","12288","393216","393216","32","32","0","-","-","-","0","0","0","0","0","0","0","0","0","0","0","0","0","0","0","0","0","1","0","0","0","0","0","0","0","0","0","0","0","0","0","0","0","0","0","0","0","0","0"
"0x7a6e0b9ac860","      F2FP.BF16.F32.PACK_AB R21, R7, R6","0","0","0","12288","393216","393216","32","32","0","-","-","-","0","0","0","0","0","0","0","0","0","0","0","0","0","0","0","0","0","0","0","0","0","0","0","0","0","0","0","0","0","0","0","0","0","0","0","0","0","0","0"
"0x7a6e0b9ac870","      FMUL2 R14, R14.F32x2.HI_LO, R0.F32","1","0","1","12288","393216","393216","32","32","0","-","-","-","0","0","0","0","0","0","0","0","0","0","0","0","0","0","0","0","0","1","0","0","0","0","0","0","0","0","0","0","0","0","0","0","0","0","0","0","0","0","0"
"0x7a6e0b9ac880","      F2FP.BF16.F32.PACK_AB R20, R5, R4","1","0","1","12288","393216","393216","32","32","0","-","-","-","0","0","0","0","0","0","0","1","0","0","0","0","0","0","0","0","0","0","0","0","0","0","0","0","0","0","0","0","0","0","0","0","0","0","0","0","0","0","0"
"0x7a6e0b9ac890","      FMUL2 R12, R12.F32x2.HI_LO, R0.F32","0","0","0","12288","393216","393216","32","32","0","-","-","-","0","0","0","0","0","0","0","0","0","0","0","0","0","0","0","0","0","0","0","0","0","0","0","0","0","0","0","0","0","0","0","0","0","0","0","0","0","0","0"
"0x7a6e0b9ac8a0","      F2FP.BF16.F32.PACK_AB R26, R17, R16","0","0","0","12288","393216","393216","32","32","0","-","-","-","0","0","0","0","0","0","0","0","0","0","0","0","0","0","0","0","0","0","0","0","0","0","0","0","0","0","0","0","0","0","0","0","0","0","0","0","0","0","0"
"0x7a6e0b9ac8b0","      F2FP.BF16.F32.PACK_AB R25, R15, R14","1","1","1","12288","393216","393216","32","32","0","-","-","-","0","0","0","0","0","0","0","0","0","0","0","0","0","0","0","0","0","0","0","0","0","1","0","0","0","0","0","0","0","0","0","0","0","0","0","0","0","0","1"
"0x7a6e0b9ac8c0","      STS.128 [R43], R20","0","0","0","12288","393216","393216","32","32","0","Shared","Store","128","4","0","49152","49152","0","0","0","0","0","0","0","0","0","0","0","0","0","0","0","0","0","0","0","0","0","0","0","0","0","0","0","0","0","0","0","0","0","0","0"
"0x7a6e0b9ac8d0","      F2FP.BF16.F32.PACK_AB R24, R13, R12","0","0","0","12288","393216","393216","32","32","0","-","-","-","0","0","0","0","0","0","0","0","0","0","0","0","0","0","0","0","0","0","0","0","0","0","0","0","0","0","0","0","0","0","0","0","0","0","0","0","0","0","0"
"0x7a6e0b9ac8e0","      LDTM.x16 R4, tmem[UR4+0x1a0]","0","0","0","12288","393216","393216","32","32","0","Tmem","Load","-","0","0","0","0","0","0","0","0","0","0","0","0","0","0","0","0","0","0","0","0","0","0","0","0","0","0","0","0","0","0","0","0","0","0","0","0","0","0","0"
"0x7a6e0b9ac8f0","      STS.128 [R42], R24","0","0","0","12288","393216","393216","32","32","0","Shared","Store","128","4","0","49152","49152","0","0","0","0","0","0","0","0","0","0","0","0","0","0","0","0","0","0","0","0","0","0","0","0","0","0","0","0","0","0","0","0","0","0","0"
"0x7a6e0b9ac900","      FMUL2 R10, R10.F32x2.HI_LO, R0.F32","4","4","4","12288","393216","393216","32","32","0","-","-","-","0","0","0","0","0","0","0","0","0","0","0","0","0","0","0","0","0","0","4","0","0","0","0","0","0","0","0","0","0","0","0","0","0","0","0","4","0","0","0"
"0x7a6e0b9ac910","      FMUL2 R8, R8.F32x2.HI_LO, R0.F32","1","0","1","12288","393216","393216","32","32","0","-","-","-","0","0","0","0","0","0","0","0","0","0","0","0","0","0","0","0","0","1","0","0","0","0","0","0","0","0","0","0","0","0","0","0","0","0","0","0","0","0","0"
"0x7a6e0b9ac920","      FMUL2 R6, R6.F32x2.HI_LO, R0.F32","1","1","1","12288","393216","393216","32","32","0","-","-","-","0","0","0","0","0","0","0","0","0","0","0","0","0","0","0","0","0","0","0","0","0","1","0","0","0","0","0","0","0","0","0","0","0","0","0","0","0","0","1"
"0x7a6e0b9ac930","      F2FP.BF16.F32.PACK_AB R11, R11, R10","0","0","0","12288","393216","393216","32","32","0","-","-","-","0","0","0","0","0","0","0","0","0","0","0","0","0","0","0","0","0","0","0","0","0","0","0","0","0","0","0","0","0","0","0","0","0","0","0","0","0","0","0"
"0x7a6e0b9ac940","      FMUL2 R4, R4.F32x2.HI_LO, R0.F32","0","0","0","12288","393216","393216","32","32","0","-","-","-","0","0","0","0","0","0","0","0","0","0","0","0","0","0","0","0","0","0","0","0","0","0","0","0","0","0","0","0","0","0","0","0","0","0","0","0","0","0","0"
"0x7a6e0b9ac950","      F2FP.BF16.F32.PACK_AB R10, R9, R8","1","0","1","12288","393216","393216","32","32","0","-","-","-","0","0","0","0","0","0","0","0","0","0","0","0","0","0","0","0","0","1","0","0","0","0","0","0","0","0","0","0","0","0","0","0","0","0","0","0","0","0","0"
"0x7a6e0b9ac960","      FMUL2 R18, R18.F32x2.HI_LO, R0.F32","0","0","0","12288","393216","393216","32","32","0","-","-","-","0","0","0","0","0","0","0","0","0","0","0","0","0","0","0","0","0","0","0","0","0","0","0","0","0","0","0","0","0","0","0","0","0","0","0","0","0","0","0"
"0x7a6e0b9ac970","      F2FP.BF16.F32.PACK_AB R9, R7, R6","0","0","0","12288","393216","393216","32","32","0","-","-","-","0","0","0","0","0","0","0","0","0","0","0","0","0","0","0","0","0","0","0","0","0","0","0","0","0","0","0","0","0","0","0","0","0","0","0","0","0","0","0"
"0x7a6e0b9ac980","      FMUL2 R16, R16.F32x2.HI_LO, R0.F32","0","0","0","12288","393216","393216","32","32","0","-","-","-","0","0","0","0","0","0","0","0","0","0","0","0","0","0","0","0","0","0","0","0","0","0","0","0","0","0","0","0","0","0","0","0","0","0","0","0","0","0","0"
"0x7a6e0b9ac990","      F2FP.BF16.F32.PACK_AB R8, R5, R4","2","0","2","12288","393216","393216","32","32","0","-","-","-","0","0","0","0","0","0","0","2","0","0","0","0","0","0","0","0","0","0","0","0","0","0","0","0","0","0","0","0","0","0","0","0","0","0","0","0","0","0","0"
"0x7a6e0b9ac9a0","      FMUL2 R14, R14.F32x2.HI_LO, R0.F32","0","0","0","12288","393216","393216","32","32","0","-","-","-","0","0","0","0","0","0","0","0","0","0","0","0","0","0","0","0","0","0","0","0","0","0","0","0","0","0","0","0","0","0","0","0","0","0","0","0","0","0","0"
"0x7a6e0b9ac9b0","      F2FP.BF16.F32.PACK_AB R31, R19, R18","1","0","1","12288","393216","393216","32","32","0","-","-","-","0","0","0","0","0","0","0","0","0","0","0","0","0","0","0","0","0","1","0","0","0","0","0","0","0","0","0","0","0","0","0","0","0","0","0","0","0","0","0"
"0x7a6e0b9ac9c0","      FMUL2 R12, R12.F32x2.HI_LO, R0.F32","0","0","0","12288","393216","393216","32","32","0","-","-","-","0","0","0","0","0","0","0","0","0","0","0","0","0","0","0","0","0","0","0","0","0","0","0","0","0","0","0","0","0","0","0","0","0","0","0","0","0","0","0"
"0x7a6e0b9ac9d0","      F2FP.BF16.F32.PACK_AB R30, R17, R16","0","0","0","12288","393216","393216","32","32","0","-","-","-","0","0","0","0","0","0","0","0","0","0","0","0","0","0","0","0","0","0","0","0","0","0","0","0","0","0","0","0","0","0","0","0","0","0","0","0","0","0","0"
"0x7a6e0b9ac9e0","      STS.128 [R41], R8","0","0","0","12288","393216","393216","32","32","0","Shared","Store","128","4","0","49152","49152","0","0","0","0","0","0","0","0","0","0","0","0","0","0","0","0","0","0","0","0","0","0","0","0","0","0","0","0","0","0","0","0","0","0","0"
"0x7a6e0b9ac9f0","      F2FP.BF16.F32.PACK_AB R29, R15, R14","0","0","0","12288","393216","393216","32","32","0","-","-","-","0","0","0","0","0","0","0","0","0","0","0","0","0","0","0","0","0","0","0","0","0","0","0","0","0","0","0","0","0","0","0","0","0","0","0","0","0","0","0"
"0x7a6e0b9aca00","      F2FP.BF16.F32.PACK_AB R28, R13, R12","0","0","0","12288","393216","393216","32","32","0","-","-","-","0","0","0","0","0","0","0","0","0","0","0","0","0","0","0","0","0","0","0","0","0","0","0","0","0","0","0","0","0","0","0","0","0","0","0","0","0","0","0"
"0x7a6e0b9aca10","      STS.128 [R40], R28","0","0","0","12288","393216","393216","32","32","0","Shared","Store","128","4","0","49152","49152","0","0","0","0","0","0","0","0","0","0","0","0","0","0","0","0","0","0","0","0","0","0","0","0","0","0","0","0","0","0","0","0","0","0","0"
"0x7a6e0b9aca20","      LDTM.x16 R4, tmem[UR4+0x1b0]","4","4","4","12288","393216","393216","32","32","0","Tmem","Load","-","0","0","0","0","0","0","0","0","0","0","0","0","0","0","0","0","0","0","4","0","0","0","0","0","0","0","0","0","0","0","0","0","0","0","0","4","0","0","0"
"0x7a6e0b9aca30","      FMUL2 R18, R18.F32x2.HI_LO, R0.F32","6","5","6","12288","393216","393216","32","32","0","-","-","-","0","0","0","0","0","0","0","0","0","0","0","0","0","0","0","0","0","0","6","0","0","0","0","0","0","0","0","0","0","0","0","0","0","0","0","5","0","0","0"
"0x7a6e0b9aca40","      FMUL2 R10, R10.F32x2.HI_LO, R0.F32","1","1","1","12288","393216","393216","32","32","0","-","-","-","0","0","0","0","0","0","0","0","0","0","0","0","0","0","0","0","0","0","0","0","0","1","0","0","0","0","0","0","0","0","0","0","0","0","0","0","0","0","1"
"0x7a6e0b9aca50","      FMUL2 R8, R8.F32x2.HI_LO, R0.F32","1","1","1","12288","393216","393216","32","32","0","-","-","-","0","0","0","0","0","0","0","0","0","0","0","0","0","0","0","0","0","0","0","0","0","1","0","0","0","0","0","0","0","0","0","0","0","0","0","0","0","0","1"
"0x7a6e0b9aca60","      F2FP.BF16.F32.PACK_AB R27, R19, R18","0","0","0","12288","393216","393216","32","32","0","-","-","-","0","0","0","0","0","0","0","0","0","0","0","0","0","0","0","0","0","0","0","0","0","0","0","0","0","0","0","0","0","0","0","0","0","0","0","0","0","0","0"
"0x7a6e0b9aca70","      FMUL2 R6, R6.F32x2.HI_LO, R0.F32","0","0","0","12288","393216","393216","32","32","0","-","-","-","0","0","0","0","0","0","0","0","0","0","0","0","0","0","0","0","0","0","0","0","0","0","0","0","0","0","0","0","0","0","0","0","0","0","0","0","0","0","0"
"0x7a6e0b9aca80","      F2FP.BF16.F32.PACK_AB R23, R11, R10","0","0","0","12288","393216","393216","32","32","0","-","-","-","0","0","0","0","0","0","0","0","0","0","0","0","0","0","0","0","0","0","0","0","0","0","0","0","0","0","0","0","0","0","0","0","0","0","0","0","0","0","0"
"0x7a6e0b9aca90","      FMUL2 R4, R4.F32x2.HI_LO, R0.F32","0","0","0","12288","393216","393216","32","32","0","-","-","-","0","0","0","0","0","0","0","0","0","0","0","0","0","0","0","0","0","0","0","0","0","0","0","0","0","0","0","0","0","0","0","0","0","0","0","0","0","0","0"
"0x7a6e0b9acaa0","      F2FP.BF16.F32.PACK_AB R22, R9, R8","0","0","0","12288","393216","393216","32","32","0","-","-","-","0","0","0","0","0","0","0","0","0","0","0","0","0","0","0","0","0","0","0","0","0","0","0","0","0","0","0","0","0","0","0","0","0","0","0","0","0","0","0"
"0x7a6e0b9acab0","      FMUL2 R16, R16.F32x2.HI_LO, R0.F32","0","0","0","12288","393216","393216","32","32","0","-","-","-","0","0","0","0","0","0","0","0","0","0","0","0","0","0","0","0","0","0","0","0","0","0","0","0","0","0","0","0","0","0","0","0","0","0","0","0","0","0","0"
"0x7a6e0b9acac0","      F2FP.BF16.F32.PACK_AB R21, R7, R6","1","0","1","12288","393216","393216","32","32","0","-","-","-","0","0","0","0","0","0","0","1","0","0","0","0","0","0","0","0","0","0","0","0","0","0","0","0","0","0","0","0","0","0","0","0","0","0","0","0","0","0","0"
"0x7a6e0b9acad0","      FMUL2 R14, R14.F32x2.HI_LO, R0.F32","0","0","0","12288","393216","393216","32","32","0","-","-","-","0","0","0","0","0","0","0","0","0","0","0","0","0","0","0","0","0","0","0","0","0","0","0","0","0","0","0","0","0","0","0","0","0","0","0","0","0","0","0"
"0x7a6e0b9acae0","      F2FP.BF16.F32.PACK_AB R20, R5, R4","0","0","0","12288","393216","393216","32","32","0","-","-","-","0","0","0","0","0","0","0","0","0","0","0","0","0","0","0","0","0","0","0","0","0","0","0","0","0","0","0","0","0","0","0","0","0","0","0","0","0","0","0"
"0x7a6e0b9acaf0","      FMUL2 R12, R12.F32x2.HI_LO, R0.F32","0","0","0","12288","393216","393216","32","32","0","-","-","-","0","0","0","0","0","0","0","0","0","0","0","0","0","0","0","0","0","0","0","0","0","0","0","0","0","0","0","0","0","0","0","0","0","0","0","0","0","0","0"
"0x7a6e0b9acb00","      F2FP.BF16.F32.PACK_AB R26, R17, R16","0","0","0","12288","393216","393216","32","32","0","-","-","-","0","0","0","0","0","0","0","0","0","0","0","0","0","0","0","0","0","0","0","0","0","0","0","0","0","0","0","0","0","0","0","0","0","0","0","0","0","0","0"
"0x7a6e0b9acb10","      F2FP.BF16.F32.PACK_AB R25, R15, R14","0","0","0","12288","393216","393216","32","32","0","-","-","-","0","0","0","0","0","0","0","0","0","0","0","0","0","0","0","0","0","0","0","0","0","0","0","0","0","0","0","0","0","0","0","0","0","0","0","0","0","0","0"
"0x7a6e0b9acb20","      STS.128 [R39], R20","0","0","0","12288","393216","393216","32","32","0","Shared","Store","128","4","0","49152","49152","0","0","0","0","0","0","0","0","0","0","0","0","0","0","0","0","0","0","0","0","0","0","0","0","0","0","0","0","0","0","0","0","0","0","0"
"0x7a6e0b9acb30","      F2FP.BF16.F32.PACK_AB R24, R13, R12","0","0","0","12288","393216","393216","32","32","0","-","-","-","0","0","0","0","0","0","0","0","0","0","0","0","0","0","0","0","0","0","0","0","0","0","0","0","0","0","0","0","0","0","0","0","0","0","0","0","0","0","0"
"0x7a6e0b9acb40","      LDTM.x16 R4, tmem[UR4+0x1c0]","1","0","1","12288","393216","393216","32","32","0","Tmem","Load","-","0","0","0","0","0","0","0","0","0","0","0","0","0","0","0","0","0","1","0","0","0","0","0","0","0","0","0","0","0","0","0","0","0","0","0","0","0","0","0"
"0x7a6e0b9acb50","      STS.128 [R38], R24","0","0","0","12288","393216","393216","32","32","0","Shared","Store","128","4","0","49152","49152","0","0","0","0","0","0","0","0","0","0","0","0","0","0","0","0","0","0","0","0","0","0","0","0","0","0","0","0","0","0","0","0","0","0","0"
"0x7a6e0b9acb60","      FMUL2 R10, R10.F32x2.HI_LO, R0.F32","2","1","2","12288","393216","393216","32","32","0","-","-","-","0","0","0","0","0","0","0","0","0","0","0","0","0","0","0","0","1","0","1","0","0","0","0","0","0","0","0","0","0","0","0","0","0","0","0","1","0","0","0"
"0x7a6e0b9acb70","      FMUL2 R8, R8.F32x2.HI_LO, R0.F32","0","0","0","12288","393216","393216","32","32","0","-","-","-","0","0","0","0","0","0","0","0","0","0","0","0","0","0","0","0","0","0","0","0","0","0","0","0","0","0","0","0","0","0","0","0","0","0","0","0","0","0","0"
"0x7a6e0b9acb80","      FMUL2 R6, R6.F32x2.HI_LO, R0.F32","0","0","0","12288","393216","393216","32","32","0","-","-","-","0","0","0","0","0","0","0","0","0","0","0","0","0","0","0","0","0","0","0","0","0","0","0","0","0","0","0","0","0","0","0","0","0","0","0","0","0","0","0"
"0x7a6e0b9acb90","      F2FP.BF16.F32.PACK_AB R11, R11, R10","0","0","0","12288","393216","393216","32","32","0","-","-","-","0","0","0","0","0","0","0","0","0","0","0","0","0","0","0","0","0","0","0","0","0","0","0","0","0","0","0","0","0","0","0","0","0","0","0","0","0","0","0"
"0x7a6e0b9acba0","      FMUL2 R4, R4.F32x2.HI_LO, R0.F32","0","0","0","12288","393216","393216","32","32","0","-","-","-","0","0","0","0","0","0","0","0","0","0","0","0","0","0","0","0","0","0","0","0","0","0","0","0","0","0","0","0","0","0","0","0","0","0","0","0","0","0","0"
"0x7a6e0b9acbb0","      F2FP.BF16.F32.PACK_AB R10, R9, R8","0","0","0","12288","393216","393216","32","32","0","-","-","-","0","0","0","0","0","0","0","0","0","0","0","0","0","0","0","0","0","0","0","0","0","0","0","0","0","0","0","0","0","0","0","0","0","0","0","0","0","0","0"
"0x7a6e0b9acbc0","      FMUL2 R18, R18.F32x2.HI_LO, R0.F32","0","0","0","12288","393216","393216","32","32","0","-","-","-","0","0","0","0","0","0","0","0","0","0","0","0","0","0","0","0","0","0","0","0","0","0","0","0","0","0","0","0","0","0","0","0","0","0","0","0","0","0","0"
"0x7a6e0b9acbd0","      F2FP.BF16.F32.PACK_AB R9, R7, R6","0","0","0","12288","393216","393216","32","32","0","-","-","-","0","0","0","0","0","0","0","0","0","0","0","0","0","0","0","0","0","0","0","0","0","0","0","0","0","0","0","0","0","0","0","0","0","0","0","0","0","0","0"
"0x7a6e0b9acbe0","      FMUL2 R16, R16.F32x2.HI_LO, R0.F32","1","0","1","12288","393216","393216","32","32","0","-","-","-","0","0","0","0","0","0","0","0","0","0","0","0","0","0","0","0","0","1","0","0","0","0","0","0","0","0","0","0","0","0","0","0","0","0","0","0","0","0","0"
"0x7a6e0b9acbf0","      F2FP.BF16.F32.PACK_AB R8, R5, R4","0","0","0","12288","393216","393216","32","32","0","-","-","-","0","0","0","0","0","0","0","0","0","0","0","0","0","0","0","0","0","0","0","0","0","0","0","0","0","0","0","0","0","0","0","0","0","0","0","0","0","0","0"
"0x7a6e0b9acc00","      FMUL2 R14, R14.F32x2.HI_LO, R0.F32","0","0","0","12288","393216","393216","32","32","0","-","-","-","0","0","0","0","0","0","0","0","0","0","0","0","0","0","0","0","0","0","0","0","0","0","0","0","0","0","0","0","0","0","0","0","0","0","0","0","0","0","0"
"0x7a6e0b9acc10","      F2FP.BF16.F32.PACK_AB R31, R19, R18","0","0","0","12288","393216","393216","32","32","0","-","-","-","0","0","0","0","0","0","0","0","0","0","0","0","0","0","0","0","0","0","0","0","0","0","0","0","0","0","0","0","0","0","0","0","0","0","0","0","0","0","0"
"0x7a6e0b9acc20","      FMUL2 R12, R12.F32x2.HI_LO, R0.F32","0","0","0","12288","393216","393216","32","32","0","-","-","-","0","0","0","0","0","0","0","0","0","0","0","0","0","0","0","0","0","0","0","0","0","0","0","0","0","0","0","0","0","0","0","0","0","0","0","0","0","0","0"
"0x7a6e0b9acc30","      F2FP.BF16.F32.PACK_AB R30, R17, R16","0","0","0","12288","393216","393216","32","32","0","-","-","-","0","0","0","0","0","0","0","0","0","0","0","0","0","0","0","0","0","0","0","0","0","0","0","0","0","0","0","0","0","0","0","0","0","0","0","0","0","0","0"
"0x7a6e0b9acc40","      STS.128 [R45+0x4000], R8","1","0","1","12288","393216","393216","32","32","0","Shared","Store","128","4","0","49152","49152","0","0","0","0","0","0","0","0","0","0","0","0","0","1","0","0","0","0","0","0","0","0","0","0","0","0","0","0","0","0","0","0","0","0","0"
"0x7a6e0b9acc50","      F2FP.BF16.F32.PACK_AB R29, R15, R14","0","0","0","12288","393216","393216","32","32","0","-","-","-","0","0","0","0","0","0","0","0","0","0","0","0","0","0","0","0","0","0","0","0","0","0","0","0","0","0","0","0","0","0","0","0","0","0","0","0","0","0","0"
"0x7a6e0b9acc60","      F2FP.BF16.F32.PACK_AB R28, R13, R12","1","0","1","12288","393216","393216","32","32","0","-","-","-","0","0","0","0","0","0","0","0","0","0","0","0","0","0","0","0","1","0","0","0","0","0","0","0","0","0","0","0","0","0","0","0","0","0","0","0","0","0","0"
"0x7a6e0b9acc70","      STS.128 [R44+0x4000], R28","5","3","5","12288","393216","393216","32","32","0","Shared","Store","128","4","0","49152","49152","0","0","0","0","0","0","0","0","0","0","0","0","0","2","0","0","0","3","0","0","0","0","0","0","0","0","0","0","0","0","0","0","0","0","3"
"0x7a6e0b9acc80","      LDTM.x16 R4, tmem[UR4+0x1d0]","0","0","0","12288","393216","393216","32","32","0","Tmem","Load","-","0","0","0","0","0","0","0","0","0","0","0","0","0","0","0","0","0","0","0","0","0","0","0","0","0","0","0","0","0","0","0","0","0","0","0","0","0","0","0"
"0x7a6e0b9acc90","      FMUL2 R18, R18.F32x2.HI_LO, R0.F32","6","1","6","12288","393216","393216","32","32","0","-","-","-","0","0","0","0","0","0","0","0","0","0","0","0","0","0","0","0","0","0","6","0","0","0","0","0","0","0","0","0","0","0","0","0","0","0","0","1","0","0","0"
"0x7a6e0b9acca0","      FMUL2 R10, R10.F32x2.HI_LO, R0.F32","0","0","0","12288","393216","393216","32","32","0","-","-","-","0","0","0","0","0","0","0","0","0","0","0","0","0","0","0","0","0","0","0","0","0","0","0","0","0","0","0","0","0","0","0","0","0","0","0","0","0","0","0"
"0x7a6e0b9accb0","      FMUL2 R8, R8.F32x2.HI_LO, R0.F32","0","0","0","12288","393216","393216","32","32","0","-","-","-","0","0","0","0","0","0","0","0","0","0","0","0","0","0","0","0","0","0","0","0","0","0","0","0","0","0","0","0","0","0","0","0","0","0","0","0","0","0","0"
"0x7a6e0b9accc0","      F2FP.BF16.F32.PACK_AB R27, R19, R18","1","0","1","12288","393216","393216","32","32","0","-","-","-","0","0","0","0","0","0","0","0","0","0","0","0","0","0","0","0","0","1","0","0","0","0","0","0","0","0","0","0","0","0","0","0","0","0","0","0","0","0","0"
"0x7a6e0b9accd0","      FMUL2 R6, R6.F32x2.HI_LO, R0.F32","1","0","1","12288","393216","393216","32","32","0","-","-","-","0","0","0","0","0","0","0","0","0","0","0","0","0","0","0","0","0","1","0","0","0","0","0","0","0","0","0","0","0","0","0","0","0","0","0","0","0","0","0"
"0x7a6e0b9acce0","      F2FP.BF16.F32.PACK_AB R23, R11, R10","0","0","0","12288","393216","393216","32","32","0","-","-","-","0","0","0","0","0","0","0","0","0","0","0","0","0","0","0","0","0","0","0","0","0","0","0","0","0","0","0","0","0","0","0","0","0","0","0","0","0","0","0"
"0x7a6e0b9accf0","      FMUL2 R4, R4.F32x2.HI_LO, R0.F32","0","0","0","12288","393216","393216","32","32","0","-","-","-","0","0","0","0","0","0","0","0","0","0","0","0","0","0","0","0","0","0","0","0","0","0","0","0","0","0","0","0","0","0","0","0","0","0","0","0","0","0","0"
"0x7a6e0b9acd00","      F2FP.BF16.F32.PACK_AB R22, R9, R8","0","0","0","12288","393216","393216","32","32","0","-","-","-","0","0","0","0","0","0","0","0","0","0","0","0","0","0","0","0","0","0","0","0","0","0","0","0","0","0","0","0","0","0","0","0","0","0","0","0","0","0","0"
"0x7a6e0b9acd10","      FMUL2 R16, R16.F32x2.HI_LO, R0.F32","0","0","0","12288","393216","393216","32","32","0","-","-","-","0","0","0","0","0","0","0","0","0","0","0","0","0","0","0","0","0","0","0","0","0","0","0","0","0","0","0","0","0","0","0","0","0","0","0","0","0","0","0"
"0x7a6e0b9acd20","      F2FP.BF16.F32.PACK_AB R21, R7, R6","0","0","0","12288","393216","393216","32","32","0","-","-","-","0","0","0","0","0","0","0","0","0","0","0","0","0","0","0","0","0","0","0","0","0","0","0","0","0","0","0","0","0","0","0","0","0","0","0","0","0","0","0"
"0x7a6e0b9acd30","      FMUL2 R14, R14.F32x2.HI_LO, R0.F32","0","0","0","12288","393216","393216","32","32","0","-","-","-","0","0","0","0","0","0","0","0","0","0","0","0","0","0","0","0","0","0","0","0","0","0","0","0","0","0","0","0","0","0","0","0","0","0","0","0","0","0","0"
"0x7a6e0b9acd40","      F2FP.BF16.F32.PACK_AB R20, R5, R4","1","0","1","12288","393216","393216","32","32","0","-","-","-","0","0","0","0","0","0","0","0","0","0","0","0","0","0","0","0","0","1","0","0","0","0","0","0","0","0","0","0","0","0","0","0","0","0","0","0","0","0","0"
"0x7a6e0b9acd50","      FMUL2 R12, R12.F32x2.HI_LO, R0.F32","0","0","0","12288","393216","393216","32","32","0","-","-","-","0","0","0","0","0","0","0","0","0","0","0","0","0","0","0","0","0","0","0","0","0","0","0","0","0","0","0","0","0","0","0","0","0","0","0","0","0","0","0"
"0x7a6e0b9acd60","      F2FP.BF16.F32.PACK_AB R26, R17, R16","0","0","0","12288","393216","393216","32","32","0","-","-","-","0","0","0","0","0","0","0","0","0","0","0","0","0","0","0","0","0","0","0","0","0","0","0","0","0","0","0","0","0","0","0","0","0","0","0","0","0","0","0"
"0x7a6e0b9acd70","      F2FP.BF16.F32.PACK_AB R25, R15, R14","4","1","4","12288","393216","393216","32","32","0","-","-","-","0","0","0","0","0","0","0","1","0","0","0","1","0","0","0","0","2","0","0","0","0","0","0","0","0","0","0","0","1","0","0","0","0","0","0","0","0","0","0"
"0x7a6e0b9acd80","      STS.128 [R43+0x4000], R20","0","0","0","12288","393216","393216","32","32","0","Shared","Store","128","4","0","49152","49152","0","0","0","0","0","0","0","0","0","0","0","0","0","0","0","0","0","0","0","0","0","0","0","0","0","0","0","0","0","0","0","0","0","0","0"
"0x7a6e0b9acd90","      F2FP.BF16.F32.PACK_AB R24, R13, R12","0","0","0","12288","393216","393216","32","32","0","-","-","-","0","0","0","0","0","0","0","0","0","0","0","0","0","0","0","0","0","0","0","0","0","0","0","0","0","0","0","0","0","0","0","0","0","0","0","0","0","0","0"
"0x7a6e0b9acda0","      LDTM.x16 R4, tmem[UR4+0x1e0]","1","0","1","12288","393216","393216","32","32","0","Tmem","Load","-","0","0","0","0","0","0","0","0","0","0","0","0","0","0","0","0","0","1","0","0","0","0","0","0","0","0","0","0","0","0","0","0","0","0","0","0","0","0","0"
"0x7a6e0b9acdb0","      STS.128 [R42+0x4000], R24","3","1","3","12288","393216","393216","32","32","0","Shared","Store","128","4","0","49152","49152","0","0","0","0","0","0","0","0","0","0","0","0","0","2","0","0","0","1","0","0","0","0","0","0","0","0","0","0","0","0","0","0","0","0","1"
"0x7a6e0b9acdc0","      FMUL2 R10, R10.F32x2.HI_LO, R0.F32","2","1","2","12288","393216","393216","32","32","0","-","-","-","0","0","0","0","0","0","0","0","0","0","0","0","0","0","0","0","0","0","2","0","0","0","0","0","0","0","0","0","0","0","0","0","0","0","0","1","0","0","0"
"0x7a6e0b9acdd0","      FMUL2 R8, R8.F32x2.HI_LO, R0.F32","0","0","0","12288","393216","393216","32","32","0","-","-","-","0","0","0","0","0","0","0","0","0","0","0","0","0","0","0","0","0","0","0","0","0","0","0","0","0","0","0","0","0","0","0","0","0","0","0","0","0","0","0"
"0x7a6e0b9acde0","      FMUL2 R6, R6.F32x2.HI_LO, R0.F32","0","0","0","12288","393216","393216","32","32","0","-","-","-","0","0","0","0","0","0","0","0","0","0","0","0","0","0","0","0","0","0","0","0","0","0","0","0","0","0","0","0","0","0","0","0","0","0","0","0","0","0","0"
"0x7a6e0b9acdf0","      F2FP.BF16.F32.PACK_AB R11, R11, R10","0","0","0","12288","393216","393216","32","32","0","-","-","-","0","0","0","0","0","0","0","0","0","0","0","0","0","0","0","0","0","0","0","0","0","0","0","0","0","0","0","0","0","0","0","0","0","0","0","0","0","0","0"
"0x7a6e0b9ace00","      FMUL2 R4, R4.F32x2.HI_LO, R0.F32","0","0","0","12288","393216","393216","32","32","0","-","-","-","0","0","0","0","0","0","0","0","0","0","0","0","0","0","0","0","0","0","0","0","0","0","0","0","0","0","0","0","0","0","0","0","0","0","0","0","0","0","0"
"0x7a6e0b9ace10","      F2FP.BF16.F32.PACK_AB R10, R9, R8","0","0","0","12288","393216","393216","32","32","0","-","-","-","0","0","0","0","0","0","0","0","0","0","0","0","0","0","0","0","0","0","0","0","0","0","0","0","0","0","0","0","0","0","0","0","0","0","0","0","0","0","0"
"0x7a6e0b9ace20","      FMUL2 R18, R18.F32x2.HI_LO, R0.F32","0","0","0","12288","393216","393216","32","32","0","-","-","-","0","0","0","0","0","0","0","0","0","0","0","0","0","0","0","0","0","0","0","0","0","0","0","0","0","0","0","0","0","0","0","0","0","0","0","0","0","0","0"
"0x7a6e0b9ace30","      F2FP.BF16.F32.PACK_AB R9, R7, R6","0","0","0","12288","393216","393216","32","32","0","-","-","-","0","0","0","0","0","0","0","0","0","0","0","0","0","0","0","0","0","0","0","0","0","0","0","0","0","0","0","0","0","0","0","0","0","0","0","0","0","0","0"
"0x7a6e0b9ace40","      FMUL2 R16, R16.F32x2.HI_LO, R0.F32","0","0","0","12288","393216","393216","32","32","0","-","-","-","0","0","0","0","0","0","0","0","0","0","0","0","0","0","0","0","0","0","0","0","0","0","0","0","0","0","0","0","0","0","0","0","0","0","0","0","0","0","0"
"0x7a6e0b9ace50","      F2FP.BF16.F32.PACK_AB R8, R5, R4","1","0","1","12288","393216","393216","32","32","0","-","-","-","0","0","0","0","0","0","0","0","0","0","0","0","0","0","0","0","0","1","0","0","0","0","0","0","0","0","0","0","0","0","0","0","0","0","0","0","0","0","0"
"0x7a6e0b9ace60","      FMUL2 R14, R14.F32x2.HI_LO, R0.F32","0","0","0","12288","393216","393216","32","32","0","-","-","-","0","0","0","0","0","0","0","0","0","0","0","0","0","0","0","0","0","0","0","0","0","0","0","0","0","0","0","0","0","0","0","0","0","0","0","0","0","0","0"
"0x7a6e0b9ace70","      F2FP.BF16.F32.PACK_AB R23, R19, R18","1","0","1","12288","393216","393216","32","32","0","-","-","-","0","0","0","0","0","0","0","1","0","0","0","0","0","0","0","0","0","0","0","0","0","0","0","0","0","0","0","0","0","0","0","0","0","0","0","0","0","0","0"
"0x7a6e0b9ace80","      FMUL2 R12, R12.F32x2.HI_LO, R0.F32","0","0","0","12288","393216","393216","32","32","0","-","-","-","0","0","0","0","0","0","0","0","0","0","0","0","0","0","0","0","0","0","0","0","0","0","0","0","0","0","0","0","0","0","0","0","0","0","0","0","0","0","0"
"0x7a6e0b9ace90","      F2FP.BF16.F32.PACK_AB R22, R17, R16","0","0","0","12288","393216","393216","32","32","0","-","-","-","0","0","0","0","0","0","0","0","0","0","0","0","0","0","0","0","0","0","0","0","0","0","0","0","0","0","0","0","0","0","0","0","0","0","0","0","0","0","0"
"0x7a6e0b9acea0","      STS.128 [R41+0x4000], R8","0","0","0","12288","393216","393216","32","32","0","Shared","Store","128","4","0","49152","49152","0","0","0","0","0","0","0","0","0","0","0","0","0","0","0","0","0","0","0","0","0","0","0","0","0","0","0","0","0","0","0","0","0","0","0"
"0x7a6e0b9aceb0","      F2FP.BF16.F32.PACK_AB R21, R15, R14","0","0","0","12288","393216","393216","32","32","0","-","-","-","0","0","0","0","0","0","0","0","0","0","0","0","0","0","0","0","0","0","0","0","0","0","0","0","0","0","0","0","0","0","0","0","0","0","0","0","0","0","0"
"0x7a6e0b9acec0","      F2FP.BF16.F32.PACK_AB R20, R13, R12","1","1","1","12288","393216","393216","32","32","0","-","-","-","0","0","0","0","0","0","0","0","0","0","0","1","0","0","0","0","0","0","0","0","0","0","0","0","0","0","0","0","1","0","0","0","0","0","0","0","0","0","0"
"0x7a6e0b9aced0","      STS.128 [R40+0x4000], R20","0","0","0","12288","393216","393216","32","32","0","Shared","Store","128","4","0","49152","49152","0","0","0","0","0","0","0","0","0","0","0","0","0","0","0","0","0","0","0","0","0","0","0","0","0","0","0","0","0","0","0","0","0","0","0"
"0x7a6e0b9acee0","      LDTM.x16 R4, tmem[UR4+0x1f0]","1","1","1","12288","393216","393216","32","32","0","Tmem","Load","-","0","0","0","0","0","0","0","0","0","0","0","0","0","0","0","0","0","0","1","0","0","0","0","0","0","0","0","0","0","0","0","0","0","0","0","1","0","0","0"
"0x7a6e0b9acef0","      FMUL2 R20, R4.F32x2.HI_LO, R0.F32","7","3","7","12288","393216","393216","32","32","0","-","-","-","0","0","0","0","0","0","0","0","0","0","0","0","0","0","0","0","1","0","6","0","0","0","0","0","0","0","0","0","0","0","0","0","0","0","0","3","0","0","0"
"0x7a6e0b9acf00","      FMUL2 R4, R6.F32x2.HI_LO, R0.F32","1","0","1","12288","393216","393216","32","32","0","-","-","-","0","0","0","0","0","0","0","0","0","0","0","0","0","0","0","0","0","0","0","0","0","1","0","0","0","0","0","0","0","0","0","0","0","0","0","0","0","0","0"
"0x7a6e0b9acf10","      FMUL2 R6, R10.F32x2.HI_LO, R0.F32","1","0","1","12288","393216","393216","32","32","0","-","-","-","0","0","0","0","0","0","0","0","0","0","0","0","0","0","0","0","0","1","0","0","0","0","0","0","0","0","0","0","0","0","0","0","0","0","0","0","0","0","0"
"0x7a6e0b9acf20","      FMUL2 R2, R8.F32x2.HI_LO, R0.F32","0","0","0","12288","393216","393216","32","32","0","-","-","-","0","0","0","0","0","0","0","0","0","0","0","0","0","0","0","0","0","0","0","0","0","0","0","0","0","0","0","0","0","0","0","0","0","0","0","0","0","0","0"
"0x7a6e0b9acf30","      F2FP.BF16.F32.PACK_AB R5, R5, R4","1","0","1","12288","393216","393216","32","32","0","-","-","-","0","0","0","0","0","0","0","0","0","0","0","0","0","0","0","0","0","1","0","0","0","0","0","0","0","0","0","0","0","0","0","0","0","0","0","0","0","0","0"
"0x7a6e0b9acf40","      FMUL2 R16, R16.F32x2.HI_LO, R0.F32","1","0","1","12288","393216","393216","32","32","0","-","-","-","0","0","0","0","0","0","0","0","0","0","0","0","0","0","0","0","0","1","0","0","0","0","0","0","0","0","0","0","0","0","0","0","0","0","0","0","0","0","0"
"0x7a6e0b9acf50","      F2FP.BF16.F32.PACK_AB R7, R7, R6","0","0","0","12288","393216","393216","32","32","0","-","-","-","0","0","0","0","0","0","0","0","0","0","0","0","0","0","0","0","0","0","0","0","0","0","0","0","0","0","0","0","0","0","0","0","0","0","0","0","0","0","0"
"0x7a6e0b9acf60","      FMUL2 R18, R18.F32x2.HI_LO, R0.F32","0","0","0","12288","393216","393216","32","32","0","-","-","-","0","0","0","0","0","0","0","0","0","0","0","0","0","0","0","0","0","0","0","0","0","0","0","0","0","0","0","0","0","0","0","0","0","0","0","0","0","0","0"
"0x7a6e0b9acf70","      F2FP.BF16.F32.PACK_AB R6, R3, R2","1","0","1","12288","393216","393216","32","32","0","-","-","-","0","0","0","0","0","0","0","0","0","0","0","0","0","0","0","0","0","1","0","0","0","0","0","0","0","0","0","0","0","0","0","0","0","0","0","0","0","0","0"
"0x7a6e0b9acf80","      FMUL2 R14, R14.F32x2.HI_LO, R0.F32","0","0","0","12288","393216","393216","32","32","0","-","-","-","0","0","0","0","0","0","0","0","0","0","0","0","0","0","0","0","0","0","0","0","0","0","0","0","0","0","0","0","0","0","0","0","0","0","0","0","0","0","0"
"0x7a6e0b9acf90","      F2FP.BF16.F32.PACK_AB R4, R21, R20","2","0","2","12288","393216","393216","32","32","0","-","-","-","0","0","0","0","0","0","0","1","0","0","0","0","0","0","0","0","0","1","0","0","0","0","0","0","0","0","0","0","0","0","0","0","0","0","0","0","0","0","0"
"0x7a6e0b9acfa0","      FMUL2 R12, R12.F32x2.HI_LO, R0.F32","0","0","0","12288","393216","393216","32","32","0","-","-","-","0","0","0","0","0","0","0","0","0","0","0","0","0","0","0","0","0","0","0","0","0","0","0","0","0","0","0","0","0","0","0","0","0","0","0","0","0","0","0"
"0x7a6e0b9acfb0","      F2FP.BF16.F32.PACK_AB R11, R19, R18","1","0","1","12288","393216","393216","32","32","0","-","-","-","0","0","0","0","0","0","0","1","0","0","0","0","0","0","0","0","0","0","0","0","0","0","0","0","0","0","0","0","0","0","0","0","0","0","0","0","0","0","0"
"0x7a6e0b9acfc0","      F2FP.BF16.F32.PACK_AB R10, R17, R16","3","1","3","12288","393216","393216","32","32","0","-","-","-","0","0","0","0","0","0","0","0","0","0","0","0","0","0","0","0","2","0","0","0","0","1","0","0","0","0","0","0","0","0","0","0","0","0","0","0","0","0","1"
"0x7a6e0b9acfd0","      STS.128 [R39+0x4000], R4","0","0","0","12288","393216","393216","32","32","0","Shared","Store","128","4","0","49152","49152","0","0","0","0","0","0","0","0","0","0","0","0","0","0","0","0","0","0","0","0","0","0","0","0","0","0","0","0","0","0","0","0","0","0","0"
"0x7a6e0b9acfe0","      F2FP.BF16.F32.PACK_AB R9, R15, R14","0","0","0","12288","393216","393216","32","32","0","-","-","-","0","0","0","0","0","0","0","0","0","0","0","0","0","0","0","0","0","0","0","0","0","0","0","0","0","0","0","0","0","0","0","0","0","0","0","0","0","0","0"
"0x7a6e0b9acff0","      F2FP.BF16.F32.PACK_AB R8, R13, R12","2","1","2","12288","393216","393216","32","32","0","-","-","-","0","0","0","0","0","0","0","0","0","0","0","0","0","0","0","0","0","1","0","0","0","1","0","0","0","0","0","0","0","0","0","0","0","0","0","0","0","0","1"
"0x7a6e0b9ad000","      STS.128 [R38+0x4000], R8","2","1","2","12288","393216","393216","32","32","0","Shared","Store","128","4","0","49152","49152","0","0","0","0","0","0","0","0","0","0","0","0","0","0","0","0","0","2","0","0","0","0","0","0","0","0","0","0","0","0","0","0","0","0","1"
"0x7a6e0b9ad010","      MEMBAR.ALL.CTA","0","0","0","12288","393216","393216","32","32","0","-","-","-","0","0","0","0","0","0","0","0","0","0","0","0","0","0","0","0","0","0","0","0","0","0","0","0","0","0","0","0","0","0","0","0","0","0","0","0","0","0","0"
"0x7a6e0b9ad020","      FENCE.VIEW.ASYNC.S","11","6","11","12288","393216","393216","32","32","0","-","-","-","0","0","0","0","0","0","0","0","0","0","11","0","0","0","0","0","0","0","0","0","0","0","0","0","0","0","0","6","0","0","0","0","0","0","0","0","0","0","0"
"0x7a6e0b9ad030","      SYNCS.ARRIVE.TRANS64.ART0 RZ, [UR5+0xb8], R37","7","3","7","12288","393216","393216","32","32","0","-","-","-","0","0","0","0","0","0","0","0","0","0","4","0","0","0","0","0","0","1","0","0","0","2","0","0","0","0","0","3","0","0","0","0","0","0","0","0","0","0","0"
"0x7a6e0b9ad040","      SYNCS.ARRIVE.TRANS64.ART0 RZ, [UR5+0x68], R37","0","0","0","12288","393216","393216","32","32","0","-","-","-","0","0","0","0","0","0","0","0","0","0","0","0","0","0","0","0","0","0","0","0","0","0","0","0","0","0","0","0","0","0","0","0","0","0","0","0","0","0","0"
"0x7a6e0b9ad050","      BRA.U !UP0, 0x7a6e0b9aad00","0","0","0","12288","393216","393216","32","32","0","-","-","-","0","0","0","0","0","0","0","0","0","0","0","0","0","0","0","0","0","0","0","0","0","0","0","0","0","0","0","0","0","0","0","0","0","0","0","0","0","0","0"
"0x7a6e0b9ad060","      SYNCS.ARRIVE.TRANS64.ART0 RZ, [UR5+0x110], R37","4","3","4","592","18944","18944","32","32","0","-","-","-","0","0","0","0","0","0","0","0","0","0","0","0","0","0","0","0","0","0","0","0","0","4","0","0","0","0","0","0","0","0","0","0","0","0","0","0","0","0","3"
"0x7a6e0b9ad070","      EXIT","0","0","0","592","18944","18944","32","32","0","-","-","-","0","0","0","0","0","0","0","0","0","0","0","0","0","0","0","0","0","0","0","0","0","0","0","0","0","0","0","0","0","0","0","0","0","0","0","0","0","0","0"
"0x7a6e0b9ad080","      MOV R3, UR6","3","1","3","3072","98304","98304","32","32","0","-","-","-","0","0","0","0","0","0","0","0","0","0","0","1","0","0","0","2","0","0","0","0","0","0","0","0","0","0","0","0","0","0","0","0","1","0","0","0","0","0","0"
"0x7a6e0b9ad090","      MOV R4, R0","2","0","2","3072","98304","98304","32","32","0","-","-","-","0","0","0","0","0","0","0","0","0","0","0","0","0","0","0","0","1","0","0","0","0","1","0","0","0","0","0","0","0","0","0","0","0","0","0","0","0","0","0"
"0x7a6e0b9ad0a0","      MOV R5, R0","0","0","0","3072","98304","98304","32","32","0","-","-","-","0","0","0","0","0","0","0","0","0","0","0","0","0","0","0","0","0","0","0","0","0","0","0","0","0","0","0","0","0","0","0","0","0","0","0","0","0","0","0"
"0x7a6e0b9ad0b0","      SYNCS.PHASECHK.TRANS64.TRYWAIT P0, [R3+URZ+0xb0], R5","16","5","16","36884947","1180318304","1180318304","32","32","0","-","-","-","0","0","0","0","0","0","6","0","0","0","0","0","0","0","0","7","0","1","0","0","0","2","0","1","0","0","0","0","0","0","0","0","2","0","0","0","0","0","2"
"0x7a6e0b9ad0c0","@!P0  NANOSLEEP.SYNCS 0x989680","30672","19603","30672","36884947","1180318304","1180241472","32","31","0","-","-","-","0","0","0","0","0","0","0","0","0","0","30668","0","0","0","0","0","0","4","0","0","0","0","0","0","0","0","0","19603","0","0","0","0","0","0","0","0","0","0","0"
"0x7a6e0b9ad0d0","@!P0  SYNCS.PHASECHK.TRANS64 P0, [R3+URZ+0xb0], R5","210","129","210","36884947","1180318304","1180241472","32","31","0","-","-","-","0","0","0","0","0","0","180","0","0","0","0","0","0","0","1","3","1","1","0","0","0","24","0","110","0","0","0","0","0","0","0","1","2","0","0","0","0","0","16"
"0x7a6e0b9ad0e0","@!P0  BRA 0x7a6e0b9ad0b0","207","118","207","36884947","1180318304","1180220000","32","31","0","-","-","-","0","0","0","0","0","0","0","0","0","0","206","0","0","0","0","0","1","0","0","0","0","0","0","0","0","0","0","118","0","0","0","0","0","0","0","0","0","0","0"
"0x7a6e0b9ad0f0","      BRA 0x7a6e0b9a2500","21","10","21","3072","98304","98304","32","32","0","-","-","-","0","0","0","0","0","0","1","0","0","0","0","0","0","0","0","0","0","7","0","0","0","13","0","1","0","0","0","0","0","0","0","0","0","0","0","0","0","0","9"
"0x7a6e0b9ad100","      MOV R3, UR6","1","0","1","3072","98304","98304","32","32","0","-","-","-","0","0","0","0","0","0","0","0","0","0","0","0","0","0","0","0","0","0","0","0","0","1","0","0","0","0","0","0","0","0","0","0","0","0","0","0","0","0","0"
"0x7a6e0b9ad110","      MOV R4, R0","0","0","0","3072","98304","98304","32","32","0","-","-","-","0","0","0","0","0","0","0","0","0","0","0","0","0","0","0","0","0","0","0","0","0","0","0","0","0","0","0","0","0","0","0","0","0","0","0","0","0","0","0"
"0x7a6e0b9ad120","      MOV R5, R0","0","0","0","3072","98304","98304","32","32","0","-","-","-","0","0","0","0","0","0","0","0","0","0","0","0","0","0","0","0","0","0","0","0","0","0","0","0","0","0","0","0","0","0","0","0","0","0","0","0","0","0","0"
"0x7a6e0b9ad130","      SYNCS.PHASECHK.TRANS64.TRYWAIT P0, [R3+URZ+0xb8], R5","0","0","0","72258","2312256","2312256","32","32","0","-","-","-","0","0","0","0","0","0","0","0","0","0","0","0","0","0","0","0","0","0","0","0","0","0","0","0","0","0","0","0","0","0","0","0","0","0","0","0","0","0","0"
"0x7a6e0b9ad140","@!P0  NANOSLEEP.SYNCS 0x989680","0","0","0","72258","2312256","2233888","32","30","0","-","-","-","0","0","0","0","0","0","0","0","0","0","0","0","0","0","0","0","0","0","0","0","0","0","0","0","0","0","0","0","0","0","0","0","0","0","0","0","0","0","0"
"0x7a6e0b9ad150","@!P0  SYNCS.PHASECHK.TRANS64 P0, [R3+URZ+0xb8], R5","0","0","0","72258","2312256","2233888","32","30","0","-","-","-","0","0","0","0","0","0","0","0","0","0","0","0","0","0","0","0","0","0","0","0","0","0","0","0","0","0","0","0","0","0","0","0","0","0","0","0","0","0","0"
"0x7a6e0b9ad160","@!P0  BRA 0x7a6e0b9ad130","0","0","0","72258","2312256","2213952","32","30","0","-","-","-","0","0","0","0","0","0","0","0","0","0","0","0","0","0","0","0","0","0","0","0","0","0","0","0","0","0","0","0","0","0","0","0","0","0","0","0","0","0","0"
"0x7a6e0b9ad170","      BRA 0x7a6e0b9a2550","0","0","0","3072","98304","98304","32","32","0","-","-","-","0","0","0","0","0","0","0","0","0","0","0","0","0","0","0","0","0","0","0","0","0","0","0","0","0","0","0","0","0","0","0","0","0","0","0","0","0","0","0"
"0x7a6e0b9ad180","      MOV R2, UR15","0","0","0","0","0","0","0","0","0","-","-","-","0","0","0","0","0","0","0","0","0","0","0","0","0","0","0","0","0","0","0","0","0","0","0","0","0","0","0","0","0","0","0","0","0","0","0","0","0","0","0"
"0x7a6e0b9ad190","      MOV R3, UR15","0","0","0","0","0","0","0","0","0","-","-","-","0","0","0","0","0","0","0","0","0","0","0","0","0","0","0","0","0","0","0","0","0","0","0","0","0","0","0","0","0","0","0","0","0","0","0","0","0","0","0"
"0x7a6e0b9ad1a0","      MOV R0, UR18","0","0","0","0","0","0","0","0","0","-","-","-","0","0","0","0","0","0","0","0","0","0","0","0","0","0","0","0","0","0","0","0","0","0","0","0","0","0","0","0","0","0","0","0","0","0","0","0","0","0","0"
"0x7a6e0b9ad1b0","      SYNCS.PHASECHK.TRANS64.TRYWAIT P0, [R0+URZ], R3","0","0","0","0","0","0","0","0","0","-","-","-","0","0","0","0","0","0","0","0","0","0","0","0","0","0","0","0","0","0","0","0","0","0","0","0","0","0","0","0","0","0","0","0","0","0","0","0","0","0","0"
"0x7a6e0b9ad1c0","@!P0  NANOSLEEP.SYNCS 0x989680","0","0","0","0","0","0","0","0","0","-","-","-","0","0","0","0","0","0","0","0","0","0","0","0","0","0","0","0","0","0","0","0","0","0","0","0","0","0","0","0","0","0","0","0","0","0","0","0","0","0","0"
"0x7a6e0b9ad1d0","@!P0  SYNCS.PHASECHK.TRANS64 P0, [R0+URZ], R3","0","0","0","0","0","0","0","0","0","-","-","-","0","0","0","0","0","0","0","0","0","0","0","0","0","0","0","0","0","0","0","0","0","0","0","0","0","0","0","0","0","0","0","0","0","0","0","0","0","0","0"
"0x7a6e0b9ad1e0","@!P0  BRA 0x7a6e0b9ad1b0","0","0","0","0","0","0","0","0","0","-","-","-","0","0","0","0","0","0","0","0","0","0","0","0","0","0","0","0","0","0","0","0","0","0","0","0","0","0","0","0","0","0","0","0","0","0","0","0","0","0","0"
"0x7a6e0b9ad1f0","      BRA 0x7a6e0b9a30f0","0","0","0","0","0","0","0","0","0","-","-","-","0","0","0","0","0","0","0","0","0","0","0","0","0","0","0","0","0","0","0","0","0","0","0","0","0","0","0","0","0","0","0","0","0","0","0","0","0","0","0"
"0x7a6e0b9ad200","      MOV R2, UR4","0","0","0","0","0","0","0","0","0","-","-","-","0","0","0","0","0","0","0","0","0","0","0","0","0","0","0","0","0","0","0","0","0","0","0","0","0","0","0","0","0","0","0","0","0","0","0","0","0","0","0"
"0x7a6e0b9ad210","      MOV R3, UR4","0","0","0","0","0","0","0","0","0","-","-","-","0","0","0","0","0","0","0","0","0","0","0","0","0","0","0","0","0","0","0","0","0","0","0","0","0","0","0","0","0","0","0","0","0","0","0","0","0","0","0"
"0x7a6e0b9ad220","      MOV R0, UR22","0","0","0","0","0","0","0","0","0","-","-","-","0","0","0","0","0","0","0","0","0","0","0","0","0","0","0","0","0","0","0","0","0","0","0","0","0","0","0","0","0","0","0","0","0","0","0","0","0","0","0"
"0x7a6e0b9ad230","      SYNCS.PHASECHK.TRANS64.TRYWAIT P0, [R0+URZ+0x20], R3","0","0","0","0","0","0","0","0","0","-","-","-","0","0","0","0","0","0","0","0","0","0","0","0","0","0","0","0","0","0","0","0","0","0","0","0","0","0","0","0","0","0","0","0","0","0","0","0","0","0","0"
"0x7a6e0b9ad240","@!P0  NANOSLEEP.SYNCS 0x989680","0","0","0","0","0","0","0","0","0","-","-","-","0","0","0","0","0","0","0","0","0","0","0","0","0","0","0","0","0","0","0","0","0","0","0","0","0","0","0","0","0","0","0","0","0","0","0","0","0","0","0"
"0x7a6e0b9ad250","@!P0  SYNCS.PHASECHK.TRANS64 P0, [R0+URZ+0x20], R3","0","0","0","0","0","0","0","0","0","-","-","-","0","0","0","0","0","0","0","0","0","0","0","0","0","0","0","0","0","0","0","0","0","0","0","0","0","0","0","0","0","0","0","0","0","0","0","0","0","0","0"
"0x7a6e0b9ad260","@!P0  BRA 0x7a6e0b9ad230","0","0","0","0","0","0","0","0","0","-","-","-","0","0","0","0","0","0","0","0","0","0","0","0","0","0","0","0","0","0","0","0","0","0","0","0","0","0","0","0","0","0","0","0","0","0","0","0","0","0","0"
"0x7a6e0b9ad270","      BRA 0x7a6e0b9a3140","0","0","0","0","0","0","0","0","0","-","-","-","0","0","0","0","0","0","0","0","0","0","0","0","0","0","0","0","0","0","0","0","0","0","0","0","0","0","0","0","0","0","0","0","0","0","0","0","0","0","0"
"0x7a6e0b9ad280","      MOV R2, UR14","0","0","0","0","0","0","0","0","0","-","-","-","0","0","0","0","0","0","0","0","0","0","0","0","0","0","0","0","0","0","0","0","0","0","0","0","0","0","0","0","0","0","0","0","0","0","0","0","0","0","0"
"0x7a6e0b9ad290","      MOV R3, UR14","0","0","0","0","0","0","0","0","0","-","-","-","0","0","0","0","0","0","0","0","0","0","0","0","0","0","0","0","0","0","0","0","0","0","0","0","0","0","0","0","0","0","0","0","0","0","0","0","0","0","0"
"0x7a6e0b9ad2a0","      MOV R0, UR18","0","0","0","0","0","0","0","0","0","-","-","-","0","0","0","0","0","0","0","0","0","0","0","0","0","0","0","0","0","0","0","0","0","0","0","0","0","0","0","0","0","0","0","0","0","0","0","0","0","0","0"
"0x7a6e0b9ad2b0","      SYNCS.PHASECHK.TRANS64.TRYWAIT P0, [R0+URZ+0x128], R3","0","0","0","0","0","0","0","0","0","-","-","-","0","0","0","0","0","0","0","0","0","0","0","0","0","0","0","0","0","0","0","0","0","0","0","0","0","0","0","0","0","0","0","0","0","0","0","0","0","0","0"
"0x7a6e0b9ad2c0","@!P0  NANOSLEEP.SYNCS 0x989680","0","0","0","0","0","0","0","0","0","-","-","-","0","0","0","0","0","0","0","0","0","0","0","0","0","0","0","0","0","0","0","0","0","0","0","0","0","0","0","0","0","0","0","0","0","0","0","0","0","0","0"
"0x7a6e0b9ad2d0","@!P0  SYNCS.PHASECHK.TRANS64 P0, [R0+URZ+0x128], R3","0","0","0","0","0","0","0","0","0","-","-","-","0","0","0","0","0","0","0","0","0","0","0","0","0","0","0","0","0","0","0","0","0","0","0","0","0","0","0","0","0","0","0","0","0","0","0","0","0","0","0"
"0x7a6e0b9ad2e0","@!P0  BRA 0x7a6e0b9ad2b0","0","0","0","0","0","0","0","0","0","-","-","-","0","0","0","0","0","0","0","0","0","0","0","0","0","0","0","0","0","0","0","0","0","0","0","0","0","0","0","0","0","0","0","0","0","0","0","0","0","0","0"
"0x7a6e0b9ad2f0","      BRA 0x7a6e0b9a3190","0","0","0","0","0","0","0","0","0","-","-","-","0","0","0","0","0","0","0","0","0","0","0","0","0","0","0","0","0","0","0","0","0","0","0","0","0","0","0","0","0","0","0","0","0","0","0","0","0","0","0"
"0x7a6e0b9ad300","      MOV R2, UR15","0","0","0","0","0","0","0","0","0","-","-","-","0","0","0","0","0","0","0","0","0","0","0","0","0","0","0","0","0","0","0","0","0","0","0","0","0","0","0","0","0","0","0","0","0","0","0","0","0","0","0"
"0x7a6e0b9ad310","      MOV R3, UR15","0","0","0","0","0","0","0","0","0","-","-","-","0","0","0","0","0","0","0","0","0","0","0","0","0","0","0","0","0","0","0","0","0","0","0","0","0","0","0","0","0","0","0","0","0","0","0","0","0","0","0"
"0x7a6e0b9ad320","      MOV R0, UR18","0","0","0","0","0","0","0","0","0","-","-","-","0","0","0","0","0","0","0","0","0","0","0","0","0","0","0","0","0","0","0","0","0","0","0","0","0","0","0","0","0","0","0","0","0","0","0","0","0","0","0"
"0x7a6e0b9ad330","      SYNCS.PHASECHK.TRANS64.TRYWAIT P0, [R0+URZ+0x8], R3","0","0","0","0","0","0","0","0","0","-","-","-","0","0","0","0","0","0","0","0","0","0","0","0","0","0","0","0","0","0","0","0","0","0","0","0","0","0","0","0","0","0","0","0","0","0","0","0","0","0","0"
"0x7a6e0b9ad340","@!P0  NANOSLEEP.SYNCS 0x989680","0","0","0","0","0","0","0","0","0","-","-","-","0","0","0","0","0","0","0","0","0","0","0","0","0","0","0","0","0","0","0","0","0","0","0","0","0","0","0","0","0","0","0","0","0","0","0","0","0","0","0"
"0x7a6e0b9ad350","@!P0  SYNCS.PHASECHK.TRANS64 P0, [R0+URZ+0x8], R3","0","0","0","0","0","0","0","0","0","-","-","-","0","0","0","0","0","0","0","0","0","0","0","0","0","0","0","0","0","0","0","0","0","0","0","0","0","0","0","0","0","0","0","0","0","0","0","0","0","0","0"
"0x7a6e0b9ad360","@!P0  BRA 0x7a6e0b9ad330","0","0","0","0","0","0","0","0","0","-","-","-","0","0","0","0","0","0","0","0","0","0","0","0","0","0","0","0","0","0","0","0","0","0","0","0","0","0","0","0","0","0","0","0","0","0","0","0","0","0","0"
"0x7a6e0b9ad370","      BRA 0x7a6e0b9a3400","0","0","0","0","0","0","0","0","0","-","-","-","0","0","0","0","0","0","0","0","0","0","0","0","0","0","0","0","0","0","0","0","0","0","0","0","0","0","0","0","0","0","0","0","0","0","0","0","0","0","0"
"0x7a6e0b9ad380","      MOV R2, UR14","0","0","0","3072","98304","98304","32","32","0","-","-","-","0","0","0","0","0","0","0","0","0","0","0","0","0","0","0","0","0","0","0","0","0","0","0","0","0","0","0","0","0","0","0","0","0","0","0","0","0","0","0"
"0x7a6e0b9ad390","      MOV R3, UR14","0","0","0","3072","98304","98304","32","32","0","-","-","-","0","0","0","0","0","0","0","0","0","0","0","0","0","0","0","0","0","0","0","0","0","0","0","0","0","0","0","0","0","0","0","0","0","0","0","0","0","0","0"
"0x7a6e0b9ad3a0","      MOV R0, UR18","0","0","0","3072","98304","98304","32","32","0","-","-","-","0","0","0","0","0","0","0","0","0","0","0","0","0","0","0","0","0","0","0","0","0","0","0","0","0","0","0","0","0","0","0","0","0","0","0","0","0","0","0"
"0x7a6e0b9ad3b0","      SYNCS.PHASECHK.TRANS64.TRYWAIT P0, [R0+URZ+0x130], R3","0","0","0","86642","2772544","2772544","32","32","0","-","-","-","0","0","0","0","0","0","0","0","0","0","0","0","0","0","0","0","0","0","0","0","0","0","0","0","0","0","0","0","0","0","0","0","0","0","0","0","0","0","0"
"0x7a6e0b9ad3c0","@!P0  NANOSLEEP.SYNCS 0x989680","0","0","0","86642","2772544","2694432","32","31","0","-","-","-","0","0","0","0","0","0","0","0","0","0","0","0","0","0","0","0","0","0","0","0","0","0","0","0","0","0","0","0","0","0","0","0","0","0","0","0","0","0","0"
"0x7a6e0b9ad3d0","@!P0  SYNCS.PHASECHK.TRANS64 P0, [R0+URZ+0x130], R3","0","0","0","86642","2772544","2694432","32","31","0","-","-","-","0","0","0","0","0","0","0","0","0","0","0","0","0","0","0","0","0","0","0","0","0","0","0","0","0","0","0","0","0","0","0","0","0","0","0","0","0","0","0"
"0x7a6e0b9ad3e0","@!P0  BRA 0x7a6e0b9ad3b0","0","0","0","86642","2772544","2674240","32","30","0","-","-","-","0","0","0","0","0","0","0","0","0","0","0","0","0","0","0","0","0","0","0","0","0","0","0","0","0","0","0","0","0","0","0","0","0","0","0","0","0","0","0"
"0x7a6e0b9ad3f0","      BRA 0x7a6e0b9a3440","0","0","0","3072","98304","98304","32","32","0","-","-","-","0","0","0","0","0","0","0","0","0","0","0","0","0","0","0","0","0","0","0","0","0","0","0","0","0","0","0","0","0","0","0","0","0","0","0","0","0","0","0"
"0x7a6e0b9ad400","      MOV R2, UR4","0","0","0","0","0","0","0","0","0","-","-","-","0","0","0","0","0","0","0","0","0","0","0","0","0","0","0","0","0","0","0","0","0","0","0","0","0","0","0","0","0","0","0","0","0","0","0","0","0","0","0"
"0x7a6e0b9ad410","      MOV R3, UR4","0","0","0","0","0","0","0","0","0","-","-","-","0","0","0","0","0","0","0","0","0","0","0","0","0","0","0","0","0","0","0","0","0","0","0","0","0","0","0","0","0","0","0","0","0","0","0","0","0","0","0"
"0x7a6e0b9ad420","      MOV R0, UR27","0","0","0","0","0","0","0","0","0","-","-","-","0","0","0","0","0","0","0","0","0","0","0","0","0","0","0","0","0","0","0","0","0","0","0","0","0","0","0","0","0","0","0","0","0","0","0","0","0","0","0"
"0x7a6e0b9ad430","      SYNCS.PHASECHK.TRANS64.TRYWAIT P0, [R0+URZ], R3","0","0","0","0","0","0","0","0","0","-","-","-","0","0","0","0","0","0","0","0","0","0","0","0","0","0","0","0","0","0","0","0","0","0","0","0","0","0","0","0","0","0","0","0","0","0","0","0","0","0","0"
"0x7a6e0b9ad440","@!P0  NANOSLEEP.SYNCS 0x989680","0","0","0","0","0","0","0","0","0","-","-","-","0","0","0","0","0","0","0","0","0","0","0","0","0","0","0","0","0","0","0","0","0","0","0","0","0","0","0","0","0","0","0","0","0","0","0","0","0","0","0"
"0x7a6e0b9ad450","@!P0  SYNCS.PHASECHK.TRANS64 P0, [R0+URZ], R3","0","0","0","0","0","0","0","0","0","-","-","-","0","0","0","0","0","0","0","0","0","0","0","0","0","0","0","0","0","0","0","0","0","0","0","0","0","0","0","0","0","0","0","0","0","0","0","0","0","0","0"
"0x7a6e0b9ad460","@!P0  BRA 0x7a6e0b9ad430","0","0","0","0","0","0","0","0","0","-","-","-","0","0","0","0","0","0","0","0","0","0","0","0","0","0","0","0","0","0","0","0","0","0","0","0","0","0","0","0","0","0","0","0","0","0","0","0","0","0","0"
"0x7a6e0b9ad470","      BRA 0x7a6e0b9a36e0","0","0","0","0","0","0","0","0","0","-","-","-","0","0","0","0","0","0","0","0","0","0","0","0","0","0","0","0","0","0","0","0","0","0","0","0","0","0","0","0","0","0","0","0","0","0","0","0","0","0","0"
"0x7a6e0b9ad480","      MOV R2, UR8","0","0","0","782677","25045664","25045664","32","32","0","-","-","-","0","0","0","0","0","0","0","0","0","0","0","0","0","0","0","0","0","0","0","0","0","0","0","0","0","0","0","0","0","0","0","0","0","0","0","0","0","0","0"
"0x7a6e0b9ad490","      MOV R3, UR8","0","0","0","782677","25045664","25045664","32","32","0","-","-","-","0","0","0","0","0","0","0","0","0","0","0","0","0","0","0","0","0","0","0","0","0","0","0","0","0","0","0","0","0","0","0","0","0","0","0","0","0","0","0"
"0x7a6e0b9ad4a0","      MOV R0, UR18","0","0","0","782677","25045664","25045664","32","32","0","-","-","-","0","0","0","0","0","0","0","0","0","0","0","0","0","0","0","0","0","0","0","0","0","0","0","0","0","0","0","0","0","0","0","0","0","0","0","0","0","0","0"
"0x7a6e0b9ad4b0","      SYNCS.PHASECHK.TRANS64.TRYWAIT P0, [R0+URZ+0x60], R3","0","0","0","4900542","156817344","156817344","32","32","0","-","-","-","0","0","0","0","0","0","0","0","0","0","0","0","0","0","0","0","0","0","0","0","0","0","0","0","0","0","0","0","0","0","0","0","0","0","0","0","0","0","0"
"0x7a6e0b9ad4c0","@!P0  NANOSLEEP.SYNCS 0x989680","0","0","0","4900542","156817344","135049696","32","27","0","-","-","-","0","0","0","0","0","0","0","0","0","0","0","0","0","0","0","0","0","0","0","0","0","0","0","0","0","0","0","0","0","0","0","0","0","0","0","0","0","0","0"
"0x7a6e0b9ad4d0","@!P0  SYNCS.PHASECHK.TRANS64 P0, [R0+URZ+0x60], R3","0","0","0","4900542","156817344","135049696","32","27","0","-","-","-","0","0","0","0","0","0","0","0","0","0","0","0","0","0","0","0","0","0","0","0","0","0","0","0","0","0","0","0","0","0","0","0","0","0","0","0","0","0","0"
"0x7a6e0b9ad4e0","@!P0  BRA 0x7a6e0b9ad4b0","0","0","0","4900542","156817344","131771680","32","26","0","-","-","-","0","0","0","0","0","0","0","0","0","0","0","0","0","0","0","0","0","0","0","0","0","0","0","0","0","0","0","0","0","0","0","0","0","0","0","0","0","0","0"
"0x7a6e0b9ad4f0","      BRA 0x7a6e0b9a3780","0","0","0","782677","25045664","25045664","32","32","0","-","-","-","0","0","0","0","0","0","0","0","0","0","0","0","0","0","0","0","0","0","0","0","0","0","0","0","0","0","0","0","0","0","0","0","0","0","0","0","0","0","0"
"0x7a6e0b9ad500","      MOV R2, UR8","0","0","0","783063","25058016","25058016","32","32","0","-","-","-","0","0","0","0","0","0","0","0","0","0","0","0","0","0","0","0","0","0","0","0","0","0","0","0","0","0","0","0","0","0","0","0","0","0","0","0","0","0","0"
"0x7a6e0b9ad510","      MOV R3, UR8","0","0","0","783063","25058016","25058016","32","32","0","-","-","-","0","0","0","0","0","0","0","0","0","0","0","0","0","0","0","0","0","0","0","0","0","0","0","0","0","0","0","0","0","0","0","0","0","0","0","0","0","0","0"
"0x7a6e0b9ad520","      MOV R0, UR18","0","0","0","783063","25058016","25058016","32","32","0","-","-","-","0","0","0","0","0","0","0","0","0","0","0","0","0","0","0","0","0","0","0","0","0","0","0","0","0","0","0","0","0","0","0","0","0","0","0","0","0","0","0"
"0x7a6e0b9ad530","      SYNCS.PHASECHK.TRANS64.TRYWAIT P0, [R0+URZ+0x118], R3","0","0","0","838122","26819904","26819904","32","32","0","-","-","-","0","0","0","0","0","0","0","0","0","0","0","0","0","0","0","0","0","0","0","0","0","0","0","0","0","0","0","0","0","0","0","0","0","0","0","0","0","0","0"
"0x7a6e0b9ad540","@!P0  NANOSLEEP.SYNCS 0x989680","0","0","0","838122","26819904","6460032","32","7","0","-","-","-","0","0","0","0","0","0","0","0","0","0","0","0","0","0","0","0","0","0","0","0","0","0","0","0","0","0","0","0","0","0","0","0","0","0","0","0","0","0","0"
"0x7a6e0b9ad550","@!P0  SYNCS.PHASECHK.TRANS64 P0, [R0+URZ+0x118], R3","0","0","0","838122","26819904","6460032","32","7","0","-","-","-","0","0","0","0","0","0","0","0","0","0","0","0","0","0","0","0","0","0","0","0","0","0","0","0","0","0","0","0","0","0","0","0","0","0","0","0","0","0","0"
"0x7a6e0b9ad560","@!P0  BRA 0x7a6e0b9ad530","0","0","0","838122","26819904","1761888","32","2","0","-","-","-","0","0","0","0","0","0","0","0","0","0","0","0","0","0","0","0","0","0","0","0","0","0","0","0","0","0","0","0","0","0","0","0","0","0","0","0","0","0","0"
"0x7a6e0b9ad570","      BRA 0x7a6e0b9a38b0","0","0","0","783063","25058016","25058016","32","32","0","-","-","-","0","0","0","0","0","0","0","0","0","0","0","0","0","0","0","0","0","0","0","0","0","0","0","0","0","0","0","0","0","0","0","0","0","0","0","0","0","0","0"
"0x7a6e0b9ad580","      MOV R2, UR6","0","0","0","0","0","0","0","0","0","-","-","-","0","0","0","0","0","0","0","0","0","0","0","0","0","0","0","0","0","0","0","0","0","0","0","0","0","0","0","0","0","0","0","0","0","0","0","0","0","0","0"
"0x7a6e0b9ad590","      MOV R3, UR6","0","0","0","0","0","0","0","0","0","-","-","-","0","0","0","0","0","0","0","0","0","0","0","0","0","0","0","0","0","0","0","0","0","0","0","0","0","0","0","0","0","0","0","0","0","0","0","0","0","0","0"
"0x7a6e0b9ad5a0","      MOV R0, UR22","0","0","0","0","0","0","0","0","0","-","-","-","0","0","0","0","0","0","0","0","0","0","0","0","0","0","0","0","0","0","0","0","0","0","0","0","0","0","0","0","0","0","0","0","0","0","0","0","0","0","0"
"0x7a6e0b9ad5b0","      SYNCS.PHASECHK.TRANS64.TRYWAIT P0, [R0+URZ], R3","0","0","0","0","0","0","0","0","0","-","-","-","0","0","0","0","0","0","0","0","0","0","0","0","0","0","0","0","0","0","0","0","0","0","0","0","0","0","0","0","0","0","0","0","0","0","0","0","0","0","0"
"0x7a6e0b9ad5c0","@!P0  NANOSLEEP.SYNCS 0x989680","0","0","0","0","0","0","0","0","0","-","-","-","0","0","0","0","0","0","0","0","0","0","0","0","0","0","0","0","0","0","0","0","0","0","0","0","0","0","0","0","0","0","0","0","0","0","0","0","0","0","0"
"0x7a6e0b9ad5d0","@!P0  SYNCS.PHASECHK.TRANS64 P0, [R0+URZ], R3","0","0","0","0","0","0","0","0","0","-","-","-","0","0","0","0","0","0","0","0","0","0","0","0","0","0","0","0","0","0","0","0","0","0","0","0","0","0","0","0","0","0","0","0","0","0","0","0","0","0","0"
"0x7a6e0b9ad5e0","@!P0  BRA 0x7a6e0b9ad5b0","0","0","0","0","0","0","0","0","0","-","-","-","0","0","0","0","0","0","0","0","0","0","0","0","0","0","0","0","0","0","0","0","0","0","0","0","0","0","0","0","0","0","0","0","0","0","0","0","0","0","0"
"0x7a6e0b9ad5f0","      BRA 0x7a6e0b9a3a10","0","0","0","0","0","0","0","0","0","-","-","-","0","0","0","0","0","0","0","0","0","0","0","0","0","0","0","0","0","0","0","0","0","0","0","0","0","0","0","0","0","0","0","0","0","0","0","0","0","0","0"
"0x7a6e0b9ad600","      MOV R2, UR9","0","0","0","783359","25067488","25067488","32","32","0","-","-","-","0","0","0","0","0","0","0","0","0","0","0","0","0","0","0","0","0","0","0","0","0","0","0","0","0","0","0","0","0","0","0","0","0","0","0","0","0","0","0"
"0x7a6e0b9ad610","      MOV R3, UR9","0","0","0","783359","25067488","25067488","32","32","0","-","-","-","0","0","0","0","0","0","0","0","0","0","0","0","0","0","0","0","0","0","0","0","0","0","0","0","0","0","0","0","0","0","0","0","0","0","0","0","0","0","0"
"0x7a6e0b9ad620","      MOV R0, UR18","0","0","0","783359","25067488","25067488","32","32","0","-","-","-","0","0","0","0","0","0","0","0","0","0","0","0","0","0","0","0","0","0","0","0","0","0","0","0","0","0","0","0","0","0","0","0","0","0","0","0","0","0","0"
"0x7a6e0b9ad630","      SYNCS.PHASECHK.TRANS64.TRYWAIT P0, [R0+URZ+0x128], R3","0","0","0","3440998","110111936","110111936","32","32","0","-","-","-","0","0","0","0","0","0","0","0","0","0","0","0","0","0","0","0","0","0","0","0","0","0","0","0","0","0","0","0","0","0","0","0","0","0","0","0","0","0","0"
"0x7a6e0b9ad640","@!P0  NANOSLEEP.SYNCS 0x989680","0","0","0","3440998","110111936","89956512","32","26","0","-","-","-","0","0","0","0","0","0","0","0","0","0","0","0","0","0","0","0","0","0","0","0","0","0","0","0","0","0","0","0","0","0","0","0","0","0","0","0","0","0","0"
"0x7a6e0b9ad650","@!P0  SYNCS.PHASECHK.TRANS64 P0, [R0+URZ+0x128], R3","0","0","0","3440998","110111936","89956512","32","26","0","-","-","-","0","0","0","0","0","0","0","0","0","0","0","0","0","0","0","0","0","0","0","0","0","0","0","0","0","0","0","0","0","0","0","0","0","0","0","0","0","0","0"
"0x7a6e0b9ad660","@!P0  BRA 0x7a6e0b9ad630","0","0","0","3440998","110111936","85044448","32","24","0","-","-","-","0","0","0","0","0","0","0","0","0","0","0","0","0","0","0","0","0","0","0","0","0","0","0","0","0","0","0","0","0","0","0","0","0","0","0","0","0","0","0"
"0x7a6e0b9ad670","      BRA 0x7a6e0b9a3a60","0","0","0","783359","25067488","25067488","32","32","0","-","-","-","0","0","0","0","0","0","0","0","0","0","0","0","0","0","0","0","0","0","0","0","0","0","0","0","0","0","0","0","0","0","0","0","0","0","0","0","0","0","0"
"0x7a6e0b9ad680","      MOV R2, UR8","0","0","0","783360","25067520","25067520","32","32","0","-","-","-","0","0","0","0","0","0","0","0","0","0","0","0","0","0","0","0","0","0","0","0","0","0","0","0","0","0","0","0","0","0","0","0","0","0","0","0","0","0","0"
"0x7a6e0b9ad690","      MOV R3, UR8","0","0","0","783360","25067520","25067520","32","32","0","-","-","-","0","0","0","0","0","0","0","0","0","0","0","0","0","0","0","0","0","0","0","0","0","0","0","0","0","0","0","0","0","0","0","0","0","0","0","0","0","0","0"
"0x7a6e0b9ad6a0","      MOV R0, UR18","0","0","0","783360","25067520","25067520","32","32","0","-","-","-","0","0","0","0","0","0","0","0","0","0","0","0","0","0","0","0","0","0","0","0","0","0","0","0","0","0","0","0","0","0","0","0","0","0","0","0","0","0","0"
"0x7a6e0b9ad6b0","      SYNCS.PHASECHK.TRANS64.TRYWAIT P0, [R0+URZ+0x68], R3","0","0","0","5776538","184849216","184849216","32","32","0","-","-","-","0","0","0","0","0","0","0","0","0","0","0","0","0","0","0","0","0","0","0","0","0","0","0","0","0","0","0","0","0","0","0","0","0","0","0","0","0","0","0"
"0x7a6e0b9ad6c0","@!P0  NANOSLEEP.SYNCS 0x989680","0","0","0","5776538","184849216","163832608","32","28","0","-","-","-","0","0","0","0","0","0","0","0","0","0","0","0","0","0","0","0","0","0","0","0","0","0","0","0","0","0","0","0","0","0","0","0","0","0","0","0","0","0","0"
"0x7a6e0b9ad6d0","@!P0  SYNCS.PHASECHK.TRANS64 P0, [R0+URZ+0x68], R3","0","0","0","5776538","184849216","163832608","32","28","0","-","-","-","0","0","0","0","0","0","0","0","0","0","0","0","0","0","0","0","0","0","0","0","0","0","0","0","0","0","0","0","0","0","0","0","0","0","0","0","0","0","0"
"0x7a6e0b9ad6e0","@!P0  BRA 0x7a6e0b9ad6b0","0","0","0","5776538","184849216","159781696","32","27","0","-","-","-","0","0","0","0","0","0","0","0","0","0","0","0","0","0","0","0","0","0","0","0","0","0","0","0","0","0","0","0","0","0","0","0","0","0","0","0","0","0","0"
"0x7a6e0b9ad6f0","      BRA 0x7a6e0b9a3c90","0","0","0","783360","25067520","25067520","32","32","0","-","-","-","0","0","0","0","0","0","0","0","0","0","0","0","0","0","0","0","0","0","0","0","0","0","0","0","0","0","0","0","0","0","0","0","0","0","0","0","0","0","0"
"0x7a6e0b9ad700","      MOV R2, UR8","0","0","0","783360","25067520","25067520","32","32","0","-","-","-","0","0","0","0","0","0","0","0","0","0","0","0","0","0","0","0","0","0","0","0","0","0","0","0","0","0","0","0","0","0","0","0","0","0","0","0","0","0","0"
"0x7a6e0b9ad710","      MOV R3, UR8","0","0","0","783360","25067520","25067520","32","32","0","-","-","-","0","0","0","0","0","0","0","0","0","0","0","0","0","0","0","0","0","0","0","0","0","0","0","0","0","0","0","0","0","0","0","0","0","0","0","0","0","0","0"
"0x7a6e0b9ad720","      MOV R0, UR18","0","0","0","783360","25067520","25067520","32","32","0","-","-","-","0","0","0","0","0","0","0","0","0","0","0","0","0","0","0","0","0","0","0","0","0","0","0","0","0","0","0","0","0","0","0","0","0","0","0","0","0","0","0"
"0x7a6e0b9ad730","      SYNCS.PHASECHK.TRANS64.TRYWAIT P0, [R0+URZ+0x120], R3","0","0","0","1583458","50670656","50670656","32","32","0","-","-","-","0","0","0","0","0","0","0","0","0","0","0","0","0","0","0","0","0","0","0","0","0","0","0","0","0","0","0","0","0","0","0","0","0","0","0","0","0","0","0"
"0x7a6e0b9ad740","@!P0  NANOSLEEP.SYNCS 0x989680","0","0","0","1583458","50670656","26665600","32","16","0","-","-","-","0","0","0","0","0","0","0","0","0","0","0","0","0","0","0","0","0","0","0","0","0","0","0","0","0","0","0","0","0","0","0","0","0","0","0","0","0","0","0"
"0x7a6e0b9ad750","@!P0  SYNCS.PHASECHK.TRANS64 P0, [R0+URZ+0x120], R3","0","0","0","1583458","50670656","26665600","32","16","0","-","-","-","0","0","0","0","0","0","0","0","0","0","0","0","0","0","0","0","0","0","0","0","0","0","0","0","0","0","0","0","0","0","0","0","0","0","0","0","0","0","0"
"0x7a6e0b9ad760","@!P0  BRA 0x7a6e0b9ad730","0","0","0","1583458","50670656","25603136","32","16","0","-","-","-","0","0","0","0","0","0","0","0","0","0","0","0","0","0","0","0","0","0","0","0","0","0","0","0","0","0","0","0","0","0","0","0","0","0","0","0","0","0","0"
"0x7a6e0b9ad770","      BRA 0x7a6e0b9a3d40","0","0","0","783360","25067520","25067520","32","32","0","-","-","-","0","0","0","0","0","0","0","0","0","0","0","0","0","0","0","0","0","0","0","0","0","0","0","0","0","0","0","0","0","0","0","0","0","0","0","0","0","0","0"
"0x7a6e0b9ad780","      MOV R2, UR9","0","0","0","780288","24969216","24969216","32","32","0","-","-","-","0","0","0","0","0","0","0","0","0","0","0","0","0","0","0","0","0","0","0","0","0","0","0","0","0","0","0","0","0","0","0","0","0","0","0","0","0","0","0"
"0x7a6e0b9ad790","      MOV R3, UR9","0","0","0","780288","24969216","24969216","32","32","0","-","-","-","0","0","0","0","0","0","0","0","0","0","0","0","0","0","0","0","0","0","0","0","0","0","0","0","0","0","0","0","0","0","0","0","0","0","0","0","0","0","0"
"0x7a6e0b9ad7a0","      MOV R0, UR18","0","0","0","780288","24969216","24969216","32","32","0","-","-","-","0","0","0","0","0","0","0","0","0","0","0","0","0","0","0","0","0","0","0","0","0","0","0","0","0","0","0","0","0","0","0","0","0","0","0","0","0","0","0"
"0x7a6e0b9ad7b0","      SYNCS.PHASECHK.TRANS64.TRYWAIT P0, [R0+URZ+0x130], R3","0","0","0","4384969","140319008","140319008","32","32","0","-","-","-","0","0","0","0","0","0","0","0","0","0","0","0","0","0","0","0","0","0","0","0","0","0","0","0","0","0","0","0","0","0","0","0","0","0","0","0","0","0","0"
"0x7a6e0b9ad7c0","@!P0  NANOSLEEP.SYNCS 0x989680","0","0","0","4384969","140319008","119790400","32","27","0","-","-","-","0","0","0","0","0","0","0","0","0","0","0","0","0","0","0","0","0","0","0","0","0","0","0","0","0","0","0","0","0","0","0","0","0","0","0","0","0","0","0"
"0x7a6e0b9ad7d0","@!P0  SYNCS.PHASECHK.TRANS64 P0, [R0+URZ+0x130], R3","0","0","0","4384969","140319008","119790400","32","27","0","-","-","-","0","0","0","0","0","0","0","0","0","0","0","0","0","0","0","0","0","0","0","0","0","0","0","0","0","0","0","0","0","0","0","0","0","0","0","0","0","0","0"
"0x7a6e0b9ad7e0","@!P0  BRA 0x7a6e0b9ad7b0","0","0","0","4384969","140319008","115349792","32","26","0","-","-","-","0","0","0","0","0","0","0","0","0","0","0","0","0","0","0","0","0","0","0","0","0","0","0","0","0","0","0","0","0","0","0","0","0","0","0","0","0","0","0"
"0x7a6e0b9ad7f0","      BRA 0x7a6e0b9a3e30","0","0","0","780288","24969216","24969216","32","32","0","-","-","-","0","0","0","0","0","0","0","0","0","0","0","0","0","0","0","0","0","0","0","0","0","0","0","0","0","0","0","0","0","0","0","0","0","0","0","0","0","0","0"
"0x7a6e0b9ad800","      MOV R2, UR4","0","0","0","0","0","0","0","0","0","-","-","-","0","0","0","0","0","0","0","0","0","0","0","0","0","0","0","0","0","0","0","0","0","0","0","0","0","0","0","0","0","0","0","0","0","0","0","0","0","0","0"
"0x7a6e0b9ad810","      MOV R3, UR4","0","0","0","0","0","0","0","0","0","-","-","-","0","0","0","0","0","0","0","0","0","0","0","0","0","0","0","0","0","0","0","0","0","0","0","0","0","0","0","0","0","0","0","0","0","0","0","0","0","0","0"
"0x7a6e0b9ad820","      MOV R0, UR7","0","0","0","0","0","0","0","0","0","-","-","-","0","0","0","0","0","0","0","0","0","0","0","0","0","0","0","0","0","0","0","0","0","0","0","0","0","0","0","0","0","0","0","0","0","0","0","0","0","0","0"
"0x7a6e0b9ad830","      SYNCS.PHASECHK.TRANS64.TRYWAIT P0, [R0+URZ+0x20], R3","0","0","0","0","0","0","0","0","0","-","-","-","0","0","0","0","0","0","0","0","0","0","0","0","0","0","0","0","0","0","0","0","0","0","0","0","0","0","0","0","0","0","0","0","0","0","0","0","0","0","0"
"0x7a6e0b9ad840","@!P0  NANOSLEEP.SYNCS 0x989680","0","0","0","0","0","0","0","0","0","-","-","-","0","0","0","0","0","0","0","0","0","0","0","0","0","0","0","0","0","0","0","0","0","0","0","0","0","0","0","0","0","0","0","0","0","0","0","0","0","0","0"
"0x7a6e0b9ad850","@!P0  SYNCS.PHASECHK.TRANS64 P0, [R0+URZ+0x20], R3","0","0","0","0","0","0","0","0","0","-","-","-","0","0","0","0","0","0","0","0","0","0","0","0","0","0","0","0","0","0","0","0","0","0","0","0","0","0","0","0","0","0","0","0","0","0","0","0","0","0","0"
"0x7a6e0b9ad860","@!P0  BRA 0x7a6e0b9ad830","0","0","0","0","0","0","0","0","0","-","-","-","0","0","0","0","0","0","0","0","0","0","0","0","0","0","0","0","0","0","0","0","0","0","0","0","0","0","0","0","0","0","0","0","0","0","0","0","0","0","0"
"0x7a6e0b9ad870","      BRA 0x7a6e0b9a40a0","0","0","0","0","0","0","0","0","0","-","-","-","0","0","0","0","0","0","0","0","0","0","0","0","0","0","0","0","0","0","0","0","0","0","0","0","0","0","0","0","0","0","0","0","0","0","0","0","0","0","0"
"0x7a6e0b9ad880","      MOV R2, UR4","0","0","0","3072","98304","98304","32","32","0","-","-","-","0","0","0","0","0","0","0","0","0","0","0","0","0","0","0","0","0","0","0","0","0","0","0","0","0","0","0","0","0","0","0","0","0","0","0","0","0","0","0"
"0x7a6e0b9ad890","      MOV R3, UR4","0","0","0","3072","98304","98304","32","32","0","-","-","-","0","0","0","0","0","0","0","0","0","0","0","0","0","0","0","0","0","0","0","0","0","0","0","0","0","0","0","0","0","0","0","0","0","0","0","0","0","0","0"
"0x7a6e0b9ad8a0","      MOV R0, UR18","0","0","0","3072","98304","98304","32","32","0","-","-","-","0","0","0","0","0","0","0","0","0","0","0","0","0","0","0","0","0","0","0","0","0","0","0","0","0","0","0","0","0","0","0","0","0","0","0","0","0","0","0"
"0x7a6e0b9ad8b0","      SYNCS.PHASECHK.TRANS64.TRYWAIT P0, [R0+URZ+0x60], R3","0","0","0","19367","619744","619744","32","32","0","-","-","-","0","0","0","0","0","0","0","0","0","0","0","0","0","0","0","0","0","0","0","0","0","0","0","0","0","0","0","0","0","0","0","0","0","0","0","0","0","0","0"
"0x7a6e0b9ad8c0","@!P0  NANOSLEEP.SYNCS 0x989680","0","0","0","19367","619744","541408","32","27","0","-","-","-","0","0","0","0","0","0","0","0","0","0","0","0","0","0","0","0","0","0","0","0","0","0","0","0","0","0","0","0","0","0","0","0","0","0","0","0","0","0","0"
"0x7a6e0b9ad8d0","@!P0  SYNCS.PHASECHK.TRANS64 P0, [R0+URZ+0x60], R3","0","0","0","19367","619744","541408","32","27","0","-","-","-","0","0","0","0","0","0","0","0","0","0","0","0","0","0","0","0","0","0","0","0","0","0","0","0","0","0","0","0","0","0","0","0","0","0","0","0","0","0","0"
"0x7a6e0b9ad8e0","@!P0  BRA 0x7a6e0b9ad8b0","0","0","0","19367","619744","521440","32","26","0","-","-","-","0","0","0","0","0","0","0","0","0","0","0","0","0","0","0","0","0","0","0","0","0","0","0","0","0","0","0","0","0","0","0","0","0","0","0","0","0","0","0"
"0x7a6e0b9ad8f0","      BRA 0x7a6e0b9a4140","0","0","0","3072","98304","98304","32","32","0","-","-","-","0","0","0","0","0","0","0","0","0","0","0","0","0","0","0","0","0","0","0","0","0","0","0","0","0","0","0","0","0","0","0","0","0","0","0","0","0","0","0"
"0x7a6e0b9ad900","      MOV R2, UR4","0","0","0","3071","98272","98272","32","32","0","-","-","-","0","0","0","0","0","0","0","0","0","0","0","0","0","0","0","0","0","0","0","0","0","0","0","0","0","0","0","0","0","0","0","0","0","0","0","0","0","0","0"
"0x7a6e0b9ad910","      MOV R3, UR4","0","0","0","3071","98272","98272","32","32","0","-","-","-","0","0","0","0","0","0","0","0","0","0","0","0","0","0","0","0","0","0","0","0","0","0","0","0","0","0","0","0","0","0","0","0","0","0","0","0","0","0","0"
"0x7a6e0b9ad920","      MOV R0, UR18","0","0","0","3071","98272","98272","32","32","0","-","-","-","0","0","0","0","0","0","0","0","0","0","0","0","0","0","0","0","0","0","0","0","0","0","0","0","0","0","0","0","0","0","0","0","0","0","0","0","0","0","0"
"0x7a6e0b9ad930","      SYNCS.PHASECHK.TRANS64.TRYWAIT P0, [R0+URZ+0x118], R3","0","0","0","3255","104160","104160","32","32","0","-","-","-","0","0","0","0","0","0","0","0","0","0","0","0","0","0","0","0","0","0","0","0","0","0","0","0","0","0","0","0","0","0","0","0","0","0","0","0","0","0","0"
"0x7a6e0b9ad940","@!P0  NANOSLEEP.SYNCS 0x989680","0","0","0","3255","104160","14528","32","4","0","-","-","-","0","0","0","0","0","0","0","0","0","0","0","0","0","0","0","0","0","0","0","0","0","0","0","0","0","0","0","0","0","0","0","0","0","0","0","0","0","0","0"
"0x7a6e0b9ad950","@!P0  SYNCS.PHASECHK.TRANS64 P0, [R0+URZ+0x118], R3","0","0","0","3255","104160","14528","32","4","0","-","-","-","0","0","0","0","0","0","0","0","0","0","0","0","0","0","0","0","0","0","0","0","0","0","0","0","0","0","0","0","0","0","0","0","0","0","0","0","0","0","0"
"0x7a6e0b9ad960","@!P0  BRA 0x7a6e0b9ad930","0","0","0","3255","104160","5888","32","1","0","-","-","-","0","0","0","0","0","0","0","0","0","0","0","0","0","0","0","0","0","0","0","0","0","0","0","0","0","0","0","0","0","0","0","0","0","0","0","0","0","0","0"
"0x7a6e0b9ad970","      BRA 0x7a6e0b9a4290","0","0","0","3071","98272","98272","32","32","0","-","-","-","0","0","0","0","0","0","0","0","0","0","0","0","0","0","0","0","0","0","0","0","0","0","0","0","0","0","0","0","0","0","0","0","0","0","0","0","0","0","0"
"0x7a6e0b9ad980","      MOV R2, UR4","0","0","0","3072","98304","98304","32","32","0","-","-","-","0","0","0","0","0","0","0","0","0","0","0","0","0","0","0","0","0","0","0","0","0","0","0","0","0","0","0","0","0","0","0","0","0","0","0","0","0","0","0"
"0x7a6e0b9ad990","      MOV R3, UR4","0","0","0","3072","98304","98304","32","32","0","-","-","-","0","0","0","0","0","0","0","0","0","0","0","0","0","0","0","0","0","0","0","0","0","0","0","0","0","0","0","0","0","0","0","0","0","0","0","0","0","0","0"
"0x7a6e0b9ad9a0","      MOV R0, UR18","0","0","0","3072","98304","98304","32","32","0","-","-","-","0","0","0","0","0","0","0","0","0","0","0","0","0","0","0","0","0","0","0","0","0","0","0","0","0","0","0","0","0","0","0","0","0","0","0","0","0","0","0"
"0x7a6e0b9ad9b0","      SYNCS.PHASECHK.TRANS64.TRYWAIT P0, [R0+URZ+0x68], R3","0","0","0","51119","1635808","1635808","32","32","0","-","-","-","0","0","0","0","0","0","0","0","0","0","0","0","0","0","0","0","0","0","0","0","0","0","0","0","0","0","0","0","0","0","0","0","0","0","0","0","0","0","0"
"0x7a6e0b9ad9c0","@!P0  NANOSLEEP.SYNCS 0x989680","0","0","0","51119","1635808","1557568","32","30","0","-","-","-","0","0","0","0","0","0","0","0","0","0","0","0","0","0","0","0","0","0","0","0","0","0","0","0","0","0","0","0","0","0","0","0","0","0","0","0","0","0","0"
"0x7a6e0b9ad9d0","@!P0  SYNCS.PHASECHK.TRANS64 P0, [R0+URZ+0x68], R3","0","0","0","51119","1635808","1557568","32","30","0","-","-","-","0","0","0","0","0","0","0","0","0","0","0","0","0","0","0","0","0","0","0","0","0","0","0","0","0","0","0","0","0","0","0","0","0","0","0","0","0","0","0"
"0x7a6e0b9ad9e0","@!P0  BRA 0x7a6e0b9ad9b0","0","0","0","51119","1635808","1537504","32","30","0","-","-","-","0","0","0","0","0","0","0","0","0","0","0","0","0","0","0","0","0","0","0","0","0","0","0","0","0","0","0","0","0","0","0","0","0","0","0","0","0","0","0"
"0x7a6e0b9ad9f0","      BRA 0x7a6e0b9a43e0","0","0","0","3072","98304","98304","32","32","0","-","-","-","0","0","0","0","0","0","0","0","0","0","0","0","0","0","0","0","0","0","0","0","0","0","0","0","0","0","0","0","0","0","0","0","0","0","0","0","0","0","0"
"0x7a6e0b9ada00","      MOV R2, UR4","0","0","0","3072","98304","98304","32","32","0","-","-","-","0","0","0","0","0","0","0","0","0","0","0","0","0","0","0","0","0","0","0","0","0","0","0","0","0","0","0","0","0","0","0","0","0","0","0","0","0","0","0"
"0x7a6e0b9ada10","      MOV R3, UR4","0","0","0","3072","98304","98304","32","32","0","-","-","-","0","0","0","0","0","0","0","0","0","0","0","0","0","0","0","0","0","0","0","0","0","0","0","0","0","0","0","0","0","0","0","0","0","0","0","0","0","0","0"
"0x7a6e0b9ada20","      MOV R0, UR18","0","0","0","3072","98304","98304","32","32","0","-","-","-","0","0","0","0","0","0","0","0","0","0","0","0","0","0","0","0","0","0","0","0","0","0","0","0","0","0","0","0","0","0","0","0","0","0","0","0","0","0","0"
"0x7a6e0b9ada30","      SYNCS.PHASECHK.TRANS64.TRYWAIT P0, [R0+URZ+0x120], R3","0","0","0","5850","187200","187200","32","32","0","-","-","-","0","0","0","0","0","0","0","0","0","0","0","0","0","0","0","0","0","0","0","0","0","0","0","0","0","0","0","0","0","0","0","0","0","0","0","0","0","0","0"
"0x7a6e0b9ada40","@!P0  NANOSLEEP.SYNCS 0x989680","0","0","0","5850","187200","100896","32","17","0","-","-","-","0","0","0","0","0","0","0","0","0","0","0","0","0","0","0","0","0","0","0","0","0","0","0","0","0","0","0","0","0","0","0","0","0","0","0","0","0","0","0"
"0x7a6e0b9ada50","@!P0  SYNCS.PHASECHK.TRANS64 P0, [R0+URZ+0x120], R3","0","0","0","5850","187200","100896","32","17","0","-","-","-","0","0","0","0","0","0","0","0","0","0","0","0","0","0","0","0","0","0","0","0","0","0","0","0","0","0","0","0","0","0","0","0","0","0","0","0","0","0","0"
"0x7a6e0b9ada60","@!P0  BRA 0x7a6e0b9ada30","0","0","0","5850","187200","88896","32","15","0","-","-","-","0","0","0","0","0","0","0","0","0","0","0","0","0","0","0","0","0","0","0","0","0","0","0","0","0","0","0","0","0","0","0","0","0","0","0","0","0","0","0"
"0x7a6e0b9ada70","      BRA 0x7a6e0b9a44b0","0","0","0","3072","98304","98304","32","32","0","-","-","-","0","0","0","0","0","0","0","0","0","0","0","0","0","0","0","0","0","0","0","0","0","0","0","0","0","0","0","0","0","0","0","0","0","0","0","0","0","0","0"
"0x7a6e0b9ada80","      MOV R0, UR18","0","0","0","148","4736","4736","32","32","0","-","-","-","0","0","0","0","0","0","0","0","0","0","0","0","0","0","0","0","0","0","0","0","0","0","0","0","0","0","0","0","0","0","0","0","0","0","0","0","0","0","0"
"0x7a6e0b9ada90","      SYNCS.PHASECHK.TRANS64.TRYWAIT P0, [R0+URZ+0x110], RZ","0","0","0","4148","132736","132736","32","32","0","-","-","-","0","0","0","0","0","0","0","0","0","0","0","0","0","0","0","0","0","0","0","0","0","0","0","0","0","0","0","0","0","0","0","0","0","0","0","0","0","0","0"
"0x7a6e0b9adaa0","@!P0  NANOSLEEP.SYNCS 0x989680","0","0","0","4148","132736","128576","32","30","0","-","-","-","0","0","0","0","0","0","0","0","0","0","0","0","0","0","0","0","0","0","0","0","0","0","0","0","0","0","0","0","0","0","0","0","0","0","0","0","0","0","0"
"0x7a6e0b9adab0","@!P0  SYNCS.PHASECHK.TRANS64 P0, [R0+URZ+0x110], RZ","0","0","0","4148","132736","128576","32","30","0","-","-","-","0","0","0","0","0","0","0","0","0","0","0","0","0","0","0","0","0","0","0","0","0","0","0","0","0","0","0","0","0","0","0","0","0","0","0","0","0","0","0"
"0x7a6e0b9adac0","@!P0  BRA 0x7a6e0b9ada90","0","0","0","4148","132736","128000","32","30","0","-","-","-","0","0","0","0","0","0","0","0","0","0","0","0","0","0","0","0","0","0","0","0","0","0","0","0","0","0","0","0","0","0","0","0","0","0","0","0","0","0","0"
"0x7a6e0b9adad0","      BRA 0x7a6e0b9a4740","0","0","0","148","4736","4736","32","32","0","-","-","-","0","0","0","0","0","0","0","0","0","0","0","0","0","0","0","0","0","0","0","0","0","0","0","0","0","0","0","0","0","0","0","0","0","0","0","0","0","0","0"
"0x7a6e0b9adae0","      MOV R2, UR4","0","0","0","2924","93568","93568","32","32","0","-","-","-","0","0","0","0","0","0","0","0","0","0","0","0","0","0","0","0","0","0","0","0","0","0","0","0","0","0","0","0","0","0","0","0","0","0","0","0","0","0","0"
"0x7a6e0b9adaf0","      MOV R3, UR4","0","0","0","2924","93568","93568","32","32","0","-","-","-","0","0","0","0","0","0","0","0","0","0","0","0","0","0","0","0","0","0","0","0","0","0","0","0","0","0","0","0","0","0","0","0","0","0","0","0","0","0","0"
"0x7a6e0b9adb00","      MOV R0, UR33","0","0","0","2924","93568","93568","32","32","0","-","-","-","0","0","0","0","0","0","0","0","0","0","0","0","0","0","0","0","0","0","0","0","0","0","0","0","0","0","0","0","0","0","0","0","0","0","0","0","0","0","0"
"0x7a6e0b9adb10","      SYNCS.PHASECHK.TRANS64.TRYWAIT P0, [R0+URZ+0x10], R3","0","0","0","149886","4796352","4796352","32","32","0","-","-","-","0","0","0","0","0","0","0","0","0","0","0","0","0","0","0","0","0","0","0","0","0","0","0","0","0","0","0","0","0","0","0","0","0","0","0","0","0","0","0"
"0x7a6e0b9adb20","@!P0  NANOSLEEP.SYNCS 0x989680","0","0","0","149886","4796352","4721472","32","31","0","-","-","-","0","0","0","0","0","0","0","0","0","0","0","0","0","0","0","0","0","0","0","0","0","0","0","0","0","0","0","0","0","0","0","0","0","0","0","0","0","0","0"
"0x7a6e0b9adb30","@!P0  SYNCS.PHASECHK.TRANS64 P0, [R0+URZ+0x10], R3","0","0","0","149886","4796352","4721472","32","31","0","-","-","-","0","0","0","0","0","0","0","0","0","0","0","0","0","0","0","0","0","0","0","0","0","0","0","0","0","0","0","0","0","0","0","0","0","0","0","0","0","0","0"
"0x7a6e0b9adb40","@!P0  BRA 0x7a6e0b9adb10","0","0","0","149886","4796352","4702784","32","31","0","-","-","-","0","0","0","0","0","0","0","0","0","0","0","0","0","0","0","0","0","0","0","0","0","0","0","0","0","0","0","0","0","0","0","0","0","0","0","0","0","0","0"
"0x7a6e0b9adb50","      BRA 0x7a6e0b9a4db0","0","0","0","2924","93568","93568","32","32","0","-","-","-","0","0","0","0","0","0","0","0","0","0","0","0","0","0","0","0","0","0","0","0","0","0","0","0","0","0","0","0","0","0","0","0","0","0","0","0","0","0","0"
"0x7a6e0b9adb60","      MOV R2, UR7","0","0","0","0","0","0","0","0","0","-","-","-","0","0","0","0","0","0","0","0","0","0","0","0","0","0","0","0","0","0","0","0","0","0","0","0","0","0","0","0","0","0","0","0","0","0","0","0","0","0","0"
"0x7a6e0b9adb70","      MOV R3, UR7","0","0","0","0","0","0","0","0","0","-","-","-","0","0","0","0","0","0","0","0","0","0","0","0","0","0","0","0","0","0","0","0","0","0","0","0","0","0","0","0","0","0","0","0","0","0","0","0","0","0","0"
"0x7a6e0b9adb80","      MOV R0, UR5","0","0","0","0","0","0","0","0","0","-","-","-","0","0","0","0","0","0","0","0","0","0","0","0","0","0","0","0","0","0","0","0","0","0","0","0","0","0","0","0","0","0","0","0","0","0","0","0","0","0","0"
"0x7a6e0b9adb90","      SYNCS.PHASECHK.TRANS64.TRYWAIT P0, [R0+URZ+0x40], R3","0","0","0","0","0","0","0","0","0","-","-","-","0","0","0","0","0","0","0","0","0","0","0","0","0","0","0","0","0","0","0","0","0","0","0","0","0","0","0","0","0","0","0","0","0","0","0","0","0","0","0"
"0x7a6e0b9adba0","@!P0  NANOSLEEP.SYNCS 0x989680","0","0","0","0","0","0","0","0","0","-","-","-","0","0","0","0","0","0","0","0","0","0","0","0","0","0","0","0","0","0","0","0","0","0","0","0","0","0","0","0","0","0","0","0","0","0","0","0","0","0","0"
"0x7a6e0b9adbb0","@!P0  SYNCS.PHASECHK.TRANS64 P0, [R0+URZ+0x40], R3","0","0","0","0","0","0","0","0","0","-","-","-","0","0","0","0","0","0","0","0","0","0","0","0","0","0","0","0","0","0","0","0","0","0","0","0","0","0","0","0","0","0","0","0","0","0","0","0","0","0","0"
"0x7a6e0b9adbc0","@!P0  BRA 0x7a6e0b9adb90","0","0","0","0","0","0","0","0","0","-","-","-","0","0","0","0","0","0","0","0","0","0","0","0","0","0","0","0","0","0","0","0","0","0","0","0","0","0","0","0","0","0","0","0","0","0","0","0","0","0","0"
"0x7a6e0b9adbd0","      BRA 0x7a6e0b9a4f40","0","0","0","0","0","0","0","0","0","-","-","-","0","0","0","0","0","0","0","0","0","0","0","0","0","0","0","0","0","0","0","0","0","0","0","0","0","0","0","0","0","0","0","0","0","0","0","0","0","0","0"
"0x7a6e0b9adbe0","      MOV R2, UR4","0","0","0","0","0","0","0","0","0","-","-","-","0","0","0","0","0","0","0","0","0","0","0","0","0","0","0","0","0","0","0","0","0","0","0","0","0","0","0","0","0","0","0","0","0","0","0","0","0","0","0"
"0x7a6e0b9adbf0","      MOV R3, UR4","0","0","0","0","0","0","0","0","0","-","-","-","0","0","0","0","0","0","0","0","0","0","0","0","0","0","0","0","0","0","0","0","0","0","0","0","0","0","0","0","0","0","0","0","0","0","0","0","0","0","0"
"0x7a6e0b9adc00","      MOV R0, UR33","0","0","0","0","0","0","0","0","0","-","-","-","0","0","0","0","0","0","0","0","0","0","0","0","0","0","0","0","0","0","0","0","0","0","0","0","0","0","0","0","0","0","0","0","0","0","0","0","0","0","0"
"0x7a6e0b9adc10","      SYNCS.PHASECHK.TRANS64.TRYWAIT P0, [R0+URZ+0x18], R3","0","0","0","0","0","0","0","0","0","-","-","-","0","0","0","0","0","0","0","0","0","0","0","0","0","0","0","0","0","0","0","0","0","0","0","0","0","0","0","0","0","0","0","0","0","0","0","0","0","0","0"
"0x7a6e0b9adc20","@!P0  NANOSLEEP.SYNCS 0x989680","0","0","0","0","0","0","0","0","0","-","-","-","0","0","0","0","0","0","0","0","0","0","0","0","0","0","0","0","0","0","0","0","0","0","0","0","0","0","0","0","0","0","0","0","0","0","0","0","0","0","0"
"0x7a6e0b9adc30","@!P0  SYNCS.PHASECHK.TRANS64 P0, [R0+URZ+0x18], R3","0","0","0","0","0","0","0","0","0","-","-","-","0","0","0","0","0","0","0","0","0","0","0","0","0","0","0","0","0","0","0","0","0","0","0","0","0","0","0","0","0","0","0","0","0","0","0","0","0","0","0"
"0x7a6e0b9adc40","@!P0  BRA 0x7a6e0b9adc10","0","0","0","0","0","0","0","0","0","-","-","-","0","0","0","0","0","0","0","0","0","0","0","0","0","0","0","0","0","0","0","0","0","0","0","0","0","0","0","0","0","0","0","0","0","0","0","0","0","0","0"
"0x7a6e0b9adc50","      BRA 0x7a6e0b9a5110","0","0","0","0","0","0","0","0","0","-","-","-","0","0","0","0","0","0","0","0","0","0","0","0","0","0","0","0","0","0","0","0","0","0","0","0","0","0","0","0","0","0","0","0","0","0","0","0","0","0","0"
"0x7a6e0b9adc60","      MOV R2, UR15","0","0","0","0","0","0","0","0","0","-","-","-","0","0","0","0","0","0","0","0","0","0","0","0","0","0","0","0","0","0","0","0","0","0","0","0","0","0","0","0","0","0","0","0","0","0","0","0","0","0","0"
"0x7a6e0b9adc70","      MOV R3, UR15","0","0","0","0","0","0","0","0","0","-","-","-","0","0","0","0","0","0","0","0","0","0","0","0","0","0","0","0","0","0","0","0","0","0","0","0","0","0","0","0","0","0","0","0","0","0","0","0","0","0","0"
"0x7a6e0b9adc80","      MOV R0, UR6","0","0","0","0","0","0","0","0","0","-","-","-","0","0","0","0","0","0","0","0","0","0","0","0","0","0","0","0","0","0","0","0","0","0","0","0","0","0","0","0","0","0","0","0","0","0","0","0","0","0","0"
"0x7a6e0b9adc90","      SYNCS.PHASECHK.TRANS64.TRYWAIT P0, [R0+URZ+0x40], R3","0","0","0","0","0","0","0","0","0","-","-","-","0","0","0","0","0","0","0","0","0","0","0","0","0","0","0","0","0","0","0","0","0","0","0","0","0","0","0","0","0","0","0","0","0","0","0","0","0","0","0"
"0x7a6e0b9adca0","@!P0  NANOSLEEP.SYNCS 0x989680","0","0","0","0","0","0","0","0","0","-","-","-","0","0","0","0","0","0","0","0","0","0","0","0","0","0","0","0","0","0","0","0","0","0","0","0","0","0","0","0","0","0","0","0","0","0","0","0","0","0","0"
"0x7a6e0b9adcb0","@!P0  SYNCS.PHASECHK.TRANS64 P0, [R0+URZ+0x40], R3","0","0","0","0","0","0","0","0","0","-","-","-","0","0","0","0","0","0","0","0","0","0","0","0","0","0","0","0","0","0","0","0","0","0","0","0","0","0","0","0","0","0","0","0","0","0","0","0","0","0","0"
"0x7a6e0b9adcc0","@!P0  BRA 0x7a6e0b9adc90","0","0","0","0","0","0","0","0","0","-","-","-","0","0","0","0","0","0","0","0","0","0","0","0","0","0","0","0","0","0","0","0","0","0","0","0","0","0","0","0","0","0","0","0","0","0","0","0","0","0","0"
"0x7a6e0b9adcd0","      BRA 0x7a6e0b9a52f0","0","0","0","0","0","0","0","0","0","-","-","-","0","0","0","0","0","0","0","0","0","0","0","0","0","0","0","0","0","0","0","0","0","0","0","0","0","0","0","0","0","0","0","0","0","0","0","0","0","0","0"
"0x7a6e0b9adce0","      MOV R2, UR5","0","0","0","777357","24875424","24875424","32","32","0","-","-","-","0","0","0","0","0","0","0","0","0","0","0","0","0","0","0","0","0","0","0","0","0","0","0","0","0","0","0","0","0","0","0","0","0","0","0","0","0","0","0"
"0x7a6e0b9adcf0","      MOV R3, UR5","0","0","0","777357","24875424","24875424","32","32","0","-","-","-","0","0","0","0","0","0","0","0","0","0","0","0","0","0","0","0","0","0","0","0","0","0","0","0","0","0","0","0","0","0","0","0","0","0","0","0","0","0","0"
"0x7a6e0b9add00","      MOV R0, UR4","0","0","0","777357","24875424","24875424","32","32","0","-","-","-","0","0","0","0","0","0","0","0","0","0","0","0","0","0","0","0","0","0","0","0","0","0","0","0","0","0","0","0","0","0","0","0","0","0","0","0","0","0","0"
"0x7a6e0b9add10","      SYNCS.PHASECHK.TRANS64.TRYWAIT P0, [R0+URZ+0x40], R3","0","0","0","4740659","151701088","151701088","32","32","0","-","-","-","0","0","0","0","0","0","0","0","0","0","0","0","0","0","0","0","0","0","0","0","0","0","0","0","0","0","0","0","0","0","0","0","0","0","0","0","0","0","0"
"0x7a6e0b9add20","@!P0  NANOSLEEP.SYNCS 0x989680","0","0","0","4740659","151701088","131039360","32","27","0","-","-","-","0","0","0","0","0","0","0","0","0","0","0","0","0","0","0","0","0","0","0","0","0","0","0","0","0","0","0","0","0","0","0","0","0","0","0","0","0","0","0"
"0x7a6e0b9add30","@!P0  SYNCS.PHASECHK.TRANS64 P0, [R0+URZ+0x40], R3","0","0","0","4740659","151701088","131039360","32","27","0","-","-","-","0","0","0","0","0","0","0","0","0","0","0","0","0","0","0","0","0","0","0","0","0","0","0","0","0","0","0","0","0","0","0","0","0","0","0","0","0","0","0"
"0x7a6e0b9add40","@!P0  BRA 0x7a6e0b9add10","0","0","0","4740659","151701088","126825664","32","26","0","-","-","-","0","0","0","0","0","0","0","0","0","0","0","0","0","0","0","0","0","0","0","0","0","0","0","0","0","0","0","0","0","0","0","0","0","0","0","0","0","0","0"
"0x7a6e0b9add50","      BRA 0x7a6e0b9a5580","0","0","0","777357","24875424","24875424","32","32","0","-","-","-","0","0","0","0","0","0","0","0","0","0","0","0","0","0","0","0","0","0","0","0","0","0","0","0","0","0","0","0","0","0","0","0","0","0","0","0","0","0","0"
"0x7a6e0b9add60","      MOV R2, UR7","0","0","0","783212","25062784","25062784","32","32","0","-","-","-","0","0","0","0","0","0","0","0","0","0","0","0","0","0","0","0","0","0","0","0","0","0","0","0","0","0","0","0","0","0","0","0","0","0","0","0","0","0","0"
"0x7a6e0b9add70","      MOV R3, UR7","0","0","0","783212","25062784","25062784","32","32","0","-","-","-","0","0","0","0","0","0","0","0","0","0","0","0","0","0","0","0","0","0","0","0","0","0","0","0","0","0","0","0","0","0","0","0","0","0","0","0","0","0","0"
"0x7a6e0b9add80","      MOV R0, UR5","0","0","0","783212","25062784","25062784","32","32","0","-","-","-","0","0","0","0","0","0","0","0","0","0","0","0","0","0","0","0","0","0","0","0","0","0","0","0","0","0","0","0","0","0","0","0","0","0","0","0","0","0","0"
"0x7a6e0b9add90","      SYNCS.PHASECHK.TRANS64.TRYWAIT P0, [R0+URZ+0x40], R3","0","0","0","26848155","859140960","859140960","32","32","0","-","-","-","0","0","0","0","0","0","0","0","0","0","0","0","0","0","0","0","0","0","0","0","0","0","0","0","0","0","0","0","0","0","0","0","0","0","0","0","0","0","0"
"0x7a6e0b9adda0","@!P0  NANOSLEEP.SYNCS 0x989680","0","0","0","26848155","859140960","837648864","32","31","0","-","-","-","0","0","0","0","0","0","0","0","0","0","0","0","0","0","0","0","0","0","0","0","0","0","0","0","0","0","0","0","0","0","0","0","0","0","0","0","0","0","0"
"0x7a6e0b9addb0","@!P0  SYNCS.PHASECHK.TRANS64 P0, [R0+URZ+0x40], R3","0","0","0","26848155","859140960","837648864","32","31","0","-","-","-","0","0","0","0","0","0","0","0","0","0","0","0","0","0","0","0","0","0","0","0","0","0","0","0","0","0","0","0","0","0","0","0","0","0","0","0","0","0","0"
"0x7a6e0b9addc0","@!P0  BRA 0x7a6e0b9add90","0","0","0","26848155","859140960","834078176","32","31","0","-","-","-","0","0","0","0","0","0","0","0","0","0","0","0","0","0","0","0","0","0","0","0","0","0","0","0","0","0","0","0","0","0","0","0","0","0","0","0","0","0","0"
"0x7a6e0b9addd0","      BRA 0x7a6e0b9a5720","0","0","0","783212","25062784","25062784","32","32","0","-","-","-","0","0","0","0","0","0","0","0","0","0","0","0","0","0","0","0","0","0","0","0","0","0","0","0","0","0","0","0","0","0","0","0","0","0","0","0","0","0","0"
"0x7a6e0b9adde0","      MOV R2, UR5","0","0","0","11870","379840","379840","32","32","0","-","-","-","0","0","0","0","0","0","0","0","0","0","0","0","0","0","0","0","0","0","0","0","0","0","0","0","0","0","0","0","0","0","0","0","0","0","0","0","0","0","0"
"0x7a6e0b9addf0","      MOV R3, UR5","0","0","0","11870","379840","379840","32","32","0","-","-","-","0","0","0","0","0","0","0","0","0","0","0","0","0","0","0","0","0","0","0","0","0","0","0","0","0","0","0","0","0","0","0","0","0","0","0","0","0","0","0"
"0x7a6e0b9ade00","      SYNCS.PHASECHK.TRANS64.TRYWAIT P0, [UR20+0xa0], R3","0","0","0","180792","5785344","5785344","32","32","0","-","-","-","0","0","0","0","0","0","0","0","0","0","0","0","0","0","0","0","0","0","0","0","0","0","0","0","0","0","0","0","0","0","0","0","0","0","0","0","0","0","0"
"0x7a6e0b9ade10","@!P0  NANOSLEEP.SYNCS 0x989680","0","0","0","180792","5785344","5477632","32","30","0","-","-","-","0","0","0","0","0","0","0","0","0","0","0","0","0","0","0","0","0","0","0","0","0","0","0","0","0","0","0","0","0","0","0","0","0","0","0","0","0","0","0"
"0x7a6e0b9ade20","@!P0  SYNCS.PHASECHK.TRANS64 P0, [UR20+0xa0], R3","0","0","0","180792","5785344","5477632","32","30","0","-","-","-","0","0","0","0","0","0","0","0","0","0","0","0","0","0","0","0","0","0","0","0","0","0","0","0","0","0","0","0","0","0","0","0","0","0","0","0","0","0","0"
"0x7a6e0b9ade30","@!P0  BRA 0x7a6e0b9ade00","0","0","0","180792","5785344","5405504","32","29","0","-","-","-","0","0","0","0","0","0","0","0","0","0","0","0","0","0","0","0","0","0","0","0","0","0","0","0","0","0","0","0","0","0","0","0","0","0","0","0","0","0","0"
"0x7a6e0b9ade40","      BRA 0x7a6e0b9a5ea0","0","0","0","11870","379840","379840","32","32","0","-","-","-","0","0","0","0","0","0","0","0","0","0","0","0","0","0","0","0","0","0","0","0","0","0","0","0","0","0","0","0","0","0","0","0","0","0","0","0","0","0","0"
"0x7a6e0b9ade50","      MOV R2, UR4","0","0","0","24576","786432","786432","32","32","0","-","-","-","0","0","0","0","0","0","0","0","0","0","0","0","0","0","0","0","0","0","0","0","0","0","0","0","0","0","0","0","0","0","0","0","0","0","0","0","0","0","0"
"0x7a6e0b9ade60","      MOV R3, UR4","0","0","0","24576","786432","786432","32","32","0","-","-","-","0","0","0","0","0","0","0","0","0","0","0","0","0","0","0","0","0","0","0","0","0","0","0","0","0","0","0","0","0","0","0","0","0","0","0","0","0","0","0"
"0x7a6e0b9ade70","      SYNCS.PHASECHK.TRANS64.TRYWAIT P0, [UR20+0x70], R3","0","0","0","388792","12441344","12441344","32","32","0","-","-","-","0","0","0","0","0","0","0","0","0","0","0","0","0","0","0","0","0","0","0","0","0","0","0","0","0","0","0","0","0","0","0","0","0","0","0","0","0","0","0"
"0x7a6e0b9ade80","@!P0  NANOSLEEP.SYNCS 0x989680","0","0","0","388792","12441344","11785792","32","30","0","-","-","-","0","0","0","0","0","0","0","0","0","0","0","0","0","0","0","0","0","0","0","0","0","0","0","0","0","0","0","0","0","0","0","0","0","0","0","0","0","0","0"
"0x7a6e0b9ade90","@!P0  SYNCS.PHASECHK.TRANS64 P0, [UR20+0x70], R3","0","0","0","388792","12441344","11785792","32","30","0","-","-","-","0","0","0","0","0","0","0","0","0","0","0","0","0","0","0","0","0","0","0","0","0","0","0","0","0","0","0","0","0","0","0","0","0","0","0","0","0","0","0"
"0x7a6e0b9adea0","@!P0  BRA 0x7a6e0b9ade70","0","0","0","388792","12441344","11654912","32","29","0","-","-","-","0","0","0","0","0","0","0","0","0","0","0","0","0","0","0","0","0","0","0","0","0","0","0","0","0","0","0","0","0","0","0","0","0","0","0","0","0","0","0"
"0x7a6e0b9adeb0","      BRA 0x7a6e0b9a5f10","0","0","0","24576","786432","786432","32","32","0","-","-","-","0","0","0","0","0","0","0","0","0","0","0","0","0","0","0","0","0","0","0","0","0","0","0","0","0","0","0","0","0","0","0","0","0","0","0","0","0","0","0"
"0x7a6e0b9adec0","      MOV R4, UR4","0","0","0","1166","37312","37312","32","32","0","-","-","-","0","0","0","0","0","0","0","0","0","0","0","0","0","0","0","0","0","0","0","0","0","0","0","0","0","0","0","0","0","0","0","0","0","0","0","0","0","0","0"
"0x7a6e0b9aded0","      MOV R5, UR4","0","0","0","1166","37312","37312","32","32","0","-","-","-","0","0","0","0","0","0","0","0","0","0","0","0","0","0","0","0","0","0","0","0","0","0","0","0","0","0","0","0","0","0","0","0","0","0","0","0","0","0","0"
"0x7a6e0b9adee0","      SYNCS.PHASECHK.TRANS64.TRYWAIT P0, [UR20+0xa0], R5","0","0","0","1229","39328","39328","32","32","0","-","-","-","0","0","0","0","0","0","0","0","0","0","0","0","0","0","0","0","0","0","0","0","0","0","0","0","0","0","0","0","0","0","0","0","0","0","0","0","0","0","0"
"0x7a6e0b9adef0","@!P0  NANOSLEEP.SYNCS 0x989680","0","0","0","1229","39328","2368","32","1","0","-","-","-","0","0","0","0","0","0","0","0","0","0","0","0","0","0","0","0","0","0","0","0","0","0","0","0","0","0","0","0","0","0","0","0","0","0","0","0","0","0","0"
"0x7a6e0b9adf00","@!P0  SYNCS.PHASECHK.TRANS64 P0, [UR20+0xa0], R5","0","0","0","1229","39328","2368","32","1","0","-","-","-","0","0","0","0","0","0","0","0","0","0","0","0","0","0","0","0","0","0","0","0","0","0","0","0","0","0","0","0","0","0","0","0","0","0","0","0","0","0","0"
"0x7a6e0b9adf10","@!P0  BRA 0x7a6e0b9adee0","0","0","0","1229","39328","2016","32","1","0","-","-","-","0","0","0","0","0","0","0","0","0","0","0","0","0","0","0","0","0","0","0","0","0","0","0","0","0","0","0","0","0","0","0","0","0","0","0","0","0","0","0"
"0x7a6e0b9adf20","      BRA 0x7a6e0b9a89e0","0","0","0","1166","37312","37312","32","32","0","-","-","-","0","0","0","0","0","0","0","0","0","0","0","0","0","0","0","0","0","0","0","0","0","0","0","0","0","0","0","0","0","0","0","0","0","0","0","0","0","0","0"
"0x7a6e0b9adf30","      MOV R4, UR6","0","0","0","13052","417664","417664","32","32","0","-","-","-","0","0","0","0","0","0","0","0","0","0","0","0","0","0","0","0","0","0","0","0","0","0","0","0","0","0","0","0","0","0","0","0","0","0","0","0","0","0","0"
"0x7a6e0b9adf40","      MOV R5, UR6","0","0","0","13052","417664","417664","32","32","0","-","-","-","0","0","0","0","0","0","0","0","0","0","0","0","0","0","0","0","0","0","0","0","0","0","0","0","0","0","0","0","0","0","0","0","0","0","0","0","0","0","0"
"0x7a6e0b9adf50","      SYNCS.PHASECHK.TRANS64.TRYWAIT P0, [UR20+0x70], R5","0","0","0","87963","2814816","2814816","32","32","0","-","-","-","0","0","0","0","0","0","0","0","0","0","0","0","0","0","0","0","0","0","0","0","0","0","0","0","0","0","0","0","0","0","0","0","0","0","0","0","0","0","0"
"0x7a6e0b9adf60","@!P0  NANOSLEEP.SYNCS 0x989680","0","0","0","87963","2814816","2470528","32","28","0","-","-","-","0","0","0","0","0","0","0","0","0","0","0","0","0","0","0","0","0","0","0","0","0","0","0","0","0","0","0","0","0","0","0","0","0","0","0","0","0","0","0"
"0x7a6e0b9adf70","@!P0  SYNCS.PHASECHK.TRANS64 P0, [UR20+0x70], R5","0","0","0","87963","2814816","2470528","32","28","0","-","-","-","0","0","0","0","0","0","0","0","0","0","0","0","0","0","0","0","0","0","0","0","0","0","0","0","0","0","0","0","0","0","0","0","0","0","0","0","0","0","0"
"0x7a6e0b9adf80","@!P0  BRA 0x7a6e0b9adf50","0","0","0","87963","2814816","2397152","32","27","0","-","-","-","0","0","0","0","0","0","0","0","0","0","0","0","0","0","0","0","0","0","0","0","0","0","0","0","0","0","0","0","0","0","0","0","0","0","0","0","0","0","0"
"0x7a6e0b9adf90","      BRA 0x7a6e0b9a8a80","0","0","0","13052","417664","417664","32","32","0","-","-","-","0","0","0","0","0","0","0","0","0","0","0","0","0","0","0","0","0","0","0","0","0","0","0","0","0","0","0","0","0","0","0","0","0","0","0","0","0","0","0"
"0x7a6e0b9adfa0","      MOV R4, UR5","0","0","0","6254592","200146944","200146944","32","32","0","-","-","-","0","0","0","0","0","0","0","0","0","0","0","0","0","0","0","0","0","0","0","0","0","0","0","0","0","0","0","0","0","0","0","0","0","0","0","0","0","0","0"
"0x7a6e0b9adfb0","      MOV R5, UR5","0","0","0","6254592","200146944","200146944","32","32","0","-","-","-","0","0","0","0","0","0","0","0","0","0","0","0","0","0","0","0","0","0","0","0","0","0","0","0","0","0","0","0","0","0","0","0","0","0","0","0","0","0","0"
"0x7a6e0b9adfc0","      SYNCS.PHASECHK.TRANS64.TRYWAIT P0, [UR20+0xa0], R5","0","0","0","65727791","2103289312","2103289312","32","32","0","-","-","-","0","0","0","0","0","0","0","0","0","0","0","0","0","0","0","0","0","0","0","0","0","0","0","0","0","0","0","0","0","0","0","0","0","0","0","0","0","0","0"
"0x7a6e0b9adfd0","@!P0  NANOSLEEP.SYNCS 0x989680","0","0","0","65727791","2103289312","1937589056","32","29","0","-","-","-","0","0","0","0","0","0","0","0","0","0","0","0","0","0","0","0","0","0","0","0","0","0","0","0","0","0","0","0","0","0","0","0","0","0","0","0","0","0","0"
"0x7a6e0b9adfe0","@!P0  SYNCS.PHASECHK.TRANS64 P0, [UR20+0xa0], R5","0","0","0","65727791","2103289312","1937589056","32","29","0","-","-","-","0","0","0","0","0","0","0","0","0","0","0","0","0","0","0","0","0","0","0","0","0","0","0","0","0","0","0","0","0","0","0","0","0","0","0","0","0","0","0"
"0x7a6e0b9adff0","@!P0  BRA 0x7a6e0b9adfc0","0","0","0","65727791","2103289312","1903142368","32","28","0","-","-","-","0","0","0","0","0","0","0","0","0","0","0","0","0","0","0","0","0","0","0","0","0","0","0","0","0","0","0","0","0","0","0","0","0","0","0","0","0","0","0"
"0x7a6e0b9ae000","      BRA 0x7a6e0b9aa140","0","0","0","6254592","200146944","200146944","32","32","0","-","-","-","0","0","0","0","0","0","0","0","0","0","0","0","0","0","0","0","0","0","0","0","0","0","0","0","0","0","0","0","0","0","0","0","0","0","0","0","0","0","0"
"0x7a6e0b9ae010","      MOV R2, UR8","0","0","0","12275","392800","392800","32","32","0","-","-","-","0","0","0","0","0","0","0","0","0","0","0","0","0","0","0","0","0","0","0","0","0","0","0","0","0","0","0","0","0","0","0","0","0","0","0","0","0","0","0"
"0x7a6e0b9ae020","      MOV R3, UR8","0","0","0","12275","392800","392800","32","32","0","-","-","-","0","0","0","0","0","0","0","0","0","0","0","0","0","0","0","0","0","0","0","0","0","0","0","0","0","0","0","0","0","0","0","0","0","0","0","0","0","0","0"
"0x7a6e0b9ae030","      MOV R4, UR5","0","0","0","12275","392800","392800","32","32","0","-","-","-","0","0","0","0","0","0","0","0","0","0","0","0","0","0","0","0","0","0","0","0","0","0","0","0","0","0","0","0","0","0","0","0","0","0","0","0","0","0","0"
"0x7a6e0b9ae040","      SYNCS.PHASECHK.TRANS64.TRYWAIT P0, [R4+URZ+0x90], R3","0","0","0","134613","4307616","4307616","32","32","0","-","-","-","0","0","0","0","0","0","0","0","0","0","0","0","0","0","0","0","0","0","0","0","0","0","0","0","0","0","0","0","0","0","0","0","0","0","0","0","0","0","0"
"0x7a6e0b9ae050","@!P0  NANOSLEEP.SYNCS 0x989680","0","0","0","134613","4307616","3988160","32","29","0","-","-","-","0","0","0","0","0","0","0","0","0","0","0","0","0","0","0","0","0","0","0","0","0","0","0","0","0","0","0","0","0","0","0","0","0","0","0","0","0","0","0"
"0x7a6e0b9ae060","@!P0  SYNCS.PHASECHK.TRANS64 P0, [R4+URZ+0x90], R3","0","0","0","134613","4307616","3988160","32","29","0","-","-","-","0","0","0","0","0","0","0","0","0","0","0","0","0","0","0","0","0","0","0","0","0","0","0","0","0","0","0","0","0","0","0","0","0","0","0","0","0","0","0"
"0x7a6e0b9ae070","@!P0  BRA 0x7a6e0b9ae040","0","0","0","134613","4307616","3914816","32","29","0","-","-","-","0","0","0","0","0","0","0","0","0","0","0","0","0","0","0","0","0","0","0","0","0","0","0","0","0","0","0","0","0","0","0","0","0","0","0","0","0","0","0"
"0x7a6e0b9ae080","      BRA 0x7a6e0b9aad40","0","0","0","12275","392800","392800","32","32","0","-","-","-","0","0","0","0","0","0","0","0","0","0","0","0","0","0","0","0","0","0","0","0","0","0","0","0","0","0","0","0","0","0","0","0","0","0","0","0","0","0","0"
"0x7a6e0b9ae090","      MOV R2, UR8","0","0","0","12288","393216","393216","32","32","0","-","-","-","0","0","0","0","0","0","0","0","0","0","0","0","0","0","0","0","0","0","0","0","0","0","0","0","0","0","0","0","0","0","0","0","0","0","0","0","0","0","0"
"0x7a6e0b9ae0a0","      MOV R3, UR8","0","0","0","12288","393216","393216","32","32","0","-","-","-","0","0","0","0","0","0","0","0","0","0","0","0","0","0","0","0","0","0","0","0","0","0","0","0","0","0","0","0","0","0","0","0","0","0","0","0","0","0","0"
"0x7a6e0b9ae0b0","      MOV R0, UR5","0","0","0","12288","393216","393216","32","32","0","-","-","-","0","0","0","0","0","0","0","0","0","0","0","0","0","0","0","0","0","0","0","0","0","0","0","0","0","0","0","0","0","0","0","0","0","0","0","0","0","0","0"
"0x7a6e0b9ae0c0","      SYNCS.PHASECHK.TRANS64.TRYWAIT P0, [R0+URZ+0x98], R3","0","0","0","379450","12142400","12142400","32","32","0","-","-","-","0","0","0","0","0","0","0","0","0","0","0","0","0","0","0","0","0","0","0","0","0","0","0","0","0","0","0","0","0","0","0","0","0","0","0","0","0","0","0"
"0x7a6e0b9ae0d0","@!P0  NANOSLEEP.SYNCS 0x989680","0","0","0","379450","12142400","11821440","32","31","0","-","-","-","0","0","0","0","0","0","0","0","0","0","0","0","0","0","0","0","0","0","0","0","0","0","0","0","0","0","0","0","0","0","0","0","0","0","0","0","0","0","0"
"0x7a6e0b9ae0e0","@!P0  SYNCS.PHASECHK.TRANS64 P0, [R0+URZ+0x98], R3","0","0","0","379450","12142400","11821440","32","31","0","-","-","-","0","0","0","0","0","0","0","0","0","0","0","0","0","0","0","0","0","0","0","0","0","0","0","0","0","0","0","0","0","0","0","0","0","0","0","0","0","0","0"
"0x7a6e0b9ae0f0","@!P0  BRA 0x7a6e0b9ae0c0","0","0","0","379450","12142400","11749184","32","30","0","-","-","-","0","0","0","0","0","0","0","0","0","0","0","0","0","0","0","0","0","0","0","0","0","0","0","0","0","0","0","0","0","0","0","0","0","0","0","0","0","0","0"
"0x7a6e0b9ae100","      BRA 0x7a6e0b9aad90","0","0","0","12288","393216","393216","32","32","0","-","-","-","0","0","0","0","0","0","0","0","0","0","0","0","0","0","0","0","0","0","0","0","0","0","0","0","0","0","0","0","0","0","0","0","0","0","0","0","0","0","0"
"0x7a6e0b9ae110","      USHF.L.U32 UR6, UR7, 0x1f, URZ","0","0","0","3126726","100055232","100055232","32","32","0","-","-","-","0","0","0","0","0","0","0","0","0","0","0","0","0","0","0","0","0","0","0","0","0","0","0","0","0","0","0","0","0","0","0","0","0","0","0","0","0","0","0"
"0x7a6e0b9ae120","      MOV R0, UR5","0","0","0","3126726","100055232","100055232","32","32","0","-","-","-","0","0","0","0","0","0","0","0","0","0","0","0","0","0","0","0","0","0","0","0","0","0","0","0","0","0","0","0","0","0","0","0","0","0","0","0","0","0","0"
"0x7a6e0b9ae130","      MOV R2, UR6","0","0","0","3126726","100055232","100055232","32","32","0","-","-","-","0","0","0","0","0","0","0","0","0","0","0","0","0","0","0","0","0","0","0","0","0","0","0","0","0","0","0","0","0","0","0","0","0","0","0","0","0","0","0"
"0x7a6e0b9ae140","      MOV R3, UR6","0","0","0","3126726","100055232","100055232","32","32","0","-","-","-","0","0","0","0","0","0","0","0","0","0","0","0","0","0","0","0","0","0","0","0","0","0","0","0","0","0","0","0","0","0","0","0","0","0","0","0","0","0","0"
"0x7a6e0b9ae150","      SYNCS.PHASECHK.TRANS64.TRYWAIT P0, [R0+URZ+0x90], R3","0","0","0","65060181","2081925792","2081925792","32","32","0","-","-","-","0","0","0","0","0","0","0","0","0","0","0","0","0","0","0","0","0","0","0","0","0","0","0","0","0","0","0","0","0","0","0","0","0","0","0","0","0","0","0"
"0x7a6e0b9ae160","@!P0  NANOSLEEP.SYNCS 0x989680","0","0","0","65060181","2081925792","1997282688","32","30","0","-","-","-","0","0","0","0","0","0","0","0","0","0","0","0","0","0","0","0","0","0","0","0","0","0","0","0","0","0","0","0","0","0","0","0","0","0","0","0","0","0","0"
"0x7a6e0b9ae170","@!P0  SYNCS.PHASECHK.TRANS64 P0, [R0+URZ+0x90], R3","0","0","0","65060181","2081925792","1997282688","32","30","0","-","-","-","0","0","0","0","0","0","0","0","0","0","0","0","0","0","0","0","0","0","0","0","0","0","0","0","0","0","0","0","0","0","0","0","0","0","0","0","0","0","0"
"0x7a6e0b9ae180","@!P0  BRA 0x7a6e0b9ae150","0","0","0","65060181","2081925792","1981870560","32","30","0","-","-","-","0","0","0","0","0","0","0","0","0","0","0","0","0","0","0","0","0","0","0","0","0","0","0","0","0","0","0","0","0","0","0","0","0","0","0","0","0","0","0"
"0x7a6e0b9ae190","      BRA 0x7a6e0b9aae00","0","0","0","3126726","100055232","100055232","32","32","0","-","-","-","0","0","0","0","0","0","0","0","0","0","0","0","0","0","0","0","0","0","0","0","0","0","0","0","0","0","0","0","0","0","0","0","0","0","0","0","0","0","0"
"0x7a6e0b9ae1a0","      MOV R2, UR6","0","0","0","3133440","100270080","100270080","32","32","0","-","-","-","0","0","0","0","0","0","0","0","0","0","0","0","0","0","0","0","0","0","0","0","0","0","0","0","0","0","0","0","0","0","0","0","0","0","0","0","0","0","0"
"0x7a6e0b9ae1b0","      MOV R3, UR6","0","0","0","3133440","100270080","100270080","32","32","0","-","-","-","0","0","0","0","0","0","0","0","0","0","0","0","0","0","0","0","0","0","0","0","0","0","0","0","0","0","0","0","0","0","0","0","0","0","0","0","0","0","0"
"0x7a6e0b9ae1c0","      MOV R0, UR5","0","0","0","3133440","100270080","100270080","32","32","0","-","-","-","0","0","0","0","0","0","0","0","0","0","0","0","0","0","0","0","0","0","0","0","0","0","0","0","0","0","0","0","0","0","0","0","0","0","0","0","0","0","0"
"0x7a6e0b9ae1d0","      SYNCS.PHASECHK.TRANS64.TRYWAIT P0, [R0+URZ+0x98], R3","0","0","0","66853473","2139311136","2139311136","32","32","0","-","-","-","0","0","0","0","0","0","0","0","0","0","0","0","0","0","0","0","0","0","0","0","0","0","0","0","0","0","0","0","0","0","0","0","0","0","0","0","0","0","0"
"0x7a6e0b9ae1e0","@!P0  NANOSLEEP.SYNCS 0x989680","0","0","0","66853473","2139311136","2058146912","32","30","0","-","-","-","0","0","0","0","0","0","0","0","0","0","0","0","0","0","0","0","0","0","0","0","0","0","0","0","0","0","0","0","0","0","0","0","0","0","0","0","0","0","0"
"0x7a6e0b9ae1f0","@!P0  SYNCS.PHASECHK.TRANS64 P0, [R0+URZ+0x98], R3","0","0","0","66853473","2139311136","2058146912","32","30","0","-","-","-","0","0","0","0","0","0","0","0","0","0","0","0","0","0","0","0","0","0","0","0","0","0","0","0","0","0","0","0","0","0","0","0","0","0","0","0","0","0","0"
"0x7a6e0b9ae200","@!P0  BRA 0x7a6e0b9ae1d0","0","0","0","66853473","2139311136","2039041056","32","30","0","-","-","-","0","0","0","0","0","0","0","0","0","0","0","0","0","0","0","0","0","0","0","0","0","0","0","0","0","0","0","0","0","0","0","0","0","0","0","0","0","0","0"
"0x7a6e0b9ae210","      BRA 0x7a6e0b9ab3c0","0","0","0","3133440","100270080","100270080","32","32","0","-","-","-","0","0","0","0","0","0","0","0","0","0","0","0","0","0","0","0","0","0","0","0","0","0","0","0","0","0","0","0","0","0","0","0","0","0","0","0","0","0","0"
"0x7a6e0b9ae220","      MOV R2, UR9","0","0","0","12288","393216","393216","32","32","0","-","-","-","0","0","0","0","0","0","0","0","0","0","0","0","0","0","0","0","0","0","0","0","0","0","0","0","0","0","0","0","0","0","0","0","0","0","0","0","0","0","0"
"0x7a6e0b9ae230","      MOV R3, UR9","0","0","0","12288","393216","393216","32","32","0","-","-","-","0","0","0","0","0","0","0","0","0","0","0","0","0","0","0","0","0","0","0","0","0","0","0","0","0","0","0","0","0","0","0","0","0","0","0","0","0","0","0"
"0x7a6e0b9ae240","      MOV R0, UR5","0","0","0","12288","393216","393216","32","32","0","-","-","-","0","0","0","0","0","0","0","0","0","0","0","0","0","0","0","0","0","0","0","0","0","0","0","0","0","0","0","0","0","0","0","0","0","0","0","0","0","0","0"
"0x7a6e0b9ae250","      SYNCS.PHASECHK.TRANS64.TRYWAIT P0, [R0+URZ+0x90], R3","0","0","0","76462","2446784","2446784","32","32","0","-","-","-","0","0","0","0","0","0","0","0","0","0","0","0","0","0","0","0","0","0","0","0","0","0","0","0","0","0","0","0","0","0","0","0","0","0","0","0","0","0","0"
"0x7a6e0b9ae260","@!P0  NANOSLEEP.SYNCS 0x989680","0","0","0","76462","2446784","2106432","32","27","0","-","-","-","0","0","0","0","0","0","0","0","0","0","0","0","0","0","0","0","0","0","0","0","0","0","0","0","0","0","0","0","0","0","0","0","0","0","0","0","0","0","0"
"0x7a6e0b9ae270","@!P0  SYNCS.PHASECHK.TRANS64 P0, [R0+URZ+0x90], R3","0","0","0","76462","2446784","2106432","32","27","0","-","-","-","0","0","0","0","0","0","0","0","0","0","0","0","0","0","0","0","0","0","0","0","0","0","0","0","0","0","0","0","0","0","0","0","0","0","0","0","0","0","0"
"0x7a6e0b9ae280","@!P0  BRA 0x7a6e0b9ae250","0","0","0","76462","2446784","2053568","32","26","0","-","-","-","0","0","0","0","0","0","0","0","0","0","0","0","0","0","0","0","0","0","0","0","0","0","0","0","0","0","0","0","0","0","0","0","0","0","0","0","0","0","0"
"0x7a6e0b9ae290","      BRA 0x7a6e0b9ab9f0","0","0","0","12288","393216","393216","32","32","0","-","-","-","0","0","0","0","0","0","0","0","0","0","0","0","0","0","0","0","0","0","0","0","0","0","0","0","0","0","0","0","0","0","0","0","0","0","0","0","0","0","0"
"0x7a6e0b9ae2a0","      MOV R2, UR8","0","0","0","0","0","0","0","0","0","-","-","-","0","0","0","0","0","0","0","0","0","0","0","0","0","0","0","0","0","0","0","0","0","0","0","0","0","0","0","0","0","0","0","0","0","0","0","0","0","0","0"
"0x7a6e0b9ae2b0","      MOV R3, UR8","0","0","0","0","0","0","0","0","0","-","-","-","0","0","0","0","0","0","0","0","0","0","0","0","0","0","0","0","0","0","0","0","0","0","0","0","0","0","0","0","0","0","0","0","0","0","0","0","0","0","0"
"0x7a6e0b9ae2c0","      MOV R5, UR5","0","0","0","0","0","0","0","0","0","-","-","-","0","0","0","0","0","0","0","0","0","0","0","0","0","0","0","0","0","0","0","0","0","0","0","0","0","0","0","0","0","0","0","0","0","0","0","0","0","0","0"
"0x7a6e0b9ae2d0","      SYNCS.PHASECHK.TRANS64.TRYWAIT P0, [R5+URZ+0x80], R3","0","0","0","0","0","0","0","0","0","-","-","-","0","0","0","0","0","0","0","0","0","0","0","0","0","0","0","0","0","0","0","0","0","0","0","0","0","0","0","0","0","0","0","0","0","0","0","0","0","0","0"
"0x7a6e0b9ae2e0","@!P0  NANOSLEEP.SYNCS 0x989680","0","0","0","0","0","0","0","0","0","-","-","-","0","0","0","0","0","0","0","0","0","0","0","0","0","0","0","0","0","0","0","0","0","0","0","0","0","0","0","0","0","0","0","0","0","0","0","0","0","0","0"
"0x7a6e0b9ae2f0","@!P0  SYNCS.PHASECHK.TRANS64 P0, [R5+URZ+0x80], R3","0","0","0","0","0","0","0","0","0","-","-","-","0","0","0","0","0","0","0","0","0","0","0","0","0","0","0","0","0","0","0","0","0","0","0","0","0","0","0","0","0","0","0","0","0","0","0","0","0","0","0"
"0x7a6e0b9ae300","@!P0  BRA 0x7a6e0b9ae2d0","0","0","0","0","0","0","0","0","0","-","-","-","0","0","0","0","0","0","0","0","0","0","0","0","0","0","0","0","0","0","0","0","0","0","0","0","0","0","0","0","0","0","0","0","0","0","0","0","0","0","0"
"0x7a6e0b9ae310","      BRA 0x7a6e0b9aba50","0","0","0","0","0","0","0","0","0","-","-","-","0","0","0","0","0","0","0","0","0","0","0","0","0","0","0","0","0","0","0","0","0","0","0","0","0","0","0","0","0","0","0","0","0","0","0","0","0","0","0"
"0x7a6e0b9ae320","      MOV R2, UR6","0","0","0","0","0","0","0","0","0","-","-","-","0","0","0","0","0","0","0","0","0","0","0","0","0","0","0","0","0","0","0","0","0","0","0","0","0","0","0","0","0","0","0","0","0","0","0","0","0","0","0"
"0x7a6e0b9ae330","      MOV R3, UR6","0","0","0","0","0","0","0","0","0","-","-","-","0","0","0","0","0","0","0","0","0","0","0","0","0","0","0","0","0","0","0","0","0","0","0","0","0","0","0","0","0","0","0","0","0","0","0","0","0","0","0"
"0x7a6e0b9ae340","      MOV R4, UR5","0","0","0","0","0","0","0","0","0","-","-","-","0","0","0","0","0","0","0","0","0","0","0","0","0","0","0","0","0","0","0","0","0","0","0","0","0","0","0","0","0","0","0","0","0","0","0","0","0","0","0"
"0x7a6e0b9ae350","      SYNCS.PHASECHK.TRANS64.TRYWAIT P0, [R4+URZ+0xc0], R3","0","0","0","0","0","0","0","0","0","-","-","-","0","0","0","0","0","0","0","0","0","0","0","0","0","0","0","0","0","0","0","0","0","0","0","0","0","0","0","0","0","0","0","0","0","0","0","0","0","0","0"
"0x7a6e0b9ae360","@!P0  NANOSLEEP.SYNCS 0x989680","0","0","0","0","0","0","0","0","0","-","-","-","0","0","0","0","0","0","0","0","0","0","0","0","0","0","0","0","0","0","0","0","0","0","0","0","0","0","0","0","0","0","0","0","0","0","0","0","0","0","0"
"0x7a6e0b9ae370","@!P0  SYNCS.PHASECHK.TRANS64 P0, [R4+URZ+0xc0], R3","0","0","0","0","0","0","0","0","0","-","-","-","0","0","0","0","0","0","0","0","0","0","0","0","0","0","0","0","0","0","0","0","0","0","0","0","0","0","0","0","0","0","0","0","0","0","0","0","0","0","0"
"0x7a6e0b9ae380","@!P0  BRA 0x7a6e0b9ae350","0","0","0","0","0","0","0","0","0","-","-","-","0","0","0","0","0","0","0","0","0","0","0","0","0","0","0","0","0","0","0","0","0","0","0","0","0","0","0","0","0","0","0","0","0","0","0","0","0","0","0"
"0x7a6e0b9ae390","      BRA 0x7a6e0b9abaa0","0","0","0","0","0","0","0","0","0","-","-","-","0","0","0","0","0","0","0","0","0","0","0","0","0","0","0","0","0","0","0","0","0","0","0","0","0","0","0","0","0","0","0","0","0","0","0","0","0","0","0"
"0x7a6e0b9ae3a0","      MOV R0, UR5","0","0","0","0","0","0","0","0","0","-","-","-","0","0","0","0","0","0","0","0","0","0","0","0","0","0","0","0","0","0","0","0","0","0","0","0","0","0","0","0","0","0","0","0","0","0","0","0","0","0","0"
"0x7a6e0b9ae3b0","      UMOV UR14, UR9","0","0","0","0","0","0","0","0","0","-","-","-","0","0","0","0","0","0","0","0","0","0","0","0","0","0","0","0","0","0","0","0","0","0","0","0","0","0","0","0","0","0","0","0","0","0","0","0","0","0","0"
"0x7a6e0b9ae3c0","      UMOV UR15, UR9","0","0","0","0","0","0","0","0","0","-","-","-","0","0","0","0","0","0","0","0","0","0","0","0","0","0","0","0","0","0","0","0","0","0","0","0","0","0","0","0","0","0","0","0","0","0","0","0","0","0","0"
"0x7a6e0b9ae3d0","      MOV R4, UR14","0","0","0","0","0","0","0","0","0","-","-","-","0","0","0","0","0","0","0","0","0","0","0","0","0","0","0","0","0","0","0","0","0","0","0","0","0","0","0","0","0","0","0","0","0","0","0","0","0","0","0"
"0x7a6e0b9ae3e0","      MOV R5, UR15","0","0","0","0","0","0","0","0","0","-","-","-","0","0","0","0","0","0","0","0","0","0","0","0","0","0","0","0","0","0","0","0","0","0","0","0","0","0","0","0","0","0","0","0","0","0","0","0","0","0","0"
"0x7a6e0b9ae3f0","      SYNCS.PHASECHK.TRANS64.TRYWAIT P0, [R0+URZ+0x98], R5","0","0","0","0","0","0","0","0","0","-","-","-","0","0","0","0","0","0","0","0","0","0","0","0","0","0","0","0","0","0","0","0","0","0","0","0","0","0","0","0","0","0","0","0","0","0","0","0","0","0","0"
"0x7a6e0b9ae400","@!P0  NANOSLEEP.SYNCS 0x989680","0","0","0","0","0","0","0","0","0","-","-","-","0","0","0","0","0","0","0","0","0","0","0","0","0","0","0","0","0","0","0","0","0","0","0","0","0","0","0","0","0","0","0","0","0","0","0","0","0","0","0"
"0x7a6e0b9ae410","@!P0  SYNCS.PHASECHK.TRANS64 P0, [R0+URZ+0x98], R5","0","0","0","0","0","0","0","0","0","-","-","-","0","0","0","0","0","0","0","0","0","0","0","0","0","0","0","0","0","0","0","0","0","0","0","0","0","0","0","0","0","0","0","0","0","0","0","0","0","0","0"
"0x7a6e0b9ae420","@!P0  BRA 0x7a6e0b9ae3d0","0","0","0","0","0","0","0","0","0","-","-","-","0","0","0","0","0","0","0","0","0","0","0","0","0","0","0","0","0","0","0","0","0","0","0","0","0","0","0","0","0","0","0","0","0","0","0","0","0","0","0"
"0x7a6e0b9ae430","      BRA 0x7a6e0b9ac5a0","0","0","0","0","0","0","0","0","0","-","-","-","0","0","0","0","0","0","0","0","0","0","0","0","0","0","0","0","0","0","0","0","0","0","0","0","0","0","0","0","0","0","0","0","0","0","0","0","0","0","0"
"0x7a6e0b9ae440","      MOV R2, UR8","0","0","0","0","0","0","0","0","0","-","-","-","0","0","0","0","0","0","0","0","0","0","0","0","0","0","0","0","0","0","0","0","0","0","0","0","0","0","0","0","0","0","0","0","0","0","0","0","0","0","0"
"0x7a6e0b9ae450","      MOV R3, UR8","0","0","0","0","0","0","0","0","0","-","-","-","0","0","0","0","0","0","0","0","0","0","0","0","0","0","0","0","0","0","0","0","0","0","0","0","0","0","0","0","0","0","0","0","0","0","0","0","0","0","0"
"0x7a6e0b9ae460","      MOV R5, UR5","0","0","0","0","0","0","0","0","0","-","-","-","0","0","0","0","0","0","0","0","0","0","0","0","0","0","0","0","0","0","0","0","0","0","0","0","0","0","0","0","0","0","0","0","0","0","0","0","0","0","0"
"0x7a6e0b9ae470","      SYNCS.PHASECHK.TRANS64.TRYWAIT P0, [R5+URZ+0x88], R3","0","0","0","0","0","0","0","0","0","-","-","-","0","0","0","0","0","0","0","0","0","0","0","0","0","0","0","0","0","0","0","0","0","0","0","0","0","0","0","0","0","0","0","0","0","0","0","0","0","0","0"
"0x7a6e0b9ae480","@!P0  NANOSLEEP.SYNCS 0x989680","0","0","0","0","0","0","0","0","0","-","-","-","0","0","0","0","0","0","0","0","0","0","0","0","0","0","0","0","0","0","0","0","0","0","0","0","0","0","0","0","0","0","0","0","0","0","0","0","0","0","0"
"0x7a6e0b9ae490","@!P0  SYNCS.PHASECHK.TRANS64 P0, [R5+URZ+0x88], R3","0","0","0","0","0","0","0","0","0","-","-","-","0","0","0","0","0","0","0","0","0","0","0","0","0","0","0","0","0","0","0","0","0","0","0","0","0","0","0","0","0","0","0","0","0","0","0","0","0","0","0"
"0x7a6e0b9ae4a0","@!P0  BRA 0x7a6e0b9ae470","0","0","0","0","0","0","0","0","0","-","-","-","0","0","0","0","0","0","0","0","0","0","0","0","0","0","0","0","0","0","0","0","0","0","0","0","0","0","0","0","0","0","0","0","0","0","0","0","0","0","0"
"0x7a6e0b9ae4b0","      BRA 0x7a6e0b9ac5f0","0","0","0","0","0","0","0","0","0","-","-","-","0","0","0","0","0","0","0","0","0","0","0","0","0","0","0","0","0","0","0","0","0","0","0","0","0","0","0","0","0","0","0","0","0","0","0","0","0","0","0"
"0x7a6e0b9ae4c0","      MOV R2, UR6","0","0","0","0","0","0","0","0","0","-","-","-","0","0","0","0","0","0","0","0","0","0","0","0","0","0","0","0","0","0","0","0","0","0","0","0","0","0","0","0","0","0","0","0","0","0","0","0","0","0","0"
"0x7a6e0b9ae4d0","      MOV R3, UR6","0","0","0","0","0","0","0","0","0","-","-","-","0","0","0","0","0","0","0","0","0","0","0","0","0","0","0","0","0","0","0","0","0","0","0","0","0","0","0","0","0","0","0","0","0","0","0","0","0","0","0"
"0x7a6e0b9ae4e0","      MOV R4, UR5","0","0","0","0","0","0","0","0","0","-","-","-","0","0","0","0","0","0","0","0","0","0","0","0","0","0","0","0","0","0","0","0","0","0","0","0","0","0","0","0","0","0","0","0","0","0","0","0","0","0","0"
"0x7a6e0b9ae4f0","      SYNCS.PHASECHK.TRANS64.TRYWAIT P0, [R4+URZ+0xc8], R3","0","0","0","0","0","0","0","0","0","-","-","-","0","0","0","0","0","0","0","0","0","0","0","0","0","0","0","0","0","0","0","0","0","0","0","0","0","0","0","0","0","0","0","0","0","0","0","0","0","0","0"
"0x7a6e0b9ae500","@!P0  NANOSLEEP.SYNCS 0x989680","0","0","0","0","0","0","0","0","0","-","-","-","0","0","0","0","0","0","0","0","0","0","0","0","0","0","0","0","0","0","0","0","0","0","0","0","0","0","0","0","0","0","0","0","0","0","0","0","0","0","0"
"0x7a6e0b9ae510","@!P0  SYNCS.PHASECHK.TRANS64 P0, [R4+URZ+0xc8], R3","0","0","0","0","0","0","0","0","0","-","-","-","0","0","0","0","0","0","0","0","0","0","0","0","0","0","0","0","0","0","0","0","0","0","0","0","0","0","0","0","0","0","0","0","0","0","0","0","0","0","0"
"0x7a6e0b9ae520","@!P0  BRA 0x7a6e0b9ae4f0","0","0","0","0","0","0","0","0","0","-","-","-","0","0","0","0","0","0","0","0","0","0","0","0","0","0","0","0","0","0","0","0","0","0","0","0","0","0","0","0","0","0","0","0","0","0","0","0","0","0","0"
"0x7a6e0b9ae530","      BRA 0x7a6e0b9ac640","0","0","0","0","0","0","0","0","0","-","-","-","0","0","0","0","0","0","0","0","0","0","0","0","0","0","0","0","0","0","0","0","0","0","0","0","0","0","0","0","0","0","0","0","0","0","0","0","0","0","0"
"0x7a6e0b9ae540","      BPT.TRAP 0x1","0","0","0","0","0","0","0","0","0","-","-","-","0","0","0","0","0","0","0","0","0","0","0","0","0","0","0","0","0","0","0","0","0","0","0","0","0","0","0","0","0","0","0","0","0","0","0","0","0","0","0"
"0x7a6e0b9ae550","      HFMA2 R3, -RZ, RZ, 0, 0","0","0","0","0","0","0","0","0","0","-","-","-","0","0","0","0","0","0","0","0","0","0","0","0","0","0","0","0","0","0","0","0","0","0","0","0","0","0","0","0","0","0","0","0","0","0","0","0","0","0","0"
"0x7a6e0b9ae560","      RET.REL.NODEC R2, 0x7a6e0b9a1600","0","0","0","0","0","0","0","0","0","-","-","-","0","0","0","0","0","0","0","0","0","0","0","0","0","0","0","0","0","0","0","0","0","0","0","0","0","0","0","0","0","0","0","0","0","0","0","0","0","0","0"
"0x7a6e0b9ae570","      BPT.TRAP 0x1","0","0","0","0","0","0","0","0","0","-","-","-","0","0","0","0","0","0","0","0","0","0","0","0","0","0","0","0","0","0","0","0","0","0","0","0","0","0","0","0","0","0","0","0","0","0","0","0","0","0","0"
"0x7a6e0b9ae580","      MOV R3, 0x0","0","0","0","0","0","0","0","0","0","-","-","-","0","0","0","0","0","0","0","0","0","0","0","0","0","0","0","0","0","0","0","0","0","0","0","0","0","0","0","0","0","0","0","0","0","0","0","0","0","0","0"
"0x7a6e0b9ae590","      RET.REL.NODEC R2, 0x7a6e0b9a1600","0","0","0","0","0","0","0","0","0","-","-","-","0","0","0","0","0","0","0","0","0","0","0","0","0","0","0","0","0","0","0","0","0","0","0","0","0","0","0","0","0","0","0","0","0","0","0","0","0","0","0"
"0x7a6e0b9ae5a0","      BPT.TRAP 0x1","0","0","0","0","0","0","0","0","0","-","-","-","0","0","0","0","0","0","0","0","0","0","0","0","0","0","0","0","0","0","0","0","0","0","0","0","0","0","0","0","0","0","0","0","0","0","0","0","0","0","0"
"0x7a6e0b9ae5b0","      HFMA2 R3, -RZ, RZ, 0, 0","0","0","0","0","0","0","0","0","0","-","-","-","0","0","0","0","0","0","0","0","0","0","0","0","0","0","0","0","0","0","0","0","0","0","0","0","0","0","0","0","0","0","0","0","0","0","0","0","0","0","0"
"0x7a6e0b9ae5c0","      RET.REL.NODEC R2, 0x7a6e0b9a1600","0","0","0","0","0","0","0","0","0","-","-","-","0","0","0","0","0","0","0","0","0","0","0","0","0","0","0","0","0","0","0","0","0","0","0","0","0","0","0","0","0","0","0","0","0","0","0","0","0","0","0"
"0x7a6e0b9ae5d0","      BRA 0x7a6e0b9ae5d0","0","0","0","0","0","0","0","0","0","-","-","-","0","0","0","0","0","0","0","0","0","0","0","0","0","0","0","0","0","0","0","0","0","0","0","0","0","0","0","0","0","0","0","0","0","0","0","0","0","0","0"
"0x7a6e0b9ae5e0","      NOP","0","0","0","0","0","0","0","0","0","-","-","-","0","0","0","0","0","0","0","0","0","0","0","0","0","0","0","0","0","0","0","0","0","0","0","0","0","0","0","0","0","0","0","0","0","0","0","0","0","0","0"
"0x7a6e0b9ae5f0","      NOP","0","0","0","0","0","0","0","0","0","-","-","-","0","0","0","0","0","0","0","0","0","0","0","0","0","0","0","0","0","0","0","0","0","0","0","0","0","0","0","0","0","0","0","0","0","0","0","0","0","0","0"
"0x7a6e0b9ae600","      NOP","0","0","0","0","0","0","0","0","0","-","-","-","0","0","0","0","0","0","0","0","0","0","0","0","0","0","0","0","0","0","0","0","0","0","0","0","0","0","0","0","0","0","0","0","0","0","0","0","0","0","0"
"0x7a6e0b9ae610","      NOP","0","0","0","0","0","0","0","0","0","-","-","-","0","0","0","0","0","0","0","0","0","0","0","0","0","0","0","0","0","0","0","0","0","0","0","0","0","0","0","0","0","0","0","0","0","0","0","0","0","0","0"
"0x7a6e0b9ae620","      NOP","0","0","0","0","0","0","0","0","0","-","-","-","0","0","0","0","0","0","0","0","0","0","0","0","0","0","0","0","0","0","0","0","0","0","0","0","0","0","0","0","0","0","0","0","0","0","0","0","0","0","0"
"0x7a6e0b9ae630","      NOP","0","0","0","0","0","0","0","0","0","-","-","-","0","0","0","0","0","0","0","0","0","0","0","0","0","0","0","0","0","0","0","0","0","0","0","0","0","0","0","0","0","0","0","0","0","0","0","0","0","0","0"
"0x7a6e0b9ae640","      NOP","0","0","0","0","0","0","0","0","0","-","-","-","0","0","0","0","0","0","0","0","0","0","0","0","0","0","0","0","0","0","0","0","0","0","0","0","0","0","0","0","0","0","0","0","0","0","0","0","0","0","0"
"0x7a6e0b9ae650","      NOP","0","0","0","0","0","0","0","0","0","-","-","-","0","0","0","0","0","0","0","0","0","0","0","0","0","0","0","0","0","0","0","0","0","0","0","0","0","0","0","0","0","0","0","0","0","0","0","0","0","0","0"
"0x7a6e0b9ae660","      NOP","0","0","0","0","0","0","0","0","0","-","-","-","0","0","0","0","0","0","0","0","0","0","0","0","0","0","0","0","0","0","0","0","0","0","0","0","0","0","0","0","0","0","0","0","0","0","0","0","0","0","0"
"0x7a6e0b9ae670","      NOP","0","0","0","0","0","0","0","0","0","-","-","-","0","0","0","0","0","0","0","0","0","0","0","0","0","0","0","0","0","0","0","0","0","0","0","0","0","0","0","0","0","0","0","0","0","0","0","0","0","0","0"
